"datetime","GLMAED_Chla_ugL","Chla_ugL_mean","Chla_residuals_ugL","AirTemp","ShortWave","LongWave","RelHum","WindSpeed","Rain","Snow","INFLOW","TEMP","SALT","OXY_oxy","CAR_dic","CAR_pH","CAR_ch4","SIL_rsi","NIT_amm","NIT_nit","PHS_frp","PHS_frp_ads","OGM_doc","OGM_poc","OGM_don","OGM_pon","OGM_dop","OGM_pop","OGM_docr","OGM_donr","OGM_dopr","OGM_cpom"
2018-08-06,0.565830951947908,3.72088235294118,-3.15505140099327,25.4166666666667,250.939166666667,400.76375,86.00375,2.215,0.000254166666666667,0,5e-04,20.6053,0,264.0212,83.7856,6.88,0.0284,120.9013,0.3326,3.0484,0.2422,0.0484,17.4854,25.3539,2.7319,5.4639,0.0115,0.269,236.0533,24.5875,0.1037,25.3539
2018-08-07,0.59914589193896,4.01256944444444,-3.41342355250548,26.4829166666667,234.447916666667,412.43125,81.5495833333333,2.27291666666667,0,0,4e-04,20.7693,0,263.1676,83.7856,6.88,0.0288,120.9013,0.3484,3.0369,0.2347,0.0469,17.3665,25.1814,2.488,4.9759,0.0126,0.2949,234.4475,22.3916,0.1137,25.1814
2018-08-08,0.689292771823695,6.26743055555556,-5.57813778373187,26.39375,222.63,410.450833333333,76.90125,2.18958333333333,0,0,3e-04,20.8129,0,262.9413,83.7856,6.88,0.0293,120.9013,0.3643,3.0253,0.2271,0.0454,17.2475,25.0089,2.244,4.488,0.0137,0.3208,232.8417,20.1958,0.1237,25.0089
2018-08-09,0.710581568141382,8.28416666666667,-7.57358509852529,26.3345833333333,285.315833333333,402.20125,70.7254166666667,2.69583333333333,0,0,2e-04,20.7037,0,263.508,83.7856,6.88,0.0298,120.9013,0.3801,3.0138,0.2196,0.0439,17.1286,24.8364,2,4,0.0149,0.3468,231.2359,18,0.1337,24.8364
2018-08-10,0.786336305124165,10.8916666666667,-10.1053303615425,25.1704166666667,266.228333333333,386.662083333333,78.5266666666667,2.42875,0,0,1e-04,20.3511,0,265.3535,83.7856,6.88,0.0303,120.9013,0.3959,3.0023,0.2121,0.0424,17.0096,24.664,1.756,3.512,0.016,0.3727,229.6301,15.8041,0.1437,24.664
2018-08-11,0.843129109299952,13.5690972222222,-12.7259681129222,25.1995833333333,203.055,434.989166666667,85.8675,1.52083333333333,0.0020325,0,2e-04,20.5214,0,264.4598,83.7856,6.88,0.0308,120.9013,0.4118,2.9908,0.2046,0.0409,16.8907,24.4915,1.512,3.0241,0.0171,0.3986,228.0243,13.6083,0.1538,24.4915
2018-08-12,1.13661461419735,15.0504166666667,-13.9138020524694,22.8333333333333,133.506666666667,420.91125,93.8879166666667,1.67458333333333,0.00228583333333333,0,3e-04,19.9786,0,267.3282,83.7856,6.88,0.0312,120.9013,0.4276,2.9793,0.1971,0.0394,16.7717,24.319,1.268,2.5361,0.0182,0.4245,226.4185,11.4124,0.1638,24.319
2018-08-13,1.03274346726286,14.0699305555556,-13.0371870882927,22.4054166666667,209.647916666667,394.4325,88.4458333333333,1.7975,0.00152416666666667,0,3e-04,19.342,0,270.7645,83.7856,6.88,0.0317,120.9013,0.4435,2.9677,0.1895,0.0379,16.6528,24.1465,1.0241,2.0481,0.0193,0.4505,224.8127,9.2166,0.1738,24.1465
2018-08-14,1.13746805422008,10.9804861111111,-9.84301805689102,23.5875,244.059583333333,377.54125,81.95625,2.00125,0,0,3e-04,18.8419,0,273.5194,83.2415,6.88,0.0337,120.9013,0.4831,2.8594,0.194,0.0388,17.4854,25.3539,1.1726,2.3453,0.0172,0.4005,236.0533,10.5538,0.1545,25.3539
2018-08-15,1.11886043271568,8.18104166666667,-7.06218123395099,24.2670833333333,238.980416666667,378.670416666667,83.0458333333333,2.57333333333333,0,0,3e-04,19.1279,0,271.9377,82.6975,6.88,0.0356,120.9013,0.5226,2.7512,0.1986,0.0397,18.3181,26.5612,1.3212,2.6425,0.015,0.3505,247.2939,11.8911,0.1352,26.5612
2018-08-16,1.30135352279615,7.14875,-5.84739647720385,25.3270833333333,243.702083333333,400.957083333333,83.3675,1.5575,0,0,3e-04,20.1199,0,266.5763,82.1534,6.88,0.0376,120.9013,0.5622,2.6429,0.2031,0.0406,19.1507,27.7685,1.4698,2.9396,0.0129,0.3005,258.5346,13.2283,0.1159,27.7685
2018-08-17,1.37111520826882,6.14347222222222,-4.7723570139534,26.45375,240.960416666667,411.205416666667,84.3675,1.56583333333333,0,0,4e-04,20.9016,0,262.4827,81.6093,6.88,0.0396,120.9013,0.6018,2.5346,0.2076,0.0415,19.9833,28.9759,1.6184,3.2368,0.0107,0.2506,269.7752,14.5656,0.0966,28.9759
2018-08-18,1.5538053848273,6.31229166666667,-4.75848628183937,24.605,90.27125,418.462083333333,89.3704166666667,1.53208333333333,0.02286,0,4e-04,20.4159,0,265.0127,81.0653,6.88,0.0415,120.9013,0.6414,2.4263,0.2121,0.0424,20.816,30.1832,1.767,3.534,0.0086,0.2006,281.0158,15.9028,0.0774,30.1832
2018-08-19,1.64843771042119,7.77319444444444,-6.12475673402325,24.5745833333333,170.045,419.728333333333,90.97,1.54583333333333,0.01143,0,4e-04,20.2051,0,266.1246,80.5212,6.88,0.0435,120.9013,0.681,2.318,0.2166,0.0433,21.6486,31.3905,1.9156,3.8311,0.0065,0.1506,292.2565,17.24,0.0581,31.3905
2018-08-20,1.90186395422957,8.14709401709402,-6.24523006286445,22.3516666666667,85.3933333333333,434.562083333333,94.43,1.35833333333333,0,0,0,20.0171,0,267.1233,79.9771,6.88,0.0454,120.9013,0.7206,2.2097,0.2211,0.0442,22.4813,32.5978,2.0641,4.1283,0.0043,0.1006,303.4971,18.5773,0.0388,32.5978
2018-08-21,2.05462392375677,8.6656968482906,-6.61107292453383,23.835,92.0779166666667,443.95625,96.95625,1.2425,0.0129541666666667,0,0.0034,20.1554,0,266.3879,80.5212,6.88,0.0474,120.9013,0.6573,2.318,0.2211,0.0442,21.4107,31.0456,1.8481,3.6961,0.0055,0.129,289.0448,16.6326,0.0498,31.0456
2018-08-22,2.52615292595761,9.18429967948718,-6.65814675352957,24.2441666666667,222.179166666667,407.930833333333,82.86125,2.15416666666667,0.000508333333333333,0,0.001,19.8074,0,268.2448,81.0653,6.88,0.0493,120.9013,0.5939,2.4263,0.2211,0.0442,20.3402,29.4933,1.632,3.264,0.0067,0.1575,274.5926,14.6879,0.0607,29.4933
2018-08-23,2.68950888113913,9.70290251068376,-7.01339362954463,20.52875,273.794583333333,342.307916666667,66.7879166666667,3.20708333333333,0,0,9e-04,17.6037,0,280.5598,81.6093,6.88,0.0513,120.9013,0.5306,2.5346,0.2211,0.0442,19.2697,27.941,1.4159,2.8318,0.008,0.1859,260.1404,12.7432,0.0717,27.941
2018-08-24,3.27315209736474,10.2215053418803,-6.94835324451556,19.8933333333333,263.143333333333,340.020416666667,81.3395833333333,1.86416666666667,0,0,8e-04,16.7926,0,285.35,82.1534,6.88,0.0533,120.9013,0.4672,2.6429,0.2211,0.0442,18.1991,26.3887,1.1998,2.3997,0.0092,0.2143,245.6881,10.7986,0.0827,26.3887
2018-08-25,3.39979918856136,10.7401081730769,-7.34030898451554,20.3670833333333,235.553333333333,361.4775,83.4829166666667,1.25458333333333,0,0,7e-04,17.4013,0,281.7421,82.6975,6.88,0.0552,120.9013,0.4039,2.7512,0.2211,0.0442,17.1286,24.8364,0.9838,1.9675,0.0104,0.2427,231.2359,8.8539,0.0936,24.8364
2018-08-26,4.04863015968948,11.2587110042735,-7.21008084458402,21.9420833333333,179.056666666667,391.438333333333,89.2941666666667,1.51375,0.00101583333333333,0,6e-04,18.3745,0,276.1397,83.2415,6.88,0.0572,120.9013,0.3405,2.8594,0.2211,0.0442,16.058,23.2842,0.7677,1.5354,0.0116,0.2711,216.7836,6.9092,0.1046,23.2842
2018-08-27,4.37779013921521,11.7773138354701,-7.39952369625489,26.3775,205.737083333333,406.8175,86.36625,1.91583333333333,0,0,4e-04,19.894,0,267.7808,83.7856,6.88,0.0591,120.9013,0.2772,2.9677,0.2211,0.0442,14.9875,21.7319,0.5516,1.1032,0.0128,0.2995,202.3314,4.9645,0.1155,21.7319
2018-08-28,5.19722136881458,12.2959166666667,-7.09869529785213,26.2958333333333,220.825833333333,413.015,84.2029166666667,1.70083333333333,0,0,3e-04,20.4571,0,264.7966,84.0576,6.88,0.0591,120.9013,0.3009,2.9608,0.2241,0.0448,15.2254,22.0768,0.6489,1.2977,0.0133,0.3113,205.543,5.8397,0.1201,22.0768
2018-08-29,5.66716066590882,10.7692307622378,-5.10207009632898,25.7791666666667,233.42,403.405416666667,84.6891666666667,1.70416666666667,0,0,2e-04,20.7294,0,263.3748,84.3296,6.88,0.059,120.9013,0.3247,2.9539,0.2271,0.0454,15.4633,22.4218,0.7461,1.4922,0.0138,0.3231,208.7546,6.7148,0.1246,22.4218
2018-08-30,6.73951734426715,9.4954225,-2.75590515573285,26.8154166666667,183.9475,417.765416666667,87.3033333333333,1.90458333333333,0.0139704166666667,0,1e-04,20.859,0,262.7029,84.6017,6.88,0.059,120.9013,0.3484,2.947,0.2301,0.046,15.7012,22.7667,0.8433,1.6866,0.0144,0.3349,211.9662,7.5899,0.1292,22.7667
2018-08-31,7.33506434232644,8.87354170138889,-1.53847735906245,23.855,194.1825,414.064166666667,92.6625,1.39583333333333,0.00127,0,0,20.4385,0,264.8939,84.8737,6.88,0.0589,120.9013,0.3722,2.9401,0.2332,0.0466,15.9391,23.1117,0.9406,1.8811,0.0149,0.3466,215.1778,8.465,0.1337,23.1117
2018-09-01,8.65059730971826,8.12755246153846,0.523044848179802,24.0220833333333,166.061666666667,412.1675,90.5320833333333,1.45208333333333,0.000762083333333333,0,0.0014,20.2294,0,265.9962,85.1457,6.88,0.0589,120.9013,0.3959,2.9332,0.2362,0.0472,16.177,23.4566,1.0378,2.0756,0.0154,0.3584,218.3894,9.3401,0.1382,23.4566
2018-09-02,9.40413767086567,7.29020834027778,2.11392933058789,24.4745833333333,224.79,405.740833333333,89.5316666666667,1.40958333333333,0,0,0.0029,20.0738,0,266.8216,85.4178,6.88,0.0588,120.9013,0.4197,2.9263,0.2392,0.0478,16.4149,23.8016,1.135,2.2701,0.0159,0.3702,221.601,10.2153,0.1428,23.8016
2018-09-03,10.9579871704307,5.83804195804196,5.1199452123887,25.4508333333333,255.649583333333,405.01875,83.7116666666667,1.62041666666667,0,0,0.0043,20.878,0,262.6043,85.6898,6.88,0.0588,120.9013,0.4435,2.9194,0.2422,0.0484,16.6528,24.1465,1.2323,2.4645,0.0164,0.382,224.8127,11.0904,0.1473,24.1465
2018-09-04,11.7071263636476,4.06104166666667,7.64608469698088,24.4104166666667,194.8425,408.73875,85.68875,1.8725,0,0,0.0057,21.1414,0,261.2492,82.9695,6.88,0.0543,120.9013,0.4355,2.6175,0.2362,0.0472,18.7939,27.2511,1.3858,2.7716,0.0206,0.4811,253.7171,12.4722,0.1856,27.2511
2018-09-05,13.1383478478947,3.78377622377622,9.3545716241185,24.7341666666667,185.664583333333,412.154166666667,84.5295833333333,1.53916666666667,0,0,0.0071,21.3186,0,260.3437,80.2492,6.88,0.0498,120.9013,0.4276,2.3157,0.2301,0.046,20.9349,30.3557,1.5393,3.0787,0.0249,0.5803,282.6216,13.854,0.2238,30.3557
2018-09-06,13.8791560339364,3.19958333333333,10.6795727006031,23.83125,208.478333333333,397.714583333333,84.305,1.59583333333333,0,0,0.0086,21.0001,0,261.9745,77.5289,6.88,0.0453,120.9013,0.4197,2.0138,0.2241,0.0448,23.076,33.4602,1.6929,3.3857,0.0291,0.6794,311.5261,15.2358,0.2621,33.4602
2018-09-07,15.0981134415473,3.19743055555556,11.9006828859918,24.0304166666667,221.062916666667,402.946666666667,87.7104166666667,1.95291666666667,0,0,0.01,20.9949,0,262.0013,74.8086,6.88,0.0408,120.9013,0.4118,1.712,0.2181,0.0436,25.2171,36.5648,1.8464,3.6928,0.0334,0.7785,340.4306,16.6176,0.3003,36.5648
2018-09-08,15.0014050404027,3.52298611111111,11.4784189292916,22.9733333333333,147.767916666667,417.70625,88.9995833333333,1.70083333333333,0.0200658333333333,0,0.0114,20.3949,0,265.1233,72.0882,6.88,0.0363,120.9013,0.4039,1.4101,0.2121,0.0424,27.3582,39.6693,1.9999,3.9999,0.0376,0.8777,369.3351,17.9994,0.3385,39.6693
2018-09-09,15.2938680455868,4.84326388888889,10.4506041566979,16.4904166666667,50.52125,414.148333333333,98.2933333333333,1.35625,0.0487675,0,0.0129,17.7125,0,279.9285,69.3679,6.88,0.0318,120.9013,0.3959,1.1083,0.2061,0.0412,29.4992,42.7739,2.1535,4.3069,0.0419,0.9768,398.2396,19.3813,0.3768,42.7739
2018-09-10,14.7365976895102,8.23035211971831,6.50624556979187,16.8008333333333,62.60625,415.444583333333,99.30125,1.11666666666667,0.0139391666666667,0,0.0051,17.5035,0,281.1437,66.6476,6.88,0.0273,120.9013,0.388,0.8065,0.2001,0.04,31.6403,45.8784,2.307,4.614,0.0461,1.076,427.144,20.7631,0.415,45.8784
2018-09-11,14.5411417095371,9.30916663888889,5.2319750706482,20.4945833333333,98.07625,425.685833333333,97.2675,0.994166666666667,0,0,9e-04,18.583,0,274.9651,62.5672,6.88,0.0586,120.9013,0.4197,0.7235,0.1925,0.0385,31.9971,46.3959,2.149,4.2979,0.039,0.9111,431.9615,19.3406,0.3514,46.3959
2018-09-12,13.9706205180081,8.02804191608392,5.9425786019242,21.91375,109.32625,432.045833333333,95.8404166666667,1.18458333333333,0.0101604166666667,0,0.0018,19.2539,0,271.2459,58.4867,6.88,0.0899,120.9013,0.4514,0.6406,0.185,0.037,32.354,46.9133,1.9909,3.9818,0.032,0.7462,436.7789,17.918,0.2878,46.9133
2018-09-13,13.8524064308112,7.57416665972222,6.27823977108893,23.1416666666667,179.292916666667,419.00125,88.4895833333333,1.89916666666667,0.000254166666666667,0,6e-04,19.8064,0,268.2504,54.4062,6.88,0.1212,120.9013,0.4831,0.5576,0.1775,0.0355,32.7108,47.4307,1.8328,3.6657,0.0249,0.5813,441.5963,16.4955,0.2242,47.4307
2018-09-14,13.6450432626099,8.07818181818182,5.56686144442808,22.7483333333333,83.3591666666667,433.56625,89.705,3.37208333333333,0.00101625,0,1e-04,19.9376,0,267.5474,50.3258,6.88,0.1525,120.9013,0.5147,0.4747,0.17,0.034,33.0677,47.9481,1.6748,3.3496,0.0178,0.4164,446.4137,15.073,0.1606,47.9481
2018-09-15,13.6537083977165,8.08405594405594,5.56965245366059,22.1183333333333,88.7816666666667,432.358333333333,88.7220833333333,3.91,0.00355625,0,2e-04,19.7969,0,268.3013,46.2453,6.88,0.1838,120.9013,0.5464,0.3917,0.1625,0.0325,33.4245,48.4656,1.5167,3.0334,0.0108,0.2515,451.2311,13.6505,0.097,48.4656
2018-09-16,13.5230984455492,8.69375885815603,4.82933958739319,21.0983333333333,40.4491666666667,430.17875,92.3266666666667,4.06875,0.02082875,0,0.0062,19.4183,0,270.3483,42.1648,6.88,0.2151,120.9013,0.5781,0.3088,0.1549,0.031,33.7814,48.983,1.3587,2.7173,0.0037,0.0866,456.0485,12.228,0.0334,48.983
2018-09-17,13.5169321214105,9.52753521126761,3.98939691014291,22.6741666666667,110.180416666667,436.325833333333,92.0895833333333,3.02708333333333,0.0368295833333333,0,0.0458,19.4534,0,270.1573,38.0844,6.88,0.2464,120.9013,0.6098,0.2258,0.1474,0.0295,34.1382,49.5004,1.2006,2.4012,-0.0034,-0.0783,460.8659,10.8055,-0.0302,49.5004
2018-09-18,13.364904395979,10.0410638439716,3.32384055200738,22.9495833333333,132.347083333333,420.417916666667,80.7466666666667,2.30625,0.000254166666666667,0,0.0076,19.3919,0,270.4924,41.8928,6.88,0.2166,120.9013,0.5781,0.2488,0.1549,0.031,32.1161,46.5683,1.1494,2.2987,1e-04,0.0033,433.5673,10.3443,0.0013,46.5683
2018-09-19,13.3312304419342,9.81678569285714,3.51444474907708,22.4975,227.150416666667,375.000416666667,81.5966666666667,3.26458333333333,0,0,0.0021,19.3207,0,270.8806,45.7012,6.88,0.1868,120.9013,0.5464,0.2719,0.1625,0.0325,30.094,43.6363,1.0981,2.1963,0.0036,0.0849,406.2686,9.8832,0.0327,43.6363
2018-09-20,13.1940563915651,8.71167878832117,4.48237760324394,23.5404166666667,185.199583333333,398.005416666667,88.31375,1.61958333333333,0,0,8e-04,19.7715,0,268.4379,49.5097,6.88,0.1569,120.9013,0.5147,0.2949,0.17,0.034,28.0718,40.7042,1.0469,2.0938,0.0071,0.1665,378.9699,9.4221,0.0642,40.7042
2018-09-21,13.1838851559691,8.95783216783217,4.22605298813696,24.3904166666667,183.773333333333,421.286666666667,86.6429166666667,1.64166666666667,0,0,3e-04,20.3685,0,265.2619,53.3181,6.88,0.1271,120.9013,0.4831,0.318,0.1775,0.0355,26.0497,37.7721,0.9957,1.9913,0.0106,0.248,351.6712,8.961,0.0957,37.7721
2018-09-22,13.0605604772268,5.27958041258741,7.7809800646394,23.3666666666667,134.28875,408.034583333333,87.7420833333333,1.59375,0.0449583333333333,0,0.0118,19.9583,0,267.4366,57.1265,6.88,0.0973,120.9013,0.4514,0.341,0.185,0.037,24.0276,34.84,0.9444,1.8889,0.0141,0.3296,324.3725,8.4998,0.1271,34.84
2018-09-23,13.032897534985,6.169861125,6.86303640998503,18.38875,46.3575,418.6225,98.61625,1.29791666666667,0.04038625,0,0.0572,17.8719,0,279.0078,60.935,6.88,0.0674,120.9013,0.4197,0.3641,0.1925,0.0385,22.0055,31.9079,0.8932,1.7864,0.0176,0.4112,297.0739,8.0387,0.1586,31.9079
2018-09-24,12.8721942156772,6.12176677958777,6.75042743608944,16.8291666666667,35.6216666666667,410.463333333333,98.8745833333333,1.53708333333333,0,0,0.0119,17.0839,0,283.6133,64.7434,6.88,0.0376,120.9013,0.388,0.3871,0.2001,0.04,19.9833,28.9759,0.842,1.6839,0.0211,0.4928,269.7752,7.5776,0.1901,28.9759
2018-09-25,12.7844147222539,6.07367243417553,6.71074228807838,20.0691666666667,83.7216666666667,421.927083333333,97.775,1.02041666666667,0.00177875,0,0.0057,17.7933,0,279.4609,66.9197,6.88,0.0365,120.9013,0.3801,0.3687,0.194,0.0388,19.7455,28.6309,0.8875,1.775,0.0193,0.4505,266.5636,7.9877,0.1738,28.6309
2018-09-26,12.2639306663157,6.0255780887633,6.23835257755244,22.0095833333333,146.327083333333,397.015833333333,92.1570833333333,1.21666666666667,0.000254166666666667,0,0.004,18.4411,0,275.7633,69.0959,6.88,0.0353,120.9013,0.3722,0.3502,0.188,0.0376,19.5076,28.286,0.9331,1.8662,0.0175,0.4083,263.352,8.3977,0.1575,28.286
2018-09-27,12.2112052304438,5.97748374335106,6.23372148709272,19.1279166666667,39.9270833333333,412.417916666667,97.4329166666667,1.79958333333333,0.0137158333333333,0,0.0089,17.4148,0,281.6628,71.2722,6.88,0.0342,120.9013,0.3643,0.3318,0.182,0.0364,19.2697,27.941,0.9786,1.9573,0.0157,0.366,260.1404,8.8078,0.1412,27.941
2018-09-28,11.3276183198876,5.92938939793883,5.39822892194879,18.6458333333333,206.268333333333,382.695,89.0675,2.37375,0.00787458333333333,0,0.0153,16.9674,0,284.3055,73.4484,6.88,0.0331,120.9013,0.3564,0.3134,0.176,0.0352,19.0318,27.5961,1.0242,2.0484,0.0139,0.3237,256.9287,9.2179,0.1249,27.5961
2018-09-29,11.1823624869029,5.8812950525266,5.30106743437632,18.7391666666667,182.924166666667,355.645,88.5725,2.61791666666667,0,0,0.0114,17.0597,0,283.7567,75.6247,6.88,0.032,120.9013,0.3484,0.2949,0.17,0.034,18.7939,27.2511,1.0698,2.1395,0.0121,0.2814,253.7171,9.6279,0.1085,27.2511
2018-09-30,7.30057185705012,5.83320070711436,1.46737114993576,17.9908333333333,79.6216666666667,386.393333333333,96.7983333333333,1.45875,0,0,0.0082,17.1249,0,283.3701,77.8009,6.88,0.0309,120.9013,0.3405,0.2765,0.164,0.0328,18.556,26.9061,1.1153,2.2307,0.0102,0.2391,250.5055,10.038,0.0922,26.9061
2018-10-01,8.68233786837257,5.78510636170213,2.89723150667044,20.9245833333333,188.4225,391.137083333333,88.96625,0.928333333333333,0,0,0.007,18.0508,0,277.9805,79.9771,6.88,0.0297,120.9013,0.3326,0.2581,0.1579,0.0316,18.3181,26.5612,1.1609,2.3218,0.0084,0.1968,247.2939,10.4481,0.0759,26.5612
2018-10-02,5.97099840727361,5.58500000694444,0.385998400329171,21.2704166666667,138.976666666667,390.4625,90.8604166666667,1.23916666666667,0,0,0.0061,18.4365,0,275.7897,81.0653,6.88,0.0286,120.9013,0.3088,0.235,0.167,0.0334,17.9612,26.0438,1.1699,2.3398,0.007,0.1634,242.4765,10.5291,0.063,26.0438
2018-10-03,7.72407150252516,4.5420979020979,3.18197360042726,22.47625,163.632083333333,386.855416666667,84.5179166666667,2.06791666666667,0,0,0.0052,18.8076,0,273.7101,82.1534,6.88,0.0275,120.9013,0.2851,0.212,0.176,0.0352,17.6044,25.5263,1.1789,2.3578,0.0056,0.13,237.6591,10.6101,0.0501,25.5263
2018-10-04,8.56229837708478,4.17867132867133,4.38362704841345,23.1179166666667,206.09375,389.71,82.35625,2.035,0,0,0.004,19.2016,0,271.533,83.2415,6.88,0.0264,120.9013,0.2613,0.1889,0.185,0.037,17.2475,25.0089,1.1879,2.3758,0.0041,0.0965,232.8417,10.6911,0.0372,25.0089
2018-10-05,9.92780118463811,4.724375,5.20342618463811,23.2033333333333,108.685833333333,411.10375,85.7066666666667,2.1775,0,0,0.0026,19.3959,0,270.4703,84.3296,6.88,0.0253,120.9013,0.2376,0.1659,0.194,0.0388,16.8907,24.4915,1.1969,2.3938,0.0027,0.0631,228.0243,10.7721,0.0243,24.4915
2018-10-06,10.5404974647621,6.5800694375,3.96042802726213,21.09875,62.9641666666667,430.65625,95.9129166666667,1.32125,0,0,0.002,19.1726,0,271.692,85.4178,6.88,0.0241,120.9013,0.2138,0.1429,0.2031,0.0406,16.5338,23.9741,1.2059,2.4118,0.0013,0.0296,223.2069,10.8532,0.0114,23.9741
2018-10-07,11.2242122168298,5.781875,5.44233721682985,22.8970833333333,151.167083333333,412.192916666667,91.7858333333333,1.02791666666667,0,0,0.0018,19.3829,0,270.5412,86.5059,6.88,0.023,120.9013,0.1901,0.1198,0.2121,0.0424,16.177,23.4566,1.2149,2.4298,-2e-04,-0.0038,218.3894,10.9342,-0.0015,23.4566
2018-10-08,11.5954321140841,4.88013986013986,6.71529225394429,22.7,146.697083333333,404.26125,90.9479166666667,1.41958333333333,0,0,0.0011,19.5433,0,269.6697,87.594,6.88,0.0219,120.9013,0.1663,0.0968,0.2211,0.0442,15.8201,22.9392,1.2239,2.4478,-0.0016,-0.0373,213.572,11.0152,-0.0144,22.9392
2018-10-09,12.1919261616206,4.9588811048951,7.23304505672551,21.3504166666667,87.8783333333333,426.227916666667,90.8808333333333,1.40583333333333,0.00533416666666667,0,0.0014,19.2756,0,271.1272,84.6017,6.88,0.0208,120.9013,0.4276,0.0945,0.2046,0.0409,17.9612,26.0438,1.2189,2.4378,9e-04,0.0218,242.4765,10.9702,0.0084,26.0438
2018-10-10,12.2418570366808,5.80461539160839,6.43724164507242,20.5391666666667,22.5958333333333,433.64625,98.9204166666667,1.82291666666667,0.00711291666666667,0,0.004,19.1556,0,271.7853,81.6093,6.88,0.0196,120.9013,0.6889,0.0922,0.188,0.0376,20.1023,29.1483,1.2139,2.4278,0.0035,0.0808,271.381,10.9251,0.0312,29.1483
2018-10-11,12.4302131990656,5.26909722222222,7.16111597684341,21.0858333333333,11.2833333333333,432.965,97.015,3.92833333333333,0.08382125,0,0.1136,18.9656,0,272.8331,78.617,6.88,0.0185,120.9013,0.9503,0.0899,0.1715,0.0343,22.2434,32.2529,1.2089,2.4178,0.006,0.1399,300.2855,10.8801,0.054,32.2529
2018-10-12,12.3547418471501,3.84125,8.51349184715007,13.98625,200.452916666667,303.524583333333,60.4429166666667,6.84625,0,0,0.0969,16.9415,0,284.46,75.6247,6.88,0.0174,120.9013,1.2116,0.0876,0.1549,0.031,24.3844,35.3574,1.2039,2.4078,0.0085,0.1989,329.19,10.8351,0.0767,35.3574
2018-10-13,12.3297255407003,3.38902097902098,8.94070456167935,11.0679166666667,185.612083333333,327.813333333333,74.14375,2.86291666666667,0.000254166666666667,0,0.0749,16.4127,0,287.6441,72.6323,6.88,0.0163,120.9013,1.4729,0.0853,0.1384,0.0277,26.5255,38.462,1.1989,2.3978,0.0111,0.258,358.0944,10.79,0.0995,38.462
2018-10-14,12.0903949814309,3.82055944055944,8.26983554087144,9.14083333333333,49.60125,348.065833333333,87.4625,1.35791666666667,0.00152416666666667,0,0.0714,15.8681,0,290.9906,69.64,6.88,0.0152,120.9013,1.7342,0.0829,0.1218,0.0244,28.6666,41.5666,1.1939,2.3878,0.0136,0.317,386.9989,10.745,0.1223,41.5666
2018-10-15,11.9083909486691,2.5365034965035,9.37188745216562,16.2620833333333,109.24625,388.27375,92.9216666666667,1.18166666666667,0,0,0.0767,16.992,0,284.1588,66.6476,6.88,0.014,120.9013,1.9956,0.0806,0.1053,0.0211,30.8077,44.6711,1.1889,2.3778,0.0161,0.3761,415.9034,10.7,0.1451,44.6711
2018-10-16,11.6084597592443,3.38090909090909,8.22755066833519,17.11125,91.20375,381.587083333333,81.7095833333333,3.0425,0.00101583333333333,0,0.0793,16.8558,0,284.9714,66.3756,6.88,0.0162,120.9013,1.7422,0.1129,0.1128,0.0226,30.2129,43.8087,1.1787,2.3573,0.0159,0.3708,407.8744,10.6079,0.143,43.8087
2018-10-17,11.4335382554818,3.17464788732394,8.25889036815789,16.9420833333333,185.946666666667,348.762083333333,64.92,2.0525,0.00152416666666667,0,0.0707,15.9122,0,290.7173,66.1036,6.88,0.0183,120.9013,1.4888,0.1452,0.1203,0.0241,29.6182,42.9464,1.1684,2.3369,0.0157,0.3656,399.8454,10.5159,0.141,42.9464
2018-10-18,5.90330789660883,3.97402777777778,1.92928011883105,12.0075,185.269166666667,291.94875,56.5108333333333,3.28,0,0,0.0588,14.5205,0,299.5784,65.8315,6.88,0.0205,120.9013,1.2354,0.1774,0.1279,0.0256,29.0234,42.084,1.1582,2.3164,0.0154,0.3603,391.8163,10.4238,0.139,42.084
2018-10-19,6.7377585062542,4.02230769230769,2.71545081394651,10.3375,177,290.037916666667,81.2408333333333,2.00458333333333,0,0,0.0466,14.3988,0,300.3767,65.5595,6.88,0.0226,120.9013,0.9819,0.2097,0.1354,0.0271,28.4287,41.2216,1.148,2.296,0.0152,0.355,383.7873,10.3318,0.1369,41.2216
2018-10-20,4.87361511345678,5.895625,-1.02200988654322,15.4258333333333,82.0608333333333,361.119583333333,72.3004166666667,2.11791666666667,0,0,0.04,14.8785,0,297.2531,65.2875,6.88,0.0247,120.9013,0.7285,0.2419,0.1429,0.0286,27.8339,40.3592,1.1377,2.2755,0.015,0.3498,375.7583,10.2397,0.1349,40.3592
2018-10-21,5.83952818323764,4.5079020979021,1.33162608533554,8.87708333333333,181.95375,286.739166666667,54.0783333333333,3.56791666666667,0.0007625,0,0.033,11.8507,0,317.9927,65.0154,6.88,0.0269,120.9013,0.4751,0.2742,0.1504,0.0301,27.2392,39.4968,1.1275,2.255,0.0148,0.3445,367.7293,10.1477,0.1329,39.4968
2018-10-22,6.22172273454446,5.43475525174825,0.786967482796213,7.44041666666667,164.220416666667,272.099166666667,69.25875,1.94583333333333,0,0,0.027,11.5073,0,320.5077,64.7434,6.88,0.029,120.9013,0.2217,0.3065,0.1579,0.0316,26.6445,38.6345,1.1173,2.2346,0.0145,0.3392,359.7002,10.0556,0.1308,38.6345
2018-10-23,6.95855234922577,7.43215279861111,-0.473600449385338,12.7704166666667,170.752083333333,294.85375,56.5654166666667,2.95166666666667,0,0,0.0246,12.3811,0,314.1765,65.8315,6.88,0.0271,120.9013,0.2059,0.2972,0.1504,0.0301,26.4066,38.2895,1.0862,2.1724,0.0132,0.307,356.4886,9.776,0.1184,38.2895
2018-10-24,5.18449845588809,6.18577464084507,-1.00127618495698,9.9,172.81375,280.215833333333,60.4641666666667,2.75041666666667,0,0,0.0214,11.437,0,321.027,66.9197,6.88,0.0252,120.9013,0.1901,0.288,0.1429,0.0286,26.1687,37.9446,1.0551,2.1103,0.0118,0.2748,353.277,9.4963,0.106,37.9446
2018-10-25,6.27742590345175,5.67597223611111,0.601453667340641,6.99708333333333,120.159583333333,282.570416666667,73.77625,2.12791666666667,0,0,0.0191,10.5389,0,327.7925,68.0078,6.88,0.0233,120.9013,0.1742,0.2788,0.1354,0.0271,25.9308,37.5996,1.0241,2.0481,0.0104,0.2427,350.0654,9.2166,0.0936,37.5996
2018-10-26,6.30403739924842,4.93354609219858,1.37049130704984,6.29916666666667,18.5354166666667,339.363333333333,92.7425,1.34125,0.0251454166666667,0,0.025,10.2982,0,329.6479,69.0959,6.88,0.0214,120.9013,0.1584,0.2696,0.1279,0.0256,25.6929,37.2547,0.993,1.986,0.009,0.2105,346.8538,8.9369,0.0812,37.2547
2018-10-27,6.87728142736064,5.21319444444444,1.6640869829162,9.42458333333333,73.3683333333333,359.53875,89.0245833333333,2.39791666666667,0.00304791666666667,0,0.0283,11.1701,0,323.0114,70.184,6.88,0.0195,120.9013,0.1425,0.2604,0.1203,0.0241,25.455,36.9097,0.9619,1.9238,0.0076,0.1783,343.6422,8.6573,0.0688,36.9097
2018-10-28,6.00753615636232,3.46458333333333,2.54295282302899,10.7708333333333,99.5433333333333,347.646666666667,66.78875,2.14666666666667,0.000508333333333333,0,0.0232,11.096,0,323.566,71.2722,6.88,0.0176,120.9013,0.1267,0.2512,0.1128,0.0226,25.2171,36.5648,0.9308,1.8617,0.0063,0.1461,340.4306,8.3776,0.0563,36.5648
2018-10-29,6.3153732992783,4.23041958041958,2.08495371885872,11.7616666666667,139.79375,309.356666666667,57.8670833333333,2.87208333333333,0.00279416666666667,0,0.0205,10.7536,0,326.1522,72.3603,6.88,0.0157,120.9013,0.1109,0.2419,0.1053,0.0211,24.9792,36.2198,0.8998,1.7995,0.0049,0.1139,337.219,8.0979,0.0439,36.2198
2018-10-30,6.02439793717353,4.81230769230769,1.21209024486584,10.8216666666667,162.134583333333,290.362916666667,68.2429166666667,2.00375,0,0,0.0185,10.6167,0,327.1964,71.9069,6.88,0.0155,120.9013,0.2217,0.2611,0.1053,0.0211,25.6136,37.1397,0.9159,1.8317,0.0051,0.1197,345.7833,8.2427,0.0462,37.1397
2018-10-31,6.30309609323326,3.95125873426573,2.35183735896753,15.6629166666667,144.23,317.219583333333,71.8641666666667,1.975,0,0,0.0165,11.9259,0,317.4466,71.4535,6.88,0.0153,120.9013,0.3326,0.2803,0.1053,0.0211,26.248,38.0596,0.9319,1.8639,0.0054,0.1255,354.3476,8.3875,0.0484,38.0596
2018-11-01,6.32739738042489,3.30290780141844,3.02448957900645,16.0795833333333,79.6741666666667,347.854166666667,90.4166666666667,2.63541666666667,0,0,0.0146,13.0794,0,309.2753,71.0001,6.88,0.0152,120.9013,0.4435,0.2995,0.1053,0.0211,26.8824,38.9794,0.948,1.8961,0.0056,0.1313,362.9119,8.5323,0.0507,38.9794
2018-11-02,6.5843805983296,4.81581560992908,1.76856498840052,17.2754166666667,32.6770833333333,407.02125,96.0816666666667,2.93416666666667,0.0132079166666667,0,0.0181,13.8075,0,304.3073,70.5467,6.88,0.015,120.9013,0.5543,0.3187,0.1053,0.0211,27.5168,39.8993,0.9641,1.9282,0.0059,0.1371,371.4762,8.6771,0.0529,39.8993
2018-11-03,6.45105734685111,5.92816902112676,0.522888325724354,10.43875,152.429166666667,308.940416666667,63.7920833333333,3.38083333333333,0,0,0.0174,10.837,0,325.519,70.0934,6.88,0.0148,120.9013,0.6652,0.3379,0.1053,0.0211,28.1511,40.8192,0.9802,1.9604,0.0061,0.143,380.0404,8.8219,0.0551,40.8192
2018-11-04,6.46584692990837,3.42722222222222,3.03862470768615,7.68041666666667,156.20875,286.040416666667,75.0891666666667,2.24458333333333,0,0,0.0144,10.1882,0,330.5023,69.64,6.88,0.0146,120.9013,0.7761,0.3571,0.1053,0.0211,28.7855,41.739,0.9963,1.9926,0.0064,0.1488,388.6047,8.9667,0.0574,41.739
2018-11-05,6.29866478510498,3.85818181818182,2.44048296692316,12.8708333333333,57.2833333333333,381.015833333333,92.7533333333333,1.6575,0.001525,0,0.0141,11.6719,0,319.2981,69.1866,6.88,0.0144,120.9013,0.8869,0.3763,0.1053,0.0211,29.4199,42.6589,1.0124,2.0248,0.0066,0.1546,397.169,9.1115,0.0596,42.6589
2018-11-06,6.5512860780875,6.40542252816901,0.14586354991849,14.8670833333333,29.7091666666667,383.120833333333,94.05,1.85625,0.00508041666666667,0,0.0153,12.4689,0,313.5533,68.7332,6.88,0.0143,120.9013,0.9978,0.3955,0.1053,0.0211,30.0543,43.5788,1.0285,2.057,0.0069,0.1604,405.7333,9.2563,0.0619,43.5788
2018-11-07,6.40257208593184,4.71055945454545,1.69201263138639,14.1891666666667,139.50875,311.639583333333,64.5020833333333,2.85291666666667,0,0,0.0145,11.8248,0,318.1815,68.2798,6.88,0.0141,120.9013,1.1086,0.4147,0.1053,0.0211,30.6887,44.4986,1.0446,2.0891,0.0071,0.1662,414.2976,9.4011,0.0641,44.4986
2018-11-08,6.62680496210548,3.34125874125874,3.28554622084674,15.6308333333333,97.1695833333333,345.086666666667,54.9941666666667,2.73166666666667,0,0,0.0117,11.6584,0,319.3966,67.8264,6.88,0.0139,120.9013,1.2195,0.4339,0.1053,0.0211,31.3231,45.4185,1.0607,2.1213,0.0074,0.172,422.8619,9.5459,0.0663,45.4185
2018-11-09,6.72688539293475,3.01391608391608,3.71296930901867,9.53791666666667,21.6945833333333,357.78,82.0791666666667,1.44791666666667,0.00431833333333333,0,0.0119,10.2727,0,329.8458,67.373,6.88,0.0137,120.9013,1.3304,0.4531,0.1053,0.0211,31.9575,46.3384,1.0767,2.1535,0.0076,0.1778,431.4262,9.6907,0.0686,46.3384
2018-11-10,7.07729899106143,3.73027777777778,3.34702121328365,5.73583333333333,158.572083333333,279.284166666667,58.8308333333333,3.24541666666667,0,0,0.0111,7.9214,0,349.0134,66.9197,6.88,0.0135,120.9013,1.4412,0.4724,0.1053,0.0211,32.5919,47.2582,1.0928,2.1857,0.0079,0.1836,439.9905,9.8355,0.0708,47.2582
2018-11-11,7.01426135644965,3.49291666666667,3.52134468978298,1.25541666666667,150.758333333333,235.375833333333,52.6983333333333,2.02208333333333,0,0,0.0093,6.222,0,364.1093,66.4663,6.88,0.0134,120.9013,1.5521,0.4916,0.1053,0.0211,33.2263,48.1781,1.1089,2.2178,0.0081,0.1895,448.5548,9.9803,0.0731,48.1781
2018-11-12,7.21492483029258,6.13609929078014,1.07882553951244,2.42208333333333,26.71875,299.480833333333,77.12,1.26375,0.0185429166666667,0,0.0159,6.6291,0,360.3916,66.0129,6.88,0.0132,120.9013,1.663,0.5108,0.1053,0.0211,33.8607,49.098,1.125,2.25,0.0084,0.1953,457.1191,10.1251,0.0753,49.098
2018-11-13,5.49044359869525,6.30223776223776,-0.811794163542507,7.57166666666667,29.04375,345.259166666667,95.7225,3.57416666666667,0.0111758333333333,0,0.0328,8.6203,0,343.1162,65.5595,6.88,0.013,120.9013,1.7738,0.53,0.1053,0.0211,34.4951,50.0178,1.1411,2.2822,0.0086,0.2011,465.6834,10.2699,0.0776,50.0178
2018-11-14,7.21483227024443,7.7136805625,-0.498848292255565,5.67708333333333,47.89625,315.67625,66.2025,2.94375,0,0,0.0267,7.9541,0,348.7335,65.1061,6.88,0.0128,120.9013,1.8847,0.5492,0.1053,0.0211,35.1295,50.9377,1.1572,2.3144,0.0089,0.2069,474.2477,10.4147,0.0798,50.9377
2018-11-15,8.38700447694034,4.93755244755245,3.44945202938789,2.42875,18.2229166666667,330.122083333333,88.4625,1.92708333333333,0.0304808333333333,0,0.0648,7.5397,0,352.3084,64.6527,6.88,0.0126,120.9013,1.9956,0.5684,0.1053,0.0211,35.7638,51.8576,1.1733,2.3465,0.0091,0.2127,482.8119,10.5595,0.082,51.8576
2018-11-16,9.37921432444858,5.08804195804196,4.29117236640662,4.91125,148.942083333333,284.2,73.7404166666667,3.14625,0.000254166666666667,0,0.0808,7.9983,0,348.3553,64.1993,6.88,0.0125,120.9013,2.1064,0.5876,0.1053,0.0211,36.3982,52.7774,1.1894,2.3787,0.0094,0.2185,491.3762,10.7043,0.0843,52.7774
2018-11-17,7.2337918273772,3.42055555555556,3.81323627182164,7.24125,137.45875,269.483333333333,75.32375,2.15,0,0,0.0715,8.1317,0,347.2205,63.746,6.88,0.0123,120.9013,2.2173,0.6068,0.1053,0.0211,37.0326,53.6973,1.2055,2.4109,0.0096,0.2243,499.9405,10.8491,0.0865,53.6973
2018-11-18,7.47039224053844,7.4441957972028,0.0261964433356425,6.945,118.952083333333,279.299166666667,90.40625,1.75875,0,0,0.0665,8.1635,0,346.9501,63.2926,6.88,0.0121,120.9013,2.3282,0.626,0.1053,0.0211,37.667,54.6172,1.2215,2.4431,0.0099,0.2301,508.5048,10.9938,0.0888,54.6172
2018-11-19,7.53804600178129,3.29909090909091,4.23895509269038,11.1095833333333,111.2275,301.267916666667,79.63375,1.99666666666667,0,0,0.0649,8.6132,0,343.1751,62.8392,6.88,0.0119,120.9013,2.439,0.6452,0.1053,0.0211,38.3014,55.5371,1.2376,2.4753,0.0101,0.2359,517.0691,11.1386,0.091,55.5371
2018-11-20,7.61609465638925,3.28181818181818,4.33427647457107,9.67416666666667,121.90875,328.67375,69.5320833333333,2.31541666666667,0,0,0.0598,8.548,0,343.718,62.6352,6.88,0.0117,120.9013,2.4252,0.6463,0.1057,0.0211,37.6769,54.6316,1.2387,2.4774,0.0099,0.2313,508.6386,11.1482,0.0892,54.6316
2018-11-21,7.59904415497803,3.78041958041958,3.81862457455845,7.00625,133.87375,263.960416666667,54.48375,2.7725,0,0,0.0514,7.4521,0,353.0723,62.4311,6.88,0.0115,120.9013,2.4113,0.6475,0.106,0.0212,37.0525,53.7261,1.2397,2.4795,0.0097,0.2267,500.2082,11.1577,0.0874,53.7261
2018-11-22,7.67054233238177,3.96342657342657,3.7071157589552,7.35875,101.205,279.73875,63.075,3.46375,0,0,0.0452,7.2945,0,354.4539,62.2271,6.88,0.0114,120.9013,2.3975,0.6486,0.1064,0.0213,36.428,52.8206,1.2408,2.4816,0.0095,0.2221,491.7777,11.1672,0.0857,52.8206
2018-11-23,7.51675000836202,3.66277777777778,3.85397223058424,-0.379583333333333,55.85,308.042916666667,55.6733333333333,2.06458333333333,0,0,0.0389,6.0604,0,365.6031,62.0231,6.88,0.0112,120.9013,2.3836,0.6498,0.1068,0.0214,35.8035,51.9151,1.2419,2.4837,0.0093,0.2175,483.3472,11.1768,0.0839,51.9151
2018-11-24,7.55067180372092,3.38930555555556,4.16136624816536,1.39875,37.7004166666667,327.409583333333,85.5,2.05416666666667,0.0271775,0,0.0535,6.3669,0,362.7785,61.8191,6.88,0.011,120.9013,2.3697,0.6509,0.1072,0.0214,35.179,51.0096,1.2429,2.4858,0.0091,0.2128,474.9167,11.1863,0.0821,51.0096
2018-11-25,7.48515253168343,4.50993007692308,2.97522245476035,9.8475,115.39625,307.3525,81.8683333333333,2.2,0,0,0.0571,7.4544,0,353.0523,61.615,6.88,0.0108,120.9013,2.3559,0.6521,0.1076,0.0215,34.5545,50.1041,1.244,2.488,0.0089,0.2082,466.4863,11.1958,0.0803,50.1041
2018-11-26,7.55625277935873,4.46345070422535,3.09280207513338,10.87875,65.7004166666667,338.407916666667,80.525,2.91166666666667,0,0,0.052,7.6702,0,351.1755,61.411,6.88,0.0106,120.9013,2.342,0.6532,0.1079,0.0216,33.9301,49.1986,1.245,2.4901,0.0087,0.2036,458.0558,11.2054,0.0785,49.1986
2018-11-27,7.37308781063945,5.13020833333333,2.24287947730612,2.83041666666667,52.4541666666667,295.910833333333,63.6620833333333,3.65291666666667,0,0,0.0494,5.6926,0,369.0434,61.207,6.88,0.0105,120.9013,2.3282,0.6544,0.1083,0.0217,33.3056,48.2931,1.2461,2.4922,0.0085,0.199,449.6253,11.2149,0.0767,48.2931
2018-11-28,7.44603612194352,5.96888111888112,1.4771550030624,-1.10291666666667,132.73625,234.34,57.17125,5.22541666666667,0,0,0.0451,3.8966,0,386.6658,61.003,6.88,0.0103,120.9013,2.3143,0.6555,0.1087,0.0217,32.6811,47.3876,1.2472,2.4943,0.0083,0.1943,441.1948,11.2244,0.075,47.3876
2018-11-29,7.21966659290572,6.21281688732394,1.00684970558178,1.98416666666667,118.1625,266.02125,55.8941666666667,3.4175,0,0,0.0409,4.6338,0,379.2629,60.799,6.88,0.0101,120.9013,2.3004,0.6567,0.1091,0.0218,32.0566,46.4821,1.2482,2.4964,0.0081,0.1897,432.7644,11.2339,0.0732,46.4821
2018-11-30,7.29147954917725,7.35929576760563,-0.0678162184283773,9.62166666666667,47.7320833333333,356.019166666667,84.0541666666667,1.56291666666667,0.00330208333333333,0,0.0387,6.613,0,360.5369,60.5949,6.88,0.0099,120.9013,2.2866,0.6578,0.1094,0.0219,31.4321,45.5766,1.2493,2.4985,0.0079,0.1851,424.3339,11.2435,0.0714,45.5766
2018-12-01,6.09945990090591,8.62187499305556,-2.52241509214965,8.74916666666667,12.0445833333333,353.4275,96.8104166666667,1.82166666666667,0.0033025,0,0.0378,6.46,0,361.9276,60.3909,6.88,0.0097,120.9013,2.2727,0.659,0.1098,0.022,30.8077,44.6711,1.2503,2.5007,0.0077,0.1805,415.9034,11.253,0.0696,44.6711
2018-12-02,7.65599308620274,7.64986016083916,0.00613292536357779,9.37,52.3475,362.61125,99.9933333333333,1.47958333333333,0.00177875,0,0.0347,7.1291,0,355.9141,60.1869,6.88,0.0096,120.9013,2.2589,0.6601,0.1102,0.022,30.1832,43.7656,1.2514,2.5028,0.0075,0.1759,407.4729,11.2625,0.0678,43.7656
2018-12-03,7.79005663787663,6.5165034965035,1.27355314137313,11.55125,110.99125,306.305,56.8820833333333,2.47125,0,0,0.0344,7.0272,0,356.8186,59.9829,6.88,0.0094,120.9013,2.245,0.6613,0.1106,0.0221,29.5587,42.8601,1.2525,2.5049,0.0073,0.1712,399.0425,11.2721,0.066,42.8601
2018-12-04,8.58072552618716,6.70381944444444,1.87690608174272,5.55125,34.2470833333333,295.376666666667,57.8379166666667,2.66583333333333,0,0,0.031,5.7977,0,368.0546,59.7788,6.88,0.0092,120.9013,2.2312,0.6624,0.1109,0.0222,28.9342,41.9546,1.2535,2.507,0.0071,0.1666,390.612,11.2816,0.0643,41.9546
2018-12-05,6.77780227688253,6.96563382394366,-0.187831547061128,2.72291666666667,53.8920833333333,304.145,69.2754166666667,1.89583333333333,0.000254166666666667,0,0.0292,5.0964,0,374.7394,59.5748,6.88,0.009,120.9013,2.2173,0.6636,0.1113,0.0223,28.3097,41.0491,1.2546,2.5091,0.0069,0.162,382.1815,11.2911,0.0625,41.0491
2018-12-06,8.39541040439626,7.10545455244755,1.28995585194871,1.71041666666667,108.822916666667,255.67875,56.3595833333333,2.34208333333333,0,0,0.0267,4.3724,0,381.8597,59.3708,6.88,0.0088,120.9013,2.2034,0.6647,0.1117,0.0223,27.6853,40.1436,1.2556,2.5113,0.0067,0.1574,373.751,11.3006,0.0607,40.1436
2018-12-07,7.24881794156563,6.82874127272727,0.420076668838359,3.67666666666667,74.0533333333333,279.295833333333,55.2483333333333,2.07625,0,0,0.025,4.7164,0,378.4484,59.1668,6.88,0.0087,120.9013,2.1896,0.6659,0.1121,0.0224,27.0608,39.2381,1.2567,2.5134,0.0065,0.1527,365.3206,11.3102,0.0589,39.2381
2018-12-08,7.54681501515293,7.52650348951049,0.0203115256424411,0.990416666666667,67.1558333333333,275.465833333333,65.1625,1.39458333333333,0,0,0.0231,4.4161,0,381.4229,58.9627,6.88,0.0085,120.9013,2.1757,0.6671,0.1124,0.0225,26.4363,38.3326,1.2577,2.5155,0.0063,0.1481,356.8901,11.3197,0.0571,38.3326
2018-12-09,8.65488633204368,8.35615386713287,0.298732464910815,-1.66666666666667,6.37,310.165416666667,80.9620833333333,2.32583333333333,0,0,0.028,1.958,0,407.3411,58.7587,6.88,0.0083,120.9013,2.1619,0.6682,0.1128,0.0226,25.8118,37.4271,1.2588,2.5176,0.0062,0.1435,348.4596,11.3292,0.0554,37.4271
2018-12-10,9.03223378669089,7.32249999305556,1.70973379363533,1.72,119.087916666667,289.592916666667,73.75,3.24583333333333,0.00508041666666667,0,0.0297,3.6596,0,389.0977,58.5547,6.88,0.0081,120.9013,2.148,0.6694,0.1132,0.0226,25.1873,36.5216,1.2599,2.5197,0.006,0.1389,340.0291,11.3388,0.0536,36.5216
2018-12-11,9.48580051799745,7.12669015492958,2.35911036306787,0.350416666666667,122.51,232.037916666667,63.08125,2.61708333333333,0,0,0.0282,3.0649,0,395.3152,58.3507,6.88,0.0079,120.9013,2.1341,0.6705,0.1136,0.0227,24.5629,35.6162,1.2609,2.5218,0.0058,0.1343,331.5987,11.3483,0.0518,35.6162
2018-12-12,7.05811575947231,7.68671327272727,-0.628597513254961,2.7625,61.69625,267.6725,54.4591666666667,1.76791666666667,0,0,0.0259,3.7509,0,388.1571,58.1467,6.88,0.0078,120.9013,2.1203,0.6717,0.1139,0.0228,23.9384,34.7107,1.262,2.524,0.0056,0.1296,323.1682,11.3578,0.05,34.7107
2018-12-13,7.26913831349509,8.10618054166667,-0.837042228171577,3.4925,44.6466666666667,322.570833333333,75.6079166666667,1.81333333333333,0,0,0.0254,4.4279,0,381.3056,57.9426,6.88,0.0076,120.9013,2.1064,0.6728,0.1143,0.0229,23.3139,33.8052,1.263,2.5261,0.0054,0.125,314.7377,11.3674,0.0482,33.8052
2018-12-14,7.41356161723861,8.79748252447552,-1.38392090723691,3.33166666666667,19.055,333.412083333333,91.55,1.18833333333333,0.0129541666666667,0,0.0343,4.6804,0,378.8024,57.7386,6.88,0.0074,120.9013,2.0926,0.674,0.1147,0.0229,22.6894,32.8997,1.2641,2.5282,0.0052,0.1204,306.3072,11.3769,0.0464,32.8997
2018-12-15,7.24387693425963,9.88076389583333,-2.6368869615737,5.30916666666667,21.20625,351.83125,99.6875,2.27083333333333,0.02463875,0,0.0735,5.7608,0,368.401,57.5346,6.88,0.0072,120.9013,2.0787,0.6751,0.1151,0.023,22.0649,31.9942,1.2652,2.5303,0.005,0.1158,297.8768,11.3864,0.0447,31.9942
2018-12-16,7.31106714586884,8.17077463380282,-0.859707487933981,8.71041666666667,40.9804166666667,349.267083333333,89.3233333333333,2.2625,0.00508083333333333,0,0.0886,5.98,0,366.3505,57.3306,6.88,0.007,120.9013,2.0649,0.6763,0.1154,0.0231,21.4405,31.0887,1.2662,2.5324,0.0048,0.1111,289.4463,11.3959,0.0429,31.0887
2018-12-17,7.23362880062075,7.55619046825397,-0.322561667633216,9.22041666666667,116.756666666667,280.125833333333,58.3145833333333,2.61208333333333,0,0,0.088,5.4025,0,371.7961,57.1265,6.88,0.0068,120.9013,2.051,0.6774,0.1158,0.0232,20.816,30.1832,1.2673,2.5345,0.0046,0.1065,281.0158,11.4055,0.0411,30.1832
2018-12-18,7.26338206241282,6.44685314685315,0.816528915559669,6.4175,116.5225,260.83875,49.3683333333333,3.81083333333333,0,0,0.0883,4.7509,0,378.1083,56.6913,6.88,0.0067,120.9013,2.0019,0.6839,0.1134,0.0227,20.7922,30.1487,1.2945,2.5889,0.0045,0.1059,280.6947,11.6501,0.0409,30.1487
2018-12-19,7.30385696673634,6.53161973239437,0.772237234341975,4.6125,98.1341666666667,265.080833333333,74.5216666666667,1.90541666666667,0,0,0.0839,4.6664,0,378.9411,56.256,6.88,0.0065,120.9013,1.9528,0.6903,0.111,0.0222,20.7684,30.1142,1.3216,2.6433,0.0045,0.1054,280.3735,11.8946,0.0406,30.1142
2018-12-20,7.36205090298803,7.49398606993007,-0.131935166942041,7.65958333333333,13.2983333333333,333.5775,92.6083333333333,1.44583333333333,0.0243841666666667,0,0.0949,5.5084,0,370.7869,55.8208,6.88,0.0063,120.9013,1.9037,0.6968,0.1086,0.0217,20.7446,30.0797,1.3488,2.6976,0.0045,0.1048,280.0523,12.1392,0.0404,30.0797
2018-12-21,7.43834449581277,7.83412587412587,-0.395781378313104,13.945,18.2566666666667,375.429583333333,97.4041666666667,3.44875,0.01447875,0,0.115,6.9216,0,357.7606,55.3855,6.88,0.0061,120.9013,1.8546,0.7032,0.1062,0.0212,20.7208,30.0452,1.376,2.752,0.0045,0.1042,279.7312,12.3838,0.0402,30.0452
2018-12-22,7.4627393497991,7.06388890277778,0.398850447021318,8.90125,48.1416666666667,306.635416666667,70.90375,3.61208333333333,0,0,0.1012,5.5727,0,370.1768,54.9503,6.88,0.0059,120.9013,1.8055,0.7097,0.1038,0.0208,20.697,30.0107,1.4032,2.8063,0.0044,0.1036,279.41,12.6284,0.04,30.0107
2018-12-23,7.48593678326498,6.75416665972222,0.731770123542763,7.15708333333333,102.293333333333,272.836666666667,63.23375,3.25083333333333,0,0,0.0934,5.1755,0,373.9745,54.515,6.88,0.0058,120.9013,1.7564,0.7161,0.1014,0.0203,20.6732,29.9762,1.4303,2.8607,0.0044,0.1031,279.0889,12.873,0.0398,29.9762
2018-12-24,7.58829563607013,6.33986114583333,1.2484344902368,7.54125,107.67875,287.555833333333,58.50375,2.57958333333333,0,0,0.0899,4.9589,0,376.0743,54.0798,6.88,0.0056,120.9013,1.7073,0.7226,0.099,0.0198,20.6495,29.9417,1.4575,2.915,0.0044,0.1025,278.7677,13.1176,0.0395,29.9417
2018-12-25,7.41362451452593,7.65708331944444,-0.243458804918509,5.32958333333333,103.256666666667,274.165416666667,62.9379166666667,1.84541666666667,0,0,0.0873,4.7806,0,377.8167,53.6445,6.88,0.0054,120.9013,1.6582,0.729,0.0966,0.0193,20.6257,29.9072,1.4847,2.9694,0.0044,0.1019,278.4465,13.3622,0.0393,29.9072
2018-12-26,7.47324388227063,7.28697184507042,0.186272037200212,3.77208333333333,114.50625,251.4775,79.1129166666667,1.92375,0,0,0.0853,4.4919,0,380.6689,53.2093,6.88,0.0052,120.9013,1.6091,0.7355,0.0942,0.0188,20.6019,29.8727,1.5119,3.0237,0.0043,0.1013,278.1254,13.6067,0.0391,29.8727
2018-12-27,7.28047733879466,8.42929578873239,-1.14881844993773,3.68458333333333,38.6020833333333,290.295,81.7545833333333,1.59916666666667,0,0,0.0836,4.6101,0,379.4966,52.774,6.88,0.005,120.9013,1.56,0.7419,0.0918,0.0184,20.5781,29.8382,1.539,3.0781,0.0043,0.1008,277.8042,13.8513,0.0389,29.8382
2018-12-28,7.34691019681317,9.95359157746479,-2.60668138065162,8.21916666666667,12.9166666666667,351.405416666667,96.4995833333333,1.46333333333333,0.0363225,0,0.1021,5.7643,0,368.3687,52.3388,6.88,0.0049,120.9013,1.5109,0.7484,0.0894,0.0179,20.5543,29.8037,1.5662,3.1324,0.0043,0.1002,277.483,14.0959,0.0386,29.8037
2018-12-29,7.45189091124318,9.46500004166667,-2.01310913042349,13.1566666666667,87.0733333333333,307.455416666667,71.1991666666667,2.26458333333333,0,0,0.0975,6.1419,0,364.8486,51.9035,6.88,0.0047,120.9013,1.4618,0.7548,0.0869,0.0174,20.5305,29.7692,1.5934,3.1868,0.0043,0.0996,277.1619,14.3405,0.0384,29.7692
2018-12-30,7.6094636315776,9.61493056944444,-2.00546693786684,8.89541666666667,81.6641666666667,315.974583333333,72.7,1.62416666666667,0,0,0.0906,5.9739,0,366.4078,51.4683,6.88,0.0045,120.9013,1.4127,0.7613,0.0845,0.0169,20.5067,29.7347,1.6206,3.2411,0.0042,0.099,276.8407,14.5851,0.0382,29.7347
2018-12-31,7.02188392376438,10.6184722361111,-3.59658831234672,7.96166666666667,15.7679166666667,346.86125,96.84375,1.72125,0.0020325,0,0.0848,6.2933,0,363.4529,51.033,6.88,0.0043,120.9013,1.3636,0.7677,0.0821,0.0164,20.4829,29.7002,1.6477,3.2955,0.0042,0.0985,276.5196,14.8297,0.038,29.7002
2019-01-01,7.12498313831634,9.55333333333333,-2.42835019501699,14.0508333333333,41.55375,363.834166666667,77.5816666666667,2.2275,0,0,0.0832,6.9191,0,357.7829,50.5978,6.88,0.0041,120.9013,1.3145,0.7742,0.0797,0.0159,20.4591,29.6658,1.6749,3.3498,0.0042,0.0979,276.1984,15.0743,0.0378,29.6658
2019-01-02,7.21655401088404,9.74689393939394,-2.5303399285099,6.965,26.1466666666667,323.409166666667,85.7079166666667,2.23083333333333,0,0,0.0816,6.1617,0,364.6657,50.1625,6.88,0.004,120.9013,1.2654,0.7806,0.0773,0.0155,20.4354,29.6313,1.7021,3.4042,0.0042,0.0973,275.8772,15.3189,0.0375,29.6313
2019-01-03,7.33917350431147,8.94795776760563,-1.60878426329416,8.385,43.6416666666667,343.7825,82.7204166666667,2.30458333333333,0.00355666666666667,0,0.0821,6.369,0,362.7594,49.7273,6.88,0.0038,120.9013,1.2163,0.7871,0.0749,0.015,20.4116,29.5968,1.7293,3.4585,0.0041,0.0967,275.5561,15.5634,0.0373,29.5968
2019-01-04,7.38383530247882,11.2579860972222,-3.87415079474338,6.15416666666667,10.7804166666667,328.964583333333,90.88625,1.68958333333333,0.00254041666666667,0,0.0818,6.1062,0,365.1783,49.292,6.88,0.0036,120.9013,1.1672,0.7935,0.0725,0.0145,20.3878,29.5623,1.7564,3.5129,0.0041,0.0962,275.2349,15.808,0.0371,29.5623
2019-01-05,7.45467156260325,10.6137499791667,-3.15907841656345,9.17666666666667,119.575,326.037916666667,76.7091666666667,2.87083333333333,0.00304875,0,0.0817,6.2535,0,363.8187,48.8568,6.88,0.0034,120.9013,1.1182,0.8,0.0701,0.014,20.364,29.5278,1.7836,3.5672,0.0041,0.0956,274.9138,16.0526,0.0369,29.5278
2019-01-06,6.70456077507167,9.56867130769231,-2.86411053262064,9.25208333333333,53.3225,278.80625,62.0791666666667,2.12541666666667,0,0,0.0794,5.9628,0,366.5106,48.4215,6.88,0.0032,120.9013,1.0691,0.8065,0.0677,0.0135,20.3402,29.4933,1.8108,3.6216,0.0041,0.095,274.5926,16.2972,0.0366,29.4933
2019-01-07,6.57327886682174,8.46236111111111,-1.88908224428937,6.58833333333333,57.0329166666667,307.72125,69.2766666666667,2.34958333333333,0,0,0.0787,5.6884,0,369.0827,47.9863,6.88,0.003,120.9013,1.02,0.8129,0.0653,0.0131,20.3164,29.4588,1.838,3.676,0.004,0.0944,274.2714,16.5418,0.0364,29.4588
2019-01-08,6.74400658311234,7.20295775352113,-0.458951170408789,10.7758333333333,103.717916666667,325.959166666667,69.8454166666667,1.97458333333333,0,0,0.0787,6.4259,0,362.2384,47.551,6.88,0.0029,120.9013,0.9709,0.8194,0.0629,0.0126,20.2926,29.4243,1.8652,3.7303,0.004,0.0939,273.9503,16.7864,0.0362,29.4243
2019-01-09,6.83107497214439,7.02090277083333,-0.189827798688944,9.5025,137.597916666667,284.97875,45.3675,3.06458333333333,0,0,0.0798,5.4665,0,371.1862,47.1158,6.88,0.0027,120.9013,0.9218,0.8258,0.0605,0.0121,20.2688,29.3898,1.8923,3.7847,0.004,0.0933,273.6291,17.031,0.036,29.3898
2019-01-10,7.02578501983211,7.48258742657343,-0.456802406741315,-1.76541666666667,105.95125,250.486666666667,56.1983333333333,4.66958333333333,0,0,0.0861,3.7705,0,387.956,46.6805,6.88,0.0025,120.9013,0.8727,0.8323,0.0581,0.0116,20.245,29.3553,1.9195,3.839,0.004,0.0927,273.308,17.2755,0.0358,29.3553
2019-01-11,7.02674196251698,6.77083331944444,0.255908643072537,-1.20125,128.124166666667,228.906666666667,57.9479166666667,4.93791666666667,0,0,0.0821,3.4786,0,390.9719,46.2453,6.88,0.0023,120.9013,0.8236,0.8387,0.0557,0.0111,20.2212,29.3208,1.9467,3.8934,0.0039,0.0921,272.9868,17.5201,0.0355,29.3208
2019-01-12,7.23872868489817,7.49097903496503,-0.252250350066856,1.80958333333333,21.6195833333333,305.776666666667,65.6508333333333,1.24958333333333,0,0,0.0784,3.4648,0,391.116,45.81,6.88,0.0021,120.9013,0.7745,0.8452,0.0532,0.0106,20.1975,29.2863,1.9739,3.9477,0.0039,0.0916,272.6656,17.7647,0.0353,29.2863
2019-01-13,7.22543180955967,8.60382975177305,-1.37839794221338,0.542083333333333,12.0579166666667,321.650416666667,98.385,0.455833333333333,0,0,0.0786,3.2991,0,392.8471,45.3748,6.88,0.002,120.9013,0.7254,0.8516,0.0508,0.0102,20.1737,29.2518,2.001,4.0021,0.0039,0.091,272.3445,18.0093,0.0351,29.2518
2019-01-14,7.27733664527808,8.97805554166667,-1.70071889638859,2.28875,34.18625,323.935,96.0141666666667,0.200416666666667,0.00736625,0,0.0722,3.579,0,389.9309,44.9395,6.88,0.0018,120.9013,0.6763,0.8581,0.0484,0.0097,20.1499,29.2173,2.0282,4.0564,0.0039,0.0904,272.0233,18.2539,0.0349,29.2173
2019-01-15,7.39897983541862,8.40028371631206,-1.00130388089344,4.65541666666667,116.109583333333,300.415833333333,80.4208333333333,2.64375,0.00381041666666667,0,0.0734,3.742,0,388.2492,44.5043,6.88,0.0016,120.9013,0.6272,0.8645,0.046,0.0092,20.1261,29.1828,2.0554,4.1108,0.0039,0.0898,271.7022,18.4985,0.0347,29.1828
2019-01-16,7.28599612827503,7.49190140140845,-0.205905273133422,2.87541666666667,107.70875,250.587916666667,75.6529166666667,4.24666666666667,0,0,0.0705,3.5771,0,389.9503,44.069,6.88,0.0014,120.9013,0.5781,0.871,0.0436,0.0087,20.1023,29.1483,2.0826,4.1651,0.0038,0.0893,271.381,18.7431,0.0344,29.1483
2019-01-17,7.43914364604557,8.40219860992908,-0.963054963883508,0.75,22.19,299.68875,85.0829166666667,2.30791666666667,0,0,0.0658,3.3302,0,392.5208,43.6338,6.88,0.0012,120.9013,0.529,0.8774,0.0412,0.0082,20.0785,29.1138,2.1097,4.2195,0.0038,0.0887,271.0598,18.9876,0.0342,29.1138
2019-01-18,7.28366652125444,8.22159722916667,-0.937930707912226,4.29458333333333,82.4545833333333,325.341666666667,86.86125,1.73041666666667,0.00203208333333333,0,0.0628,4.106,0,384.5375,43.1985,6.88,0.0011,120.9013,0.4799,0.8839,0.0388,0.0078,20.0547,29.0793,2.1369,4.2738,0.0038,0.0881,270.7387,19.2322,0.034,29.0793
2019-01-19,7.41083555123263,9.58541668055556,-2.17458112932293,4.6275,14.0991666666667,327.072916666667,93.4879166666667,1.67791666666667,0.00381,0,0.0616,4.1434,0,384.1596,42.7633,6.88,9e-04,120.9013,0.4308,0.8903,0.0364,0.0073,20.0309,29.0448,2.1641,4.3282,0.0038,0.0875,270.4175,19.4768,0.0338,29.0448
2019-01-20,7.23729705522352,9.18659720138889,-1.94930014616537,3.83166666666667,137.718333333333,294.962916666667,77.4545833333333,3.62083333333333,0.0111758333333333,0,0.0824,3.6905,0,388.7787,42.328,6.88,7e-04,120.9013,0.3817,0.8968,0.034,0.0068,20.0071,29.0103,2.1913,4.3825,0.0037,0.087,270.0963,19.7214,0.0335,29.0103
2019-01-21,7.36418642750746,7.95447551748252,-0.59028908997506,-9.11833333333333,146.96125,187.85625,40.9454166666667,3.77541666666667,0,0,0.0801,1.3245,0,414.5015,41.8928,6.88,5e-04,120.9013,0.3326,0.9032,0.0316,0.0063,19.9833,28.9759,2.2184,4.4369,0.0037,0.0864,269.7752,19.966,0.0333,28.9759
2019-01-22,7.19819342562766,7.54048610416667,-0.342292678539014,-6.10708333333333,144.615,224.825,39.895,2.37333333333333,0,0,0.0692,1.7139,0,410.0762,42.5275,6.88,5e-04,120.9013,0.3418,0.8934,0.0328,0.0066,19.8446,28.7746,2.2119,4.4238,0.0036,0.0832,267.9017,19.9069,0.0321,28.7746
2019-01-23,7.32400377810586,9.1472916875,-1.82328790939414,1.61958333333333,15.3808333333333,326.505416666667,62.3933333333333,2.69416666666667,0,0,0.0631,3.1188,0,394.7453,43.1623,6.88,5e-04,120.9013,0.3511,0.8835,0.0339,0.0068,19.7058,28.5734,2.2053,4.4106,0.0034,0.08,266.0283,19.8479,0.0308,28.5734
2019-01-24,7.24106672782155,9.27359156338028,-2.03252483555873,8.4125,109.023333333333,347.132083333333,86.86125,3.43291666666667,0.01524,0,0.076,4.3007,0,382.5771,43.797,6.88,5e-04,120.9013,0.3603,0.8737,0.0351,0.007,19.567,28.3722,2.1988,4.3975,0.0033,0.0768,264.1549,19.7888,0.0296,28.3722
2019-01-25,7.36936602468298,7.9236805625,-0.554314537817018,1.17,149.563333333333,245.436666666667,53.3095833333333,2.97,0,0,0.0799,2.8461,0,397.6444,44.4317,6.88,5e-04,120.9013,0.3695,0.8638,0.0363,0.0073,19.4283,28.171,2.1922,4.3844,0.0032,0.0736,262.2814,19.7298,0.0284,28.171
2019-01-26,7.26054904841753,7.86361110416667,-0.603062055749136,-0.287916666666667,110.284166666667,242.638333333333,50.3683333333333,2.35708333333333,0,0,0.0767,2.6816,0,399.412,45.0665,6.88,5e-04,120.9013,0.3788,0.8539,0.0374,0.0075,19.2895,27.9697,2.1856,4.3713,0.003,0.0704,260.408,19.6707,0.0271,27.9697
2019-01-27,7.46819201693243,8.73006990909091,-1.26187789215848,1.24458333333333,53.8883333333333,266.689583333333,67.2295833333333,2.10833333333333,0,0,0.07,3.0083,0,395.9153,45.7012,6.88,5e-04,120.9013,0.388,0.8441,0.0386,0.0077,19.1507,27.7685,2.1791,4.3581,0.0029,0.0672,258.5346,19.6116,0.0259,27.7685
2019-01-28,7.29154211677012,8.90517483216783,-1.61363271539771,3.03916666666667,136.13125,275.519166666667,61.6179166666667,2.11375,0,0,0.0632,3.4169,0,391.6152,46.336,6.88,5e-04,120.9013,0.3973,0.8342,0.0398,0.008,19.0119,27.5673,2.1725,4.345,0.0027,0.0639,256.6611,19.5526,0.0247,27.5673
2019-01-29,7.29910483284791,10.0754861180556,-2.77638128520769,3.06875,27.6541666666667,309.37125,64.7833333333333,2.1125,0.00228666666666667,0,0.0602,3.2822,0,393.0241,46.9707,6.88,5e-04,120.9013,0.4065,0.8244,0.0409,0.0082,18.8732,27.3661,2.1659,4.3319,0.0026,0.0607,254.7877,19.4935,0.0234,27.3661
2019-01-30,7.41907756815709,9.90506940972222,-2.48599184156513,-4.625,146.617916666667,215.295,46.1770833333333,2.73666666666667,0,0,0.0586,1.9857,0,407.0326,47.6054,6.88,5e-04,120.9013,0.4157,0.8145,0.0421,0.0084,18.7344,27.1649,2.1594,4.3188,0.0025,0.0575,252.9142,19.4344,0.0222,27.1649
2019-01-31,7.46856220270959,8.79085713571429,-1.3222949330047,-8.00375,144.73125,211.244166666667,46.43625,2.59458333333333,0,0,0.0554,1.6218,0,411.1156,48.2402,6.88,5e-04,120.9013,0.425,0.8047,0.0433,0.0087,18.5956,26.9636,2.1528,4.3056,0.0023,0.0543,251.0408,19.3754,0.021,26.9636
2019-02-01,7.49723190653038,8.88356644755245,-1.38633454102207,-1.97,31.64,281.82375,66.1433333333333,1.73,0,0,0.052,2.7114,0,399.0911,48.8749,6.88,5e-04,120.9013,0.4342,0.7948,0.0445,0.0089,18.4568,26.7624,2.1463,4.2925,0.0022,0.0511,249.1674,19.3163,0.0197,26.7624
2019-02-02,7.51657917249248,9.7781119020979,-2.26153272960542,2.92125,151.226666666667,285.0125,69.43125,1.84375,0,0,0.0509,3.5382,0,390.353,49.5097,6.88,5e-04,120.9013,0.4435,0.7849,0.0456,0.0091,18.3181,26.5612,2.1397,4.2794,0.0021,0.0479,247.2939,19.2573,0.0185,26.5612
2019-02-03,7.55216910381683,8.00440558741259,-0.45223648359576,7.25333333333333,121.768333333333,305.039583333333,70.7983333333333,2.07125,0,0,0.0497,4.6214,0,379.3854,50.1444,6.88,5e-04,120.9013,0.4527,0.7751,0.0468,0.0094,18.1793,26.36,2.1331,4.2663,0.0019,0.0447,245.4205,19.1982,0.0172,26.36
2019-02-04,7.71211732907821,8.50402777083333,-0.791910441755125,8.57416666666667,158.309583333333,289.33875,73.0579166666667,2.62291666666667,0,0,0.0483,5.0475,0,375.2128,50.7791,6.88,5e-04,120.9013,0.4619,0.7652,0.048,0.0096,18.0405,26.1588,2.1266,4.2531,0.0018,0.0415,243.547,19.1391,0.016,26.1588
2019-02-05,7.57924511764837,8.14215278472222,-0.56290766707385,14.2333333333333,141.307083333333,332.189583333333,67.7133333333333,2.72166666666667,0,0,0.0463,6.0566,0,365.6389,51.4139,6.88,5e-04,120.9013,0.4712,0.7554,0.0491,0.0098,17.9017,25.9575,2.12,4.24,0.0016,0.0383,241.6736,19.0801,0.0148,25.9575
2019-02-06,7.59126480231273,8.4588112027972,-0.867546400484474,11.7833333333333,42.6383333333333,349.12875,88.1,2.02583333333333,0,0,0.0441,6.3624,0,362.8195,52.0486,6.88,5e-04,120.9013,0.4804,0.7455,0.0503,0.0101,17.763,25.7563,2.1134,4.2269,0.0015,0.0351,239.8002,19.021,0.0135,25.7563
2019-02-07,7.60327040127305,8.97930555555556,-1.37603515428251,15.96875,60.35625,390.455,93.6,1.7425,0.00381041666666667,0,0.0446,7.5664,0,352.0764,52.6834,6.88,5e-04,120.9013,0.4897,0.7357,0.0515,0.0103,17.6242,25.5551,2.1069,4.2138,0.0014,0.0319,237.9267,18.962,0.0123,25.5551
2019-02-08,7.67143382262348,8.03702128368794,-0.365587461064457,12.9991666666667,121.607083333333,332.75125,59.1816666666667,2.87166666666667,0,0,0.0424,6.8695,0,358.2267,53.3181,6.88,5e-04,120.9013,0.4989,0.7258,0.0526,0.0105,17.4854,25.3539,2.1003,4.2006,0.0012,0.0287,236.0533,18.9029,0.0111,25.3539
2019-02-09,7.64174817226372,7.69570424647887,-0.0539560742151544,-0.215,125.905833333333,266.382916666667,37.1554166666667,3.63541666666667,0,0,0.0386,4.335,0,382.2338,52.9885,6.88,5e-04,120.9013,0.4946,0.7168,0.0522,0.0104,17.5495,25.4467,2.1018,4.2035,0.0013,0.0305,236.918,18.9159,0.0118,25.4467
2019-02-10,7.61192807290672,8.35258744055944,-0.740659367652716,-1.935,60.44125,267.329583333333,46.7025,1.65833333333333,0.000254166666666667,0,0.0358,3.8206,0,387.4423,52.6589,6.88,5e-04,120.9013,0.4904,0.7078,0.0518,0.0104,17.6135,25.5396,2.1032,4.2064,0.0014,0.0324,237.7826,18.929,0.0125,25.5396
2019-02-11,7.6075520652934,8.93409726388889,-1.3265451985955,1.82083333333333,52.3020833333333,338.372916666667,96.41875,1.60875,0.00381041666666667,0,0.0378,5.0311,0,375.3715,52.3294,6.88,5e-04,120.9013,0.4861,0.6988,0.0514,0.0103,17.6776,25.6325,2.1047,4.2093,0.0015,0.0342,238.6473,18.942,0.0132,25.6325
2019-02-12,7.81065187126181,9.24374998611111,-1.4330981148493,0.889166666666667,25.0445833333333,333.12375,99.3445833333333,1.29791666666667,0.0111770833333333,0,0.0476,4.7755,0,377.8668,51.9998,6.88,5e-04,120.9013,0.4818,0.6898,0.051,0.0102,17.7416,25.7254,2.1061,4.2122,0.0015,0.0361,239.5119,18.955,0.0139,25.7254
2019-02-13,7.66179488718031,7.53335662237762,0.128438264802687,4.1475,179.0175,277.435416666667,53.2791666666667,2.95666666666667,0.00177791666666667,0,0.0504,4.7638,0,377.9824,51.6702,6.88,5e-04,120.9013,0.4776,0.6808,0.0506,0.0101,17.8057,25.8182,2.1076,4.2151,0.0016,0.0379,240.3766,18.9681,0.0146,25.8182
2019-02-14,7.61579784306557,7.74749999305556,-0.131702149989987,5.83,105.222916666667,280.270833333333,35.955,2.74833333333333,0,0,0.0459,4.979,0,375.8786,51.3406,6.88,5e-04,120.9013,0.4733,0.6718,0.0502,0.01,17.8697,25.9111,2.109,4.218,0.0017,0.0398,241.2413,18.9811,0.0153,25.9111
2019-02-15,7.67224200607845,8.32260561971831,-0.650363613639859,10.32375,64.74125,343.135,47.76125,2.42625,0,0,0.0434,6.1724,0,364.5666,51.0111,6.88,5e-04,120.9013,0.469,0.6628,0.0498,0.01,17.9338,26.004,2.1105,4.2209,0.0018,0.0416,242.1059,18.9941,0.0161,26.004
2019-02-16,7.90057232829306,7.42576389583333,0.474808432459726,5.94125,92.4220833333333,333.866666666667,70.21,2.75208333333333,0.0106683333333333,0,0.0476,5.6647,0,369.3068,50.6815,6.88,5e-04,120.9013,0.4648,0.6538,0.0494,0.0099,17.9978,26.0968,2.1119,4.2238,0.0019,0.0435,242.9706,19.0072,0.0168,26.0968
2019-02-17,7.77686997375644,7.9346479084507,-0.157777934694256,-0.0479166666666667,31.4875,311.586666666667,87.6458333333333,1.50833333333333,0.00279416666666667,0,0.0512,4.6497,0,379.1055,50.3519,6.88,5e-04,120.9013,0.4605,0.6449,0.049,0.0098,18.0619,26.1897,2.1134,4.2267,0.0019,0.0453,243.8353,19.0202,0.0175,26.1897
2019-02-18,7.97528292760505,7.82083333333333,0.154449594271719,3.8125,92.4233333333333,312.790833333333,77.34625,2.30625,0.0121925,0,0.0639,5.178,0,373.9504,50.0223,6.88,5e-04,120.9013,0.4563,0.6359,0.0486,0.0097,18.1259,26.2826,2.1148,4.2296,0.002,0.0472,244.6999,19.0333,0.0182,26.2826
2019-02-19,7.81836541472148,7.04958043356643,0.76878498115505,1.48208333333333,116.271666666667,288.629166666667,56.1908333333333,2.54208333333333,0,0,0.0601,4.8675,0,376.9657,49.6928,6.88,5e-04,120.9013,0.452,0.6269,0.0482,0.0096,18.19,26.3755,2.1163,4.2325,0.0021,0.049,245.5646,19.0463,0.0189,26.3755
2019-02-20,7.87603717911205,9.03006944444444,-1.15403226533239,-0.183333333333333,17.33875,326.2675,92.3483333333333,1.835,0.00254,0,0.0767,3.4522,0,391.2472,49.3632,6.88,5e-04,120.9013,0.4477,0.6179,0.0478,0.0096,18.254,26.4683,2.1177,4.2354,0.0022,0.0509,246.4293,19.0593,0.0196,26.4683
2019-02-21,7.91114929914631,7.88874129370629,0.0224080054400178,6.37375,114.122916666667,329.403333333333,88.6204166666667,3.28416666666667,0.02387625,0,0.1007,5.2185,0,373.56,49.0336,6.88,5e-04,120.9013,0.4435,0.6089,0.0474,0.0095,18.3181,26.5612,2.1192,4.2383,0.0023,0.0527,247.2939,19.0724,0.0203,26.5612
2019-02-22,8.12140810733517,8.02972220138889,0.0916859059462833,6.13041666666667,19.73375,352.604166666667,89.325,1.70416666666667,0.0134616666666667,0,0.1135,5.569,0,370.2124,48.704,6.88,5e-04,120.9013,0.4392,0.5999,0.047,0.0094,18.3821,26.6541,2.1206,4.2412,0.0023,0.0546,248.1586,19.0854,0.021,26.6541
2019-02-23,7.89921214899236,10.7257342797203,-2.82652213072794,2.83333333333333,22.6595833333333,341.756666666667,98.8558333333333,1.3875,0.0264170833333333,0,0.1329,5.5351,0,370.5335,48.3745,6.88,5e-04,120.9013,0.4349,0.5909,0.0466,0.0093,18.4462,26.7469,2.122,4.2441,0.0024,0.0564,249.0232,19.0984,0.0218,26.7469
2019-02-24,8.10803071823975,9.43398602097902,-1.32595530273927,5.34458333333333,162.660833333333,324.944583333333,82.39875,2.70375,0.00787375,0,0.1219,6.0362,0,365.8274,48.0449,6.88,5e-04,120.9013,0.4307,0.5819,0.0462,0.0092,18.5102,26.8398,2.1235,4.247,0.0025,0.0583,249.8879,19.1115,0.0225,26.8398
2019-02-25,7.93809745806158,7.57354167361111,0.364555784450468,5.71125,199.968333333333,245.62875,20.335,3.85166666666667,0,0,0.1027,5.1311,0,374.4029,47.7153,6.88,5e-04,120.9013,0.4264,0.5729,0.0458,0.0092,18.5743,26.9327,2.1249,4.2499,0.0026,0.0601,250.7526,19.1245,0.0232,26.9327
2019-02-26,8.0441093256041,9.34166664583333,-1.29755732022923,7.19791666666667,186.008333333333,265.323333333333,28.3191666666667,2.31416666666667,0,0,0.0975,5.6501,0,369.4445,47.3857,6.88,5e-04,120.9013,0.4221,0.5639,0.0454,0.0091,18.6383,27.0256,2.1264,4.2528,0.0027,0.062,251.6172,19.1375,0.0239,27.0256
2019-02-27,7.96672204228289,8.60277775694444,-0.636055714661552,3.93,142.16,281.181666666667,56.2520833333333,2.04458333333333,0,0,0.0923,5.591,0,370.0031,47.0562,6.88,5e-04,120.9013,0.4179,0.5549,0.045,0.009,18.7024,27.1184,2.1278,4.2557,0.0027,0.0638,252.4819,19.1506,0.0246,27.1184
2019-02-28,8.2094717232696,9.17041958041958,-0.960947857149979,9.12875,128.923333333333,310.90875,63.4345833333333,2.64041666666667,0,0,0.0866,6.4874,0,361.6779,46.7266,6.88,5e-04,120.9013,0.4136,0.5459,0.0445,0.0089,18.7664,27.2113,2.1293,4.2586,0.0028,0.0657,253.3466,19.1636,0.0253,27.2113
2019-03-01,7.92555306377963,2.51993055555556,5.40562250822407,3.10416666666667,15.1191666666667,341.946666666667,94.4141666666667,1.6925,0.0147325,0,0.0862,5.7334,0,368.6587,46.397,6.88,5e-04,120.9013,0.4093,0.5369,0.0441,0.0088,18.8305,27.3042,2.1307,4.2615,0.0029,0.0675,254.2112,19.1766,0.026,27.3042
2019-03-02,7.872773809609,0.457202797202797,7.4155710124062,4.64333333333333,207.63875,319.914583333333,83.6570833333333,2.78291666666667,0.00152458333333333,0,0.0874,6.5055,0,361.5129,46.0674,6.88,5e-04,120.9013,0.4051,0.5279,0.0437,0.0087,18.8945,27.397,2.1322,4.2644,0.003,0.0694,255.0759,19.1897,0.0268,27.397
2019-03-03,7.84723042585224,0.472916666666667,7.37431375918557,3.99875,13.39375,331.846666666667,88.1704166666667,2.39166666666667,0.0104141666666667,0,0.0865,6.1282,0,364.9748,45.7378,6.88,5e-04,120.9013,0.4008,0.5189,0.0433,0.0087,18.9586,27.4899,2.1336,4.2673,0.0031,0.0712,255.9406,19.2027,0.0275,27.4899
2019-03-04,7.97775675157917,0.483846153846154,7.49391059773301,0.99625,174.66,297.45625,70.6704166666667,3.85208333333333,0.000508333333333333,0,0.0914,5.4806,0,371.0514,45.4083,6.88,5e-04,120.9013,0.3966,0.5099,0.0429,0.0086,19.0226,27.5828,2.1351,4.2702,0.0031,0.0731,256.8052,19.2157,0.0282,27.5828
2019-03-05,7.98515816124704,0.418819444444444,7.5663387168026,-2.16,226.492916666667,229.347083333333,47.4125,2.15666666666667,0,0,0.088,4.9576,0,376.0865,45.0787,6.88,5e-04,120.9013,0.3923,0.5009,0.0425,0.0085,19.0867,27.6757,2.1365,4.2731,0.0032,0.0749,257.6699,19.2288,0.0289,27.6757
2019-03-06,8.25139071104811,0.456527777777778,7.79486293327033,-3.85875,228.47875,242.9175,43.2829166666667,2.73791666666667,0,0,0.0866,4.4268,0,381.317,44.7491,6.88,5e-04,120.9013,0.388,0.4919,0.0421,0.0084,19.1507,27.7685,2.138,4.276,0.0033,0.0767,258.5346,19.2418,0.0296,27.7685
2019-03-07,8.31719761059306,0.435902777777778,7.88129483281528,-0.20625,177.37625,247.188333333333,35.7008333333333,2.01541666666667,0,0,0.0829,4.726,0,378.3531,44.4195,6.88,5e-04,120.9013,0.3838,0.4829,0.0417,0.0083,19.2148,27.8614,2.1394,4.2789,0.0034,0.0786,259.3992,19.2548,0.0303,27.8614
2019-03-08,8.6015151899681,0.469375,8.1321401899681,0.5325,35.7441666666667,316.885,65.1883333333333,1.23166666666667,0,0,0.0818,4.7344,0,378.2711,44.09,6.88,5e-04,120.9013,0.3795,0.4739,0.0413,0.0083,19.2788,27.9543,2.1409,4.2818,0.0034,0.0804,260.2639,19.2679,0.031,27.9543
2019-03-09,8.5709119540728,0.488881118881119,8.08203083519168,0.629166666666667,39.9920833333333,331.961666666667,97.4320833333333,1.37458333333333,0.00304833333333333,0,0.0826,4.9725,0,375.9415,43.7604,6.88,5e-04,120.9013,0.3752,0.465,0.0409,0.0082,19.3429,28.0471,2.1423,4.2846,0.0035,0.0823,261.1285,19.2809,0.0317,28.0471
2019-03-10,8.79617641910506,0.601180555555556,8.1949958635495,7.15833333333333,182.682083333333,339.275416666667,82.725,1.66416666666667,0.00482666666666667,0,0.0805,6.1633,0,364.6503,43.4308,6.88,5e-04,120.9013,0.371,0.456,0.0405,0.0081,19.4069,28.14,2.1438,4.2875,0.0036,0.0841,261.9932,19.294,0.0325,28.14
2019-03-11,8.72381379464652,0.743098591549296,7.98071520309722,12.0354166666667,91.8795833333333,313.094583333333,30.9379166666667,2.18291666666667,0,0,0.085,6.1016,0,365.2217,43.1012,6.88,5e-04,120.9013,0.3667,0.447,0.0401,0.008,19.471,28.2329,2.1452,4.2904,0.0037,0.086,262.8579,19.307,0.0332,28.2329
2019-03-12,8.88459229054626,0.904055944055944,7.98053634649032,7.485,211.53,263.38875,27.0283333333333,2.49416666666667,0,0,0.0832,5.8295,0,367.7567,42.7717,6.88,5e-04,120.9013,0.3624,0.438,0.0397,0.0079,19.535,28.3258,2.1467,4.2933,0.0038,0.0878,263.7225,19.32,0.0339,28.3258
2019-03-13,8.10288977794002,0.875277777777778,7.22761200016225,5.81625,168.40125,287.254583333333,49.22,2.7275,0,0,0.0823,6.2728,0,363.6415,42.4421,6.88,5e-04,120.9013,0.3582,0.429,0.0393,0.0079,19.5991,28.4186,2.1481,4.2962,0.0038,0.0897,264.5872,19.3331,0.0346,28.4186
2019-03-14,8.41233371195236,1.04669014084507,7.36564357110729,11.6791666666667,153.873333333333,339.522083333333,62.6270833333333,2.58416666666667,0,0,0.0825,7.6523,0,351.3307,42.1125,6.88,5e-04,120.9013,0.3539,0.42,0.0389,0.0078,19.6631,28.5115,2.1496,4.2991,0.0039,0.0915,265.4519,19.3461,0.0353,28.5115
2019-03-15,8.27252253634297,1.72159722222222,6.55092531412075,16.87375,80.63375,382.09625,69.5079166666667,2.955,0,0,0.0839,8.7864,0,341.7407,41.7829,6.88,5e-04,120.9013,0.3497,0.411,0.0385,0.0077,19.7272,28.6044,2.151,4.302,0.004,0.0934,266.3165,19.3591,0.036,28.6044
2019-03-16,8.52777527961764,2.15867132867133,6.36910395094631,8.21583333333333,226.375,278.637916666667,35.2129166666667,3.34541666666667,0,0,0.0842,7.2803,0,354.5786,41.4534,6.88,5e-04,120.9013,0.3454,0.402,0.0381,0.0076,19.7912,28.6972,2.1525,4.3049,0.0041,0.0952,267.1812,19.3722,0.0367,28.6972
2019-03-17,8.40390175232038,2.62673611111111,5.77716564120927,5.77791666666667,239.084166666667,259.075833333333,35.1658333333333,2.4975,0,0,0.0836,7.2817,0,354.5667,41.1238,6.88,5e-04,120.9013,0.3411,0.393,0.0377,0.0075,19.8552,28.7901,2.1539,4.3078,0.0042,0.0971,268.0459,19.3852,0.0374,28.7901
2019-03-18,8.68995734914537,3.17986111111111,5.51009623803426,5.17583333333333,200.61875,279.399166666667,46.2341666666667,2.85541666666667,0,0,0.0842,7.3252,0,354.1842,40.7942,6.88,5e-04,120.9013,0.3369,0.384,0.0373,0.0075,19.9193,28.883,2.1554,4.3107,0.0042,0.0989,268.9105,19.3982,0.0382,28.883
2019-03-19,8.79484482494479,3.49608391608392,5.29876090886087,3.3275,247.247083333333,247.939166666667,46.0070833333333,2.54041666666667,0,0,0.0835,7.3136,0,354.2854,40.4646,6.88,6e-04,120.9013,0.3326,0.375,0.0369,0.0074,19.9833,28.9759,2.1568,4.3136,0.0043,0.1008,269.7752,19.4113,0.0389,28.9759
2019-03-20,9.11941017473522,3.61166666666667,5.50774350806855,4.72,230.935833333333,266.363333333333,48.07625,1.85041666666667,0,0,0.083,7.7069,0,350.8584,40.1351,6.88,6e-04,120.9013,0.3283,0.366,0.0364,0.0073,20.0474,29.0687,2.1583,4.3165,0.0044,0.1026,270.6399,19.4243,0.0396,29.0687
2019-03-21,8.44835859450595,2.6479020979021,5.80045649660385,7.11416666666667,145.078333333333,336.65,68.4345833333333,2.35958333333333,0.00838208333333333,0,0.0836,8.3975,0,344.9771,39.8055,6.88,6e-04,120.9013,0.3241,0.357,0.036,0.0072,20.1114,29.1616,2.1597,4.3194,0.0045,0.1045,271.5045,19.4373,0.0403,29.1616
2019-03-22,8.52074124477512,3.01590277777778,5.50483846699734,7.53083333333333,207.221666666667,316.181666666667,54.3995833333333,2.87083333333333,0,0,0.0827,7.939,0,348.8627,39.4759,6.88,6e-04,120.9013,0.3198,0.348,0.0356,0.0071,20.1755,29.2545,2.1612,4.3223,0.0046,0.1063,272.3692,19.4504,0.041,29.2545
2019-03-23,8.63606850195779,3.00166666666667,5.63440183529112,6.53208333333333,260.877083333333,257.027916666667,34.6195833333333,3.16458333333333,0,0,0.0771,7.6233,0,351.5816,39.1463,6.88,6e-04,120.9013,0.3155,0.339,0.0352,0.007,20.2395,29.3473,2.1626,4.3252,0.0046,0.1082,273.2338,19.4634,0.0417,29.3473
2019-03-24,8.74203345860795,3.31408450704225,5.4279489515657,9.28666666666667,221.170416666667,281.097083333333,35.3091666666667,2.59583333333333,0,0,0.0776,8.3605,0,345.2876,38.8167,6.88,6e-04,120.9013,0.3113,0.33,0.0348,0.007,20.3036,29.4402,2.164,4.3281,0.0047,0.11,274.0985,19.4764,0.0424,29.4402
2019-03-25,8.77976503935316,3.8087323943662,4.97103264498696,11.58,61.8133333333333,338.380833333333,61.4425,1.69291666666667,0.00254,0,0.0754,9.0916,0,339.2375,38.4872,6.88,6e-04,120.9013,0.307,0.321,0.0344,0.0069,20.3676,29.5331,2.1655,4.331,0.0048,0.1119,274.9632,19.4895,0.0431,29.5331
2019-03-26,8.9858544454499,3.98356643356643,5.00228801188347,7.92666666666667,220.74875,331.040416666667,66.4925,2.91083333333333,0.00101666666666667,0,0.0736,9.2082,0,338.289,38.1576,6.88,6e-04,120.9013,0.3027,0.312,0.034,0.0068,20.4317,29.626,2.1669,4.3339,0.0049,0.1137,275.8278,19.5025,0.0439,29.626
2019-03-27,8.93095422837987,4.16958041958042,4.76137380879945,5.16,267.094583333333,253.047916666667,34.1066666666667,1.755,0,0,0.0701,8.6896,0,342.5412,37.828,6.88,6e-04,120.9013,0.2985,0.303,0.0336,0.0067,20.4957,29.7188,2.1684,4.3368,0.005,0.1156,276.6925,19.5155,0.0446,29.7188
2019-03-28,9.21324319798118,3.86323943661972,5.35000376136146,7.14583333333333,247.275416666667,275.180416666667,48.0570833333333,2.29083333333333,0,0,0.0697,9.3114,0,337.4546,37.4984,6.88,6e-04,120.9013,0.2942,0.294,0.0332,0.0066,20.5598,29.8117,2.1698,4.3397,0.005,0.1174,277.5572,19.5286,0.0453,29.8117
2019-03-29,9.02825796309616,3.55090909090909,5.47734887218707,13.7808333333333,208.259166666667,323.81,46.635,2.26583333333333,0,0,0.0709,10.4596,0,328.4017,37.1689,6.88,6e-04,120.9013,0.29,0.285,0.0328,0.0066,20.6238,29.9046,2.1713,4.3426,0.0051,0.1193,278.4218,19.5416,0.046,29.9046
2019-03-30,9.19406563060395,3.46770833333333,5.72635729727062,14.80625,197.574583333333,340.859583333333,51.7725,3.20375,0,0,0.0713,11.5012,0,320.5523,36.8393,6.88,6e-04,120.9013,0.2857,0.2761,0.0324,0.0065,20.6879,29.9974,2.1727,4.3455,0.0052,0.1211,279.2865,19.5547,0.0467,29.9974
2019-03-31,9.33215028506579,3.44640845070423,5.88574183436156,11.98375,257.13875,328.547916666667,53.2779166666667,3.59666666666667,0,0,0.0729,11.009,0,324.2202,36.5097,6.88,6e-04,120.9013,0.2814,0.2671,0.032,0.0064,20.7519,30.0903,2.1742,4.3484,0.0053,0.123,280.1512,19.5677,0.0474,30.0903
2019-04-01,9.63170724357368,3.62274647887324,6.00896076470044,1.99375,272.10125,242.5225,41.09875,2.83875,0,0,0.0768,9.275,0,337.7483,36.1801,6.88,6e-04,120.9013,0.2772,0.2581,0.0316,0.0063,20.816,30.1832,2.1756,4.3513,0.0053,0.1248,281.0158,19.5807,0.0481,30.1832
2019-04-02,9.74215349103228,3.34202797202797,6.40012551900431,3.87958333333333,126.754166666667,282.2175,44.8354166666667,1.23791666666667,0,0,0.0763,8.9901,0,340.066,36.7242,6.88,6e-04,120.9013,0.2811,0.2696,0.0331,0.0066,20.697,30.0107,2.1948,4.3895,0.0059,0.1368,279.41,19.7528,0.0528,30.0107
2019-04-03,8.8816318976023,3.61387323943662,5.26775865816568,9.52208333333333,271.923333333333,280.053333333333,44.7683333333333,2.29875,0,0,0.0716,9.9823,0,332.1123,37.2683,6.88,0.0018,120.9013,0.2851,0.2811,0.0346,0.0069,20.5781,29.8382,2.2139,4.4277,0.0064,0.1489,277.8042,19.9248,0.0574,29.8382
2019-04-04,9.01758036665803,2.96741258741259,6.05016777924544,13.4045833333333,260.392916666667,321.610833333333,41.1083333333333,2.70041666666667,0,0,0.0635,11.0403,0,323.9844,37.8123,6.88,0.003,120.9013,0.289,0.2926,0.0361,0.0072,20.4591,29.6658,2.233,4.466,0.0069,0.1609,276.1984,20.0969,0.0621,29.6658
2019-04-05,9.16878531513821,3.01418439716312,6.15460091797509,11.6245833333333,60.8320833333333,368.835416666667,73.8233333333333,1.55083333333333,0.0111766666666667,0,0.0604,10.7936,0,325.8478,38.3564,6.88,0.0042,120.9013,0.293,0.3041,0.0376,0.0075,20.3402,29.4933,2.2521,4.5042,0.0074,0.1729,274.5926,20.269,0.0667,29.4933
2019-04-06,9.21710341332573,2.75423611111111,6.46286730221462,12.7391666666667,201.901666666667,379.031666666667,85.3908333333333,1.44958333333333,0,0,0.0595,11.8811,0,317.7717,38.9005,6.88,0.0054,120.9013,0.297,0.3157,0.0391,0.0078,20.2212,29.3208,2.2712,4.5425,0.0079,0.1849,272.9868,20.441,0.0713,29.3208
2019-04-07,8.96509128374837,3.32416666666667,5.6409246170817,14.2883333333333,71.7516666666667,382.062916666667,91.7083333333333,1.95541666666667,0.000507916666666667,0,0.0547,12.3279,0,314.5558,39.4445,6.88,0.0066,120.9013,0.3009,0.3272,0.0406,0.0081,20.1023,29.1483,2.2903,4.5807,0.0084,0.1969,271.381,20.6131,0.076,29.1483
2019-04-08,8.99915298077488,2.44471830985915,6.55443467091573,15.8720833333333,136.032083333333,400.736666666667,89.1170833333333,1.88,0.0208279166666667,0,0.0641,13.1066,0,309.0872,39.9886,6.88,0.0079,120.9013,0.3049,0.3387,0.0421,0.0084,19.9833,28.9759,2.3095,4.6189,0.009,0.209,269.7752,20.7852,0.0806,28.9759
2019-04-09,8.98417131609897,2.25944444444444,6.72472687165453,17.0095833333333,193.647916666667,383.1825,77.0375,1.96291666666667,0,0,0.0699,13.7821,0,304.4783,40.5326,6.88,0.0091,120.9013,0.3088,0.3502,0.0436,0.0087,19.8644,28.8034,2.3286,4.6572,0.0095,0.221,268.1694,20.9572,0.0852,28.8034
2019-04-10,9.10956533683399,2.54615384615385,6.56341149068014,15.90875,278.919583333333,316.668333333333,41.1525,2.06333333333333,0,0,0.0616,13.7628,0,304.6081,41.0767,6.88,0.0103,120.9013,0.3128,0.3618,0.0451,0.009,19.7455,28.6309,2.3477,4.6954,0.01,0.233,266.5636,21.1293,0.0899,28.6309
2019-04-11,9.21050027251815,3.13902097902098,6.07147929349717,15.9445833333333,179.55625,347.83625,51.4625,2.19208333333333,0,0,0.0559,14.1456,0,302.0483,41.6208,6.88,0.0115,120.9013,0.3168,0.3733,0.0466,0.0093,19.6265,28.4584,2.3668,4.7336,0.0105,0.245,264.9578,21.3014,0.0945,28.4584
2019-04-12,9.35459733340047,4.36077464788732,4.99382268551315,16.7529166666667,42.2533333333333,392.304166666667,84.2616666666667,2.69916666666667,0.00482625,0,0.0573,14.4809,0,299.8375,42.1648,6.88,0.0127,120.9013,0.3207,0.3848,0.0481,0.0096,19.5076,28.286,2.3859,4.7719,0.011,0.2571,263.352,21.4734,0.0992,28.286
2019-04-13,9.48395454975098,4.97013986013986,4.51381468961112,16.4429166666667,85.5616666666667,400.570416666667,88.4058333333333,1.78041666666667,0.01371625,0,0.0673,14.536,0,299.4769,42.7089,6.88,0.0139,120.9013,0.3247,0.3963,0.0496,0.0099,19.3886,28.1135,2.4051,4.8101,0.0115,0.2691,261.7462,21.6455,0.1038,28.1135
2019-04-14,9.51684494330454,6.50534725,3.01149769330454,15.83125,22.1833333333333,396.449166666667,98.6745833333333,2.275,0.0429266666666667,0,0.1219,14.3743,0,300.5376,43.2529,6.88,0.0152,120.9013,0.3286,0.4078,0.0511,0.0102,19.2697,27.941,2.4242,4.8483,0.012,0.2811,260.1404,21.8175,0.1084,27.941
2019-04-15,9.68684089681963,6.47671327272727,3.21012762409236,11.9108333333333,218.984166666667,333.665,66.69375,3.445,0.0058425,0,0.1388,12.5585,0,312.9183,43.797,6.88,0.0164,120.9013,0.3326,0.4194,0.0526,0.0105,19.1507,27.7685,2.4433,4.8866,0.0126,0.2931,258.5346,21.9896,0.1131,27.7685
2019-04-16,9.58462077055119,6.8577083125,2.72691245805119,9.99166666666667,280.325833333333,288.90625,52.42625,3.22,0,0,0.0978,12.6899,0,311.9924,43.797,6.88,0.0176,120.9013,0.3405,0.4355,0.0587,0.0117,19.1507,27.7685,2.3988,4.7975,0.0115,0.2679,258.5346,21.5889,0.1033,27.7685
2019-04-17,9.7264832789269,6.64159722916667,3.08488604976023,18.2608333333333,241.229166666667,341.712083333333,47.7991666666667,1.97208333333333,0,0,0.093,14.1842,0,301.7927,43.797,6.88,0.0154,120.9013,0.3484,0.4516,0.0647,0.0129,19.1507,27.7685,2.3542,4.7085,0.0104,0.2427,258.5346,21.1882,0.0936,27.7685
2019-04-18,9.56893336589834,6.58615381818182,2.98277954771652,18.5845833333333,254.675,364.6775,60.5266666666667,2.85375,0.000254166666666667,0,0.0909,15.4208,0,293.7918,43.797,6.88,0.0132,120.9013,0.3564,0.4677,0.0707,0.0141,19.1507,27.7685,2.3097,4.6195,0.0093,0.2175,258.5346,20.7875,0.0839,27.7685
2019-04-19,9.70233241375958,7.69607145,2.00626096375958,18.75375,39.03625,406.339166666667,83.68625,3.60083333333333,0.0226058333333333,0,0.0967,15.5447,0,293.0114,43.797,6.88,0.011,120.9013,0.3643,0.4839,0.0767,0.0153,19.1507,27.7685,2.2652,4.5304,0.0082,0.1923,258.5346,20.3869,0.0742,27.7685
2019-04-20,9.52195985179985,8.4627778125,1.05918203929985,12.7283333333333,126.088333333333,359.304166666667,80.3533333333333,3.91541666666667,0.00228625,0,0.0981,14.1378,0,302.1002,43.797,6.88,0.0088,120.9013,0.3722,0.5,0.0827,0.0165,19.1507,27.7685,2.2207,4.4414,0.0072,0.1671,258.5346,19.9862,0.0645,27.7685
2019-04-21,9.68094488780395,6.38836878723404,3.29257610056991,9.55458333333333,294.072916666667,303.830416666667,73.7420833333333,2.39958333333333,0,0,0.091,13.8638,0,303.9294,43.797,6.88,0.0066,120.9013,0.3801,0.5161,0.0887,0.0177,19.1507,27.7685,2.1762,4.3523,0.0061,0.1419,258.5346,19.5855,0.0548,27.7685
2019-04-22,9.77652318820994,5.36943661971831,4.40708656849163,13.74625,300.050416666667,306.50625,55.4095833333333,3.8025,0.000145,0,0.0908,14.3677,0,300.5808,43.797,6.88,0.0044,120.9013,0.388,0.5323,0.0948,0.019,19.1507,27.7685,2.1316,4.2633,0.005,0.1167,258.5346,19.1848,0.045,27.7685
2019-04-23,9.91939687768463,4.48153846153846,5.43785841614617,18.3008333333333,279.627916666667,337.019583333333,55.0229166666667,2.03541666666667,0,0,0.092,15.5946,0,292.698,42.4369,6.88,0.0057,120.9013,0.388,0.5023,0.0827,0.0165,19.9833,28.9759,1.9998,3.9996,0.0073,0.1701,269.7752,17.9981,0.0656,28.9759
2019-04-24,9.94713362132669,3.88854166666667,6.05859195466002,21.99875,213.63875,376.014583333333,44.75375,1.7525,0,0,0.0908,16.3669,0,287.9231,41.0767,6.88,0.007,120.9013,0.388,0.4724,0.0707,0.0141,20.816,30.1832,1.8679,3.7359,0.0096,0.2234,281.0158,16.8114,0.0862,30.1832
2019-04-25,10.0573074784935,3.66426573426573,6.39304174422774,19.18,196.147916666667,371.091666666667,65.0658333333333,2.04291666666667,0,0,0.0892,16.8049,0,285.2763,39.7165,6.88,0.0083,120.9013,0.388,0.4424,0.0587,0.0117,21.6486,31.3905,1.7361,3.4721,0.0119,0.2767,292.2565,15.6246,0.1067,31.3905
2019-04-26,10.0452255964272,3.54978723404255,6.49543836238463,16.8766666666667,94.9395833333333,391.19125,73.00375,2.89625,0.00431791666666667,0,0.0906,16.0023,0,290.1597,38.3564,6.88,0.0097,120.9013,0.388,0.4124,0.0466,0.0093,22.4813,32.5978,1.6042,3.2084,0.0141,0.33,303.4971,14.4379,0.1273,32.5978
2019-04-27,10.0426171304933,2.71216783216783,7.33044929832548,14.1141666666667,304.652083333333,317.741666666667,42.7316666666667,2.2375,0.00101583333333333,0,0.0889,14.8142,0,297.6688,36.9962,6.88,0.011,120.9013,0.388,0.3825,0.0346,0.0069,23.3139,33.8052,1.4724,2.9447,0.0164,0.3833,314.7377,13.2512,0.1478,33.8052
2019-04-28,8.98310006305927,1.7948951048951,7.18820495816417,17.8908333333333,276.9575,365.1625,53.8895833333333,2.255,0,0,0.0901,15.7941,0,291.4512,35.6361,6.88,0.0123,120.9013,0.388,0.3525,0.0226,0.0045,24.1465,35.0125,1.3405,2.681,0.0187,0.4366,325.9784,12.0645,0.1684,35.0125
2019-04-29,9.16648713747888,1.83804195804196,7.32844517943692,12.1766666666667,194.810416666667,345.8525,66.4833333333333,2.66208333333333,0,0,0.0876,14.9632,0,296.7078,34.2759,6.88,0.0136,120.9013,0.388,0.3226,0.0105,0.0021,24.9792,36.2198,1.2086,2.4173,0.021,0.4899,337.219,10.8778,0.189,36.2198
2019-04-30,8.99606462375736,1.7172027972028,7.27886182655456,19.0225,268.200833333333,363.42625,72.11625,1.54958333333333,0,0,0.0888,16.469,0,287.3023,33.7319,6.88,0.0149,120.9013,0.4197,0.3802,0.0211,0.0042,24.6223,35.7024,1.177,2.3539,0.0198,0.4628,332.4016,10.5927,0.1785,35.7024
2019-05-01,9.21285511772649,1.44013986013986,7.77271525758663,21.5425,288.669166666667,370.8275,70.6283333333333,2.42208333333333,0,0,0.0889,17.9673,0,278.4593,33.1878,6.88,0.0162,120.9013,0.4514,0.4378,0.0316,0.0063,24.2655,35.185,1.1453,2.2906,0.0187,0.4358,327.5842,10.3076,0.1681,35.185
2019-05-02,9.17774984228869,1.75528169014085,7.42246815214784,21.3320833333333,235.32125,379.952083333333,71.9133333333333,1.64166666666667,0,0,0.0882,18.8823,0,273.295,32.6437,6.88,0.0175,120.9013,0.4831,0.4954,0.0421,0.0084,23.9086,34.6675,1.1136,2.2272,0.0175,0.4087,322.7667,10.0225,0.1576,34.6675
2019-05-03,9.33766924048244,2.31636363636364,7.0213056041188,20.6766666666667,258.75875,380.8825,81.025,1.93458333333333,0.00127,0,0.0873,19.5448,0,269.6614,32.0997,6.88,0.0189,120.9013,0.5147,0.553,0.0526,0.0105,23.5518,34.1501,1.0819,2.1639,0.0164,0.3816,317.9493,9.7375,0.1472,34.1501
2019-05-04,9.18190103540152,2.76534722222222,6.4165538131793,20.0858333333333,205.4575,411.5275,82.8616666666667,1.70833333333333,0.00584208333333333,0,0.0858,19.7245,0,268.6907,31.5556,6.88,0.0202,120.9013,0.5464,0.6106,0.0632,0.0126,23.195,33.6327,1.0503,2.1005,0.0152,0.3545,313.1319,9.4524,0.1368,33.6327
2019-05-05,9.33202989343576,3.0280985915493,6.30393130188646,18.24875,132.51875,412.660416666667,92.0695833333333,1.40791666666667,0.00889125,0,0.0838,19.401,0,270.4425,31.0115,6.88,0.0215,120.9013,0.5781,0.6682,0.0737,0.0147,22.8381,33.1153,1.0186,2.0372,0.014,0.3275,308.3145,9.1673,0.1263,33.1153
2019-05-06,9.19350900809524,2.80328671328671,6.39022229480853,17.9179166666667,307.445,341.615833333333,65.8783333333333,2.68583333333333,0,0,0.0797,19.2529,0,271.2518,30.4675,6.88,0.0228,120.9013,0.6098,0.7258,0.0842,0.0168,22.4813,32.5978,0.9869,1.9738,0.0129,0.3004,303.4971,8.8823,0.1159,32.5978
2019-05-07,9.39424134316996,3.30569444444444,6.08854689872553,17.2133333333333,204.9375,361.835416666667,84.6458333333333,1.76208333333333,0.00228583333333333,0,0.0757,19.1047,0,272.0655,30.7395,6.88,0.0196,120.9013,0.586,0.6866,0.0872,0.0174,23.195,33.6327,1.1771,2.3542,0.0124,0.2883,313.1319,10.594,0.1112,33.6327
2019-05-08,9.27861001329844,3.06202797202797,6.21658204127047,19.9204166666667,307.4675,405.642083333333,80.705,1.49375,0.000254166666666667,0,0.0702,19.7036,0,268.8029,31.0115,6.88,0.0164,120.9013,0.5622,0.6475,0.0903,0.0181,23.9086,34.6675,1.3673,2.7346,0.0118,0.2762,322.7667,12.3057,0.1065,34.6675
2019-05-09,9.4357956598928,3.47633802816901,5.95945763172379,20.795,211.92,392.248333333333,79.3654166666667,2.11125,0,0,0.0641,19.7703,0,268.4441,31.2836,6.88,0.0133,120.9013,0.5385,0.6083,0.0933,0.0187,24.6223,35.7024,1.5575,3.115,0.0113,0.2641,332.4016,14.0175,0.1019,35.7024
2019-05-10,9.35252204809274,4.346875,5.00564704809274,20.7216666666667,232.653333333333,401.159583333333,78.2279166666667,2.8,0,0,0.0575,19.707,0,268.7849,31.5556,6.88,0.0101,120.9013,0.5147,0.5691,0.0963,0.0193,25.336,36.7372,1.7477,3.4954,0.0108,0.252,342.0364,15.7292,0.0972,36.7372
2019-05-11,9.50768519979122,4.6472027972028,4.86048240258842,19.5679166666667,101.012083333333,401.366666666667,93.7591666666667,1.64166666666667,0.00787375,0,0.0557,19.451,0,270.1703,31.8276,6.88,0.0069,120.9013,0.491,0.53,0.0993,0.0199,26.0497,37.7721,1.9379,3.8758,0.0103,0.2398,351.6712,17.4409,0.0925,37.7721
2019-05-12,9.34857704009169,6.05636364335664,3.29221339673505,19.3808333333333,128.730833333333,418.327083333333,93.83125,1.51166666666667,0.0116841666666667,0,0.0611,19.2727,0,271.1432,32.0997,6.88,0.0037,120.9013,0.4672,0.4908,0.1023,0.0205,26.7634,38.8069,2.1281,4.2561,0.0098,0.2277,361.3061,19.1527,0.0878,38.8069
2019-05-13,9.33151397762713,5.23846153846154,4.09305243916558,15.1220833333333,206.174166666667,382.342916666667,84.3858333333333,1.62083333333333,0.00228666666666667,0,0.0601,17.9036,0,278.825,32.3717,6.88,5e-04,120.9013,0.4435,0.4516,0.1053,0.0211,27.4771,39.8418,2.3183,4.6365,0.0092,0.2156,370.9409,20.8644,0.0832,39.8418
2019-05-14,9.38697338116912,5.18062937062937,4.20634401053975,11.9679166666667,217.166666666667,317.729166666667,59.7570833333333,3.16333333333333,0,0,0.0538,16.0506,0,289.8614,34.548,6.88,5e-04,120.9013,0.4435,0.5438,0.1008,0.0202,25.6929,37.2547,2.2494,4.4987,0.0106,0.2481,346.8538,20.2443,0.0957,37.2547
2019-05-15,9.26414728980179,4.7509219858156,4.51322530398619,13.1079166666667,294.789583333333,313.73625,61.67875,1.99041666666667,0,0,0.0472,15.929,0,290.6134,36.7242,6.88,5e-04,120.9013,0.4435,0.6359,0.0963,0.0193,23.9086,34.6675,2.1805,4.3609,0.012,0.2807,322.7667,19.6241,0.1083,34.6675
2019-05-16,9.10774217906318,3.96666666666667,5.14107551239651,17.3016666666667,304.042083333333,331.077916666667,56.8829166666667,2.26375,0,0,0.0421,16.6369,0,286.2864,38.9005,6.88,5e-04,120.9013,0.4435,0.7281,0.0918,0.0184,22.1244,32.0804,2.1116,4.2231,0.0134,0.3132,298.6797,19.004,0.1208,32.0804
2019-05-17,9.33701027233879,3.68118055555556,5.65582971678323,19.4729166666667,239.14875,366.350416666667,73.2704166666667,2.31416666666667,0.00127,0,0.0381,17.6718,0,280.1646,41.0767,6.88,5e-04,120.9013,0.4435,0.8203,0.0872,0.0174,20.3402,29.4933,2.0426,4.0853,0.0148,0.3458,274.5926,18.3838,0.1334,29.4933
2019-05-18,9.53195501767676,3.31222222222222,6.21973279545454,23.36875,272.72375,388.275833333333,62.5966666666667,2.10666666666667,0.000254166666666667,0,0.0345,18.6819,0,274.4114,43.2529,6.88,5e-04,120.9013,0.4435,0.9124,0.0827,0.0165,18.556,26.9061,1.9737,3.9475,0.0162,0.3783,250.5055,17.7637,0.1459,26.9061
2019-05-19,9.66031435518495,2.92986013986014,6.73045421532481,22.9766666666667,291.792916666667,392.2775,78.6904166666667,2.59166666666667,0.000508333333333333,0,0.0313,19.7319,0,268.6509,45.4292,6.88,5e-04,120.9013,0.4435,1.0046,0.0782,0.0156,16.7717,24.319,1.9048,3.8097,0.0176,0.4109,226.4185,17.1435,0.1585,24.319
2019-05-20,9.66725312645015,3.10112676056338,6.56612636588677,23.1991666666667,276.903333333333,391.892083333333,64.0320833333333,1.66708333333333,0,0,0.0289,19.6916,0,268.868,47.6054,6.88,5e-04,120.9013,0.4435,1.0968,0.0737,0.0147,14.9875,21.7319,1.8359,3.6719,0.019,0.4434,202.3314,16.5234,0.171,21.7319
2019-05-21,9.713040173335,3.16673611111111,6.54630406222389,20.9470833333333,279.262083333333,355.803333333333,59.4970833333333,2.06583333333333,0,0,0.0258,18.7277,0,274.1554,46.2453,6.88,5e-04,120.9013,0.4831,1.0415,0.0767,0.0153,16.2959,23.6291,1.9253,3.8505,0.0206,0.4797,219.9952,17.3273,0.185,23.6291
2019-05-22,9.64771433458748,2.97921985815603,6.66849447643145,18.7945833333333,310.752916666667,352.740833333333,59.3825,1.61,0,0,0.0233,17.8474,0,279.1489,44.8851,6.88,5e-04,120.9013,0.5226,0.9862,0.0797,0.0159,17.6044,25.5263,2.0146,4.0291,0.0221,0.516,237.6591,18.1311,0.199,25.5263
2019-05-23,9.81937919515972,2.90555555555556,6.91382363960416,23.4925,239.237083333333,411.194583333333,69.9770833333333,1.41833333333333,0,0,0.023,19.2705,0,271.1551,43.525,6.88,5e-04,120.9013,0.5622,0.9309,0.0827,0.0165,18.9128,27.4236,2.1039,4.2078,0.0237,0.5524,255.3229,18.935,0.2131,27.4236
2019-05-24,9.69326833914189,3.64125874125874,6.05200959788315,26.1025,241.357083333333,409.194583333333,60.8208333333333,2.17333333333333,0,0,0.0218,20.1067,0,266.6466,42.1648,6.88,5e-04,120.9013,0.6018,0.8756,0.0857,0.0171,20.2212,29.3208,2.1932,4.3864,0.0252,0.5887,272.9868,19.7389,0.2271,29.3208
2019-05-25,9.89892408994325,3.60861111111111,6.29031297883214,24.3008333333333,269.68375,405.67125,77.3516666666667,1.88333333333333,0,0,0.0221,20.3477,0,265.3716,40.8047,6.88,5e-04,120.9013,0.6414,0.8203,0.0887,0.0177,21.5297,31.218,2.2825,4.5651,0.0268,0.625,290.6506,20.5427,0.2411,31.218
2019-05-26,9.75131173609657,3.02153846153846,6.72977327455811,24.7533333333333,301.692916666667,406.739166666667,72.7595833333333,2.12208333333333,0.00863625,0,0.0238,20.5624,0,264.2451,39.4445,6.88,5e-04,120.9013,0.681,0.765,0.0918,0.0184,22.8381,33.1153,2.3718,4.7437,0.0283,0.6613,308.3145,21.3466,0.2551,33.1153
2019-05-27,9.81443644104498,2.84270833333333,6.97172810771165,23.1454166666667,285.68125,401.976666666667,74.2766666666667,2.13333333333333,0.0119383333333333,0,0.0231,20.7719,0,263.1538,38.0844,6.88,5e-04,120.9013,0.7206,0.7097,0.0948,0.019,24.1465,35.0125,2.4612,4.9223,0.0299,0.6976,325.9784,22.1505,0.2691,35.0125
2019-05-28,10.0973680226379,2.743125,7.35424302263789,24.2333333333333,280.960833333333,396.034166666667,71.9666666666667,2.1875,0,0,0.0224,20.9815,0,262.0705,34.2759,6.88,5e-04,120.9013,0.5358,0.8172,0.0877,0.0175,26.3669,38.232,1.9021,3.8043,0.0235,0.5481,355.9534,17.1191,0.2114,38.232
2019-05-29,10.3366416278951,2.66659722222222,7.67004440567287,25.07125,214.59125,405.577083333333,65.36125,1.95666666666667,0.00406416666666667,0,0.0214,20.9192,0,262.3918,30.4675,6.88,5e-04,120.9013,0.3511,0.9247,0.0807,0.0161,28.5873,41.4516,1.3431,2.6862,0.0171,0.3986,385.9284,12.0878,0.1537,41.4516
2019-05-30,10.6848204588894,2.75293706293706,7.93188339595232,24.5841666666667,270.301666666667,394.98375,64.2716666666667,2.92666666666667,0,0,0.0205,20.5373,0,264.3764,26.659,6.88,5e-04,120.9013,0.1663,1.0323,0.0737,0.0147,30.8077,44.6711,0.784,1.5681,0.0107,0.249,415.9034,7.0564,0.0961,44.6711
2019-05-31,10.8585694691148,2.63055555555556,8.22801391355927,22.7029166666667,211.80875,400.794583333333,69.2175,2.53041666666667,0.0104141666666667,0,0.0207,19.7716,0,268.4374,33.7999,6.88,5e-04,120.9013,0.194,1.0645,0.0816,0.0163,25.3955,36.8235,1.3549,2.7099,0.02,0.4656,342.8393,12.1945,0.1796,36.8235
2019-06-01,10.6510249402317,2.56534722222222,8.08567771800953,19.8629166666667,294.0575,371.392083333333,77.20375,3.32583333333333,0.000762083333333333,0,0.0202,19.1852,0,271.6228,40.9407,6.88,5e-04,120.9013,0.2217,1.0968,0.0895,0.0179,19.9833,28.9759,1.9258,3.8517,0.0292,0.6821,269.7752,17.3326,0.2631,28.9759
2019-06-02,11.0133943173677,2.8858041958042,8.12759012156346,21.64375,257.677916666667,370.076666666667,71.7908333333333,2.26708333333333,0.00203208333333333,0,0.0182,19.3262,0,270.8504,48.0815,6.88,5e-04,120.9013,0.2494,1.129,0.0974,0.0195,14.5712,21.1282,2.4967,4.9935,0.0385,0.8986,196.7111,22.4706,0.3466,21.1282
2019-06-03,10.8732466824958,2.69288732394366,8.18035935855215,19.9975,306.01625,351.53125,64.6779166666667,2.92791666666667,0.000254166666666667,0,0.0215,18.175,0,277.2717,55.2223,6.88,5e-04,120.9013,0.2772,1.1613,0.1053,0.0211,9.159,13.2806,3.0676,6.1353,0.0478,1.1152,123.647,27.6087,0.4301,13.2806
2019-06-04,10.8995814607649,3.08611111111111,7.81347034965376,17.7145833333333,314.030833333333,330.304166666667,60.4525,2.12791666666667,0,0,0.0249,17.1652,0,283.1316,51.4139,6.88,5e-04,120.9013,0.3168,1.076,0.0993,0.0199,12.4896,18.1099,2.9792,5.9583,0.043,1.0028,168.6095,26.8125,0.3868,18.1099
2019-06-05,10.9836317271153,3.35723404255319,7.62639768456213,20.8791666666667,134.353333333333,392.124583333333,82.2991666666667,1.36583333333333,0.000762083333333333,0,0.0283,18.0781,0,277.8245,47.6054,6.88,5e-04,120.9013,0.3564,0.9908,0.0933,0.0187,15.8201,22.9392,2.8907,5.7814,0.0382,0.8905,213.572,26.0164,0.3435,22.9392
2019-06-06,11.1889119907132,3.77729166666667,7.41162032404652,24.00875,233.147083333333,411.639166666667,78.9183333333333,1.72333333333333,0.00127,0,0.0317,19.378,0,270.5679,43.797,6.88,5e-04,120.9013,0.3959,0.9055,0.0872,0.0174,19.1507,27.7685,2.8023,5.6045,0.0333,0.7781,258.5346,25.2203,0.3001,27.7685
2019-06-07,10.9298640452693,3.97552447552448,6.95433956974485,23.1095833333333,58.485,426.899166666667,94.7579166666667,1.63708333333333,0.02438375,0,0.0351,18.7276,0,274.156,39.9886,6.88,5e-04,120.9013,0.4355,0.8203,0.0812,0.0162,22.4813,32.5978,2.7138,5.4276,0.0285,0.6658,303.4971,24.4242,0.2568,32.5978
2019-06-08,10.9654462362884,3.35090909090909,7.61453714537928,20.3475,80.085,418.228333333333,95.1704166666667,3.79666666666667,0.0388629166666667,0,0.0636,18.1851,0,277.2142,36.1801,6.88,5e-04,120.9013,0.4751,0.735,0.0752,0.015,25.8118,37.4271,2.6253,5.2507,0.0237,0.5534,348.4596,23.6281,0.2135,37.4271
2019-06-09,11.0024926417962,3.70319444444444,7.29929819735171,19.7729166666667,104.884583333333,421.796666666667,96.02,3.15375,0.00177833333333333,0,0.062,18.9399,0,272.9756,32.3717,6.88,5e-04,120.9013,0.5147,0.6498,0.0692,0.0138,29.1424,42.2565,2.5369,5.0738,0.0189,0.4411,393.4221,22.832,0.1701,42.2565
2019-06-10,11.0918234694275,3.20092857142857,7.8908948979989,21.9758333333333,136.891666666667,435.031666666667,97.6504166666667,1.25666666666667,0.0213366666666667,0,0.0698,19.5041,0,269.8823,28.5633,6.88,5e-04,120.9013,0.5543,0.5645,0.0632,0.0126,32.4729,47.0858,2.4484,4.8969,0.0141,0.3287,438.3847,22.0359,0.1268,47.0858
2019-06-11,11.0350820668043,2.80316901408451,8.23191305271978,19.9729166666667,332.2625,362.375,63.7354166666667,4.1375,0.00228583333333333,0,0.0764,19.0675,0,272.2704,34.548,6.88,0.0042,120.9013,0.5543,0.6336,0.0647,0.0129,27.9529,40.5317,2.4299,4.8598,0.0137,0.3206,377.3641,21.8692,0.1236,40.5317
2019-06-12,10.8413361183028,3.44444444444444,7.39689167385834,17.52375,271.386666666667,351.189166666667,75.0254166666667,2.19166666666667,0,0,0.0653,18.8031,0,273.735,40.5326,6.88,0.0079,120.9013,0.5543,0.7028,0.0662,0.0132,23.4329,33.9776,2.4114,4.8228,0.0134,0.3124,316.3435,21.7026,0.1205,33.9776
2019-06-13,9.36423620898035,3.65236111111111,5.71187509786924,18.6358333333333,273.608333333333,389.861666666667,78.8016666666667,1.96458333333333,0.00304916666666667,0,0.0601,18.9102,0,273.1401,46.5173,6.88,0.0117,120.9013,0.5543,0.7719,0.0677,0.0135,18.9128,27.4236,2.3929,4.7858,0.013,0.3042,255.3229,21.536,0.1174,27.4236
2019-06-14,9.50319790596581,3.11265734265734,6.39054056330847,18.6383333333333,344.1525,319.474166666667,43.02,2.85166666666667,0,0,0.0493,17.6795,0,280.1199,52.502,6.88,0.0154,120.9013,0.5543,0.841,0.0692,0.0138,14.3928,20.8695,2.3744,4.7487,0.0127,0.2961,194.3024,21.3693,0.1142,20.8695
2019-06-15,9.72105005403385,3.09629370629371,6.62475634774014,18.8770833333333,329.0375,341.595,68.7616666666667,2.14791666666667,0,0,0.0436,18.4165,0,275.9026,58.4867,6.88,0.0191,120.9013,0.5543,0.9101,0.0707,0.0141,9.8727,14.3155,2.3559,4.7117,0.0123,0.2879,133.2818,21.2027,0.1111,14.3155
2019-06-16,9.84070882717045,2.9941958041958,6.84651302297465,22.6920833333333,206.770833333333,393.015416666667,79.5583333333333,1.4875,0.00431791666666667,0,0.0416,19.551,0,269.6275,64.4714,6.88,0.0228,120.9013,0.5543,0.9793,0.0722,0.0144,5.3527,7.7614,2.3373,4.6747,0.012,0.2798,72.2612,21.036,0.1079,7.7614
2019-06-17,9.85530355344295,3.52669065467626,6.32861289876669,23.3870833333333,210.340833333333,421.584166666667,86.6575,1.74958333333333,0.00254,0,0.0399,19.9817,0,267.3121,70.4561,6.88,0.0265,120.9013,0.5543,1.0484,0.0737,0.0147,0.8326,1.2073,2.3188,4.6376,0.0116,0.2716,11.2406,20.8694,0.1048,1.2073
2019-06-18,9.97736748590968,3.58097902097902,6.39638846493066,22.83,183.385833333333,423.663333333333,82.9941666666667,1.555,0.00431791666666667,0,0.0383,20.4123,0,265.0318,68.9327,6.88,0.024,120.9013,0.5543,1.1048,0.0758,0.0152,3.164,4.5878,2.2737,4.5475,0.0126,0.2931,42.7144,20.4635,0.113,4.5878
2019-06-19,9.97568563976412,3.92604166666667,6.04964397309745,22.0108333333333,206.2725,430.695833333333,93.0358333333333,1.34833333333333,0.000508333333333333,0,0.0369,20.6434,0,263.8221,67.4093,6.88,0.0215,120.9013,0.5543,1.1613,0.0779,0.0156,5.4954,7.9684,2.2286,4.4573,0.0135,0.3145,74.1882,20.0577,0.1213,7.9684
2019-06-20,10.0738159182442,5.56270833333333,4.51110758491084,22.815,209.705416666667,408.115416666667,82.77875,1.80333333333333,0,0,0.0355,20.6824,0,263.6191,65.8859,6.88,0.019,120.9013,0.5543,1.2177,0.08,0.016,7.8268,11.3489,2.1835,4.3671,0.0144,0.336,105.6619,19.6518,0.1296,11.3489
2019-06-21,9.69526930938986,5.12527778472222,4.56999152466764,22.065,282.916666666667,381.591666666667,57.4183333333333,2.825,0,0,0.0311,19.2311,0,271.3708,64.3626,6.88,0.0166,120.9013,0.5543,1.2742,0.0821,0.0164,10.1582,14.7294,2.1384,4.2769,0.0153,0.3574,137.1357,19.246,0.1379,14.7294
2019-06-22,9.69390421946231,4.6141958041958,5.07970841526651,20.0608333333333,165.740833333333,392.790416666667,71.77375,1.81875,0,0,0.0283,18.6858,0,274.3893,62.8392,6.88,0.0141,120.9013,0.5543,1.3306,0.0842,0.0168,12.4896,18.1099,2.0933,4.1867,0.0162,0.3789,168.6095,18.8401,0.1461,18.1099
2019-06-23,10.1065870618382,5.15819444444444,4.94839261739379,19.995,262.888333333333,373.933333333333,79.7241666666667,1.7025,0,0,0.0261,18.7046,0,274.2845,61.3158,6.88,0.0116,120.9013,0.5543,1.3871,0.0863,0.0173,14.821,21.4904,2.0482,4.0965,0.0172,0.4003,200.0833,18.4342,0.1544,21.4904
2019-06-24,10.5729070073,4.04566433566434,6.52724267163567,23.5691666666667,297.284583333333,403.115,79.7270833333333,1.61375,0,0,0.0284,19.5271,0,269.7574,59.7924,6.88,0.0091,120.9013,0.5543,1.4435,0.0884,0.0177,17.1524,24.8709,2.0032,4.0063,0.0181,0.4218,231.557,18.0284,0.1627,24.8709
2019-06-25,10.6526111421648,4.45802816901408,6.19458297315068,23.78375,240.925416666667,413.864166666667,75.4183333333333,1.73625,0.01651,0,0.0308,20.3496,0,265.3617,58.2691,6.88,0.0105,120.9013,0.5543,1.5,0.0906,0.0181,19.4838,28.2515,1.7068,3.4136,0.0163,0.3811,263.0308,15.361,0.147,28.2515
2019-06-26,10.7979722767048,4.12104895104895,6.6769233256559,23.3183333333333,312.32375,374.502083333333,72.85,2.34833333333333,0,0,0.0266,20.2154,0,266.07,56.7457,6.88,0.0119,120.9013,0.5543,1.5565,0.0927,0.0185,21.8152,31.632,1.4104,2.8208,0.0146,0.3405,294.5046,12.6937,0.1313,31.632
2019-06-27,10.8493795817275,3.69298611111111,7.15639347061638,24.6166666666667,316.371666666667,392.815,71.6016666666667,2.65166666666667,0,0,0.0262,20.4851,0,264.65,55.2223,6.88,0.0133,120.9013,0.5543,1.6129,0.0948,0.019,24.1465,35.0125,1.114,2.2281,0.0128,0.2998,325.9784,10.0264,0.1156,35.0125
2019-06-28,10.7644300491791,4.30965034965035,6.4547796995288,24.1441666666667,248.33,400.822916666667,75.8841666666667,1.94458333333333,0,0,0.0257,20.7547,0,263.2433,53.3181,6.88,0.0148,120.9013,0.4989,1.8952,0.1185,0.0237,21.8568,31.6923,1.2,2.4001,0.0113,0.264,295.0666,10.8004,0.1018,31.6923
2019-06-29,10.780193197849,4.4751048951049,6.30508830274408,23.8725,254.275416666667,402.5475,74.4895833333333,2.26958333333333,0,0,0.0189,20.4783,0,264.6852,51.4139,6.88,0.0163,120.9013,0.4435,2.1774,0.1421,0.0284,19.567,28.3722,1.2861,2.5721,0.0098,0.2282,264.1549,11.5745,0.088,28.3722
2019-06-30,10.826265589359,5.62097222222222,5.20529336713682,25.7254166666667,274.872083333333,403.41875,67.1841666666667,2.22625,0,0,0.0105,20.7755,0,263.1352,49.5097,6.88,0.0178,120.9013,0.388,2.4597,0.1658,0.0332,17.2773,25.052,1.3721,2.7441,0.0082,0.1924,233.2431,12.3486,0.0742,25.052
2019-07-01,10.5991202531175,7.4325694375,3.16655081561751,24.2741666666667,309.895833333333,387.799166666667,68.8691666666667,2.01875,0.000507916666666667,0,0.0091,20.3601,0,265.3063,47.6054,6.88,0.0193,120.9013,0.3326,2.7419,0.1895,0.0379,14.9875,21.7319,1.4581,2.9161,0.0067,0.1566,202.3314,13.1227,0.0604,21.7319
2019-07-02,10.6129381488359,6.01944055944056,4.59349758939539,24.4129166666667,244.150416666667,401.4575,79.0254166666667,2.22583333333333,0.02895625,0,0.0156,19.9159,0,267.6632,49.2376,6.88,0.0208,120.9013,0.3643,2.7005,0.185,0.037,13.917,20.1796,1.4461,2.8923,0.0068,0.1579,187.8791,13.0152,0.0609,20.1796
2019-07-03,10.5263091720289,8.07909722916667,2.44721194286221,25.50875,252.747083333333,411.02625,82.3329166666667,3.10625,0,0,0.0139,20.6676,0,263.6962,50.8698,6.88,0.0223,120.9013,0.3959,2.659,0.1805,0.0361,12.8464,18.6273,1.4342,2.8684,0.0068,0.1591,173.4269,12.9078,0.0614,18.6273
2019-07-04,10.5947513315091,8.27335663636364,2.32139469514541,24.6383333333333,215.030416666667,421.516666666667,82.4091666666667,1.88458333333333,0,0,0.0135,20.957,0,262.1967,52.502,6.88,0.0238,120.9013,0.4276,2.6175,0.176,0.0352,11.7759,17.0751,1.4223,2.8445,0.0069,0.1603,158.9747,12.8003,0.0618,17.0751
2019-07-05,10.3830372451725,9.95388890972222,0.429148335450311,23.0266666666667,200.652916666667,429.954166666667,92.5620833333333,1.30083333333333,0.0104141666666667,0,0.0124,20.7199,0,263.4241,54.1342,6.88,0.0253,120.9013,0.4593,2.576,0.1715,0.0343,10.7054,15.5228,1.4103,2.8206,0.0069,0.1615,144.5224,12.6929,0.0623,15.5228
2019-07-06,10.4393340409851,9.45055943356643,0.988774607418639,24.7858333333333,253.70125,424.01375,87.4183333333333,1.39458333333333,0.00177833333333333,0,0.0106,21.2667,0,260.6086,55.7664,6.88,0.0268,120.9013,0.491,2.5346,0.167,0.0334,9.6348,13.9705,1.3984,2.7968,0.007,0.1627,130.0702,12.5854,0.0628,13.9705
2019-07-07,10.1618923603074,9.79416663888889,0.367725721418502,24.68,164.655833333333,428.093333333333,86.6391666666667,1.78916666666667,0.000254166666666667,0,0.0092,21.0568,0,261.6831,57.3986,6.88,0.0284,120.9013,0.5226,2.4931,0.1625,0.0325,8.5643,12.4182,1.3864,2.7729,0.007,0.164,115.6179,12.478,0.0632,12.4182
2019-07-08,10.2015915894836,7.92440559440559,2.27718599507802,24.4595833333333,294.77875,410.175833333333,82.455,2.35416666666667,0,0,0.009,21.0036,0,261.9563,59.0308,6.88,0.0299,120.9013,0.5543,2.4516,0.1579,0.0316,7.4938,10.8659,1.3745,2.749,0.0071,0.1652,101.1657,12.3705,0.0637,10.8659
2019-07-09,9.89532580964967,7.65281692253521,2.24250888711446,22.1816666666667,157.094583333333,435.991666666667,85.9620833333333,1.45833333333333,0.0111758333333333,0,0.0087,20.0378,0,267.0128,57.3986,6.88,0.0279,120.9013,0.5622,2.477,0.1549,0.031,10.3485,15.0054,1.5018,3.0037,0.0088,0.2054,139.705,13.5165,0.0792,15.0054
2019-07-10,9.84956582408521,6.43251751748252,3.41704830660269,23.4366666666667,216.034583333333,418.964583333333,87.04125,1.24,0,0,0.0074,20.3158,0,265.5396,55.7664,6.88,0.0259,120.9013,0.5702,2.5023,0.1519,0.0304,13.2033,19.1448,1.6292,3.2583,0.0105,0.2456,178.2443,14.6625,0.0947,19.1448
2019-07-11,9.89549178056464,6.20965035664336,3.68584142392128,24.1,183.2675,431.109583333333,92.0441666666667,1.34,0.00812875,0,0.0083,20.7114,0,263.4685,54.1342,6.88,0.024,120.9013,0.5781,2.5276,0.1489,0.0298,16.058,23.2842,1.7565,3.513,0.0122,0.2858,216.7836,15.8085,0.1102,23.2842
2019-07-12,9.94086623371338,7.14472223611111,2.79614399760227,24.85625,287.027916666667,412.0875,75.9258333333333,2.405,0,0,0.0077,20.7247,0,263.3992,52.502,6.88,0.022,120.9013,0.586,2.553,0.1459,0.0292,18.9128,27.4236,1.8838,3.7677,0.014,0.326,255.3229,16.9544,0.1258,27.4236
2019-07-13,9.73656059486562,8.63645833333333,1.10010226153229,24.44875,292.3625,394.014166666667,74.86375,2.35083333333333,0,0,0.0071,20.7701,0,263.1633,50.8698,6.88,0.0201,120.9013,0.5939,2.5783,0.1429,0.0286,21.7676,31.563,2.0112,4.0223,0.0157,0.3662,293.8623,18.1004,0.1413,31.563
2019-07-14,9.81300899629552,9.54370627972028,0.269302716575245,25.55,314.370416666667,393.425,64.55875,3.04666666666667,0,0,0.0065,21.0212,0,261.8657,49.2376,6.88,0.0181,120.9013,0.6018,2.6037,0.1399,0.028,24.6223,35.7024,2.1385,4.277,0.0174,0.4064,332.4016,19.2464,0.1568,35.7024
2019-07-15,9.83458421778542,12.3560416527778,-2.52145743499237,25.0358333333333,233.875416666667,412.479166666667,78.39875,1.83166666666667,0.00101583333333333,0,0.0074,21.0425,0,261.7564,47.6054,6.88,0.0161,120.9013,0.6098,2.629,0.1369,0.0274,27.4771,39.8418,2.2658,4.5316,0.0191,0.4466,370.9409,20.3923,0.1723,39.8418
2019-07-16,9.42266296363284,14.6558450774648,-5.23318211383196,24.0733333333333,218.260833333333,421.880833333333,82.8958333333333,2.02583333333333,0.000762083333333333,0,0.007,20.6729,0,263.6685,45.0665,6.88,0.014,120.9013,0.5174,2.5215,0.1369,0.0274,29.975,43.4638,1.8926,3.7852,0.0167,0.3894,404.6628,17.0333,0.1502,43.4638
2019-07-17,9.38609412506585,19.9466197183099,-10.560525593244,24.8375,232.26,418.94375,85.10625,1.69666666666667,0.00457208333333333,0,0.0074,21.11,0,261.4099,42.5275,6.88,0.0119,120.9013,0.425,2.414,0.1369,0.0274,32.4729,47.0858,1.5194,3.0387,0.0142,0.3321,438.3847,13.6744,0.1281,47.0858
2019-07-18,9.42012023461623,22.0550694444444,-12.6349492098282,25.1533333333333,248.65375,423.105416666667,81.9825,2.11166666666667,0.00736625,0,0.0077,21.3086,0,260.3947,39.9886,6.88,0.0098,120.9013,0.3326,2.3065,0.1369,0.0274,34.9709,50.7077,1.1462,2.2923,0.0118,0.2749,472.1066,10.3154,0.106,50.7077
2019-07-19,9.19402238916994,24.2016783216783,-15.0076559325084,26.4566666666667,297.989166666667,418.053333333333,76.9104166666667,2.15916666666667,0,0,0.0069,21.656,0,258.636,40.4646,6.88,0.0167,120.9013,0.4435,2.3427,0.1395,0.0279,33.9301,49.1986,1.4709,2.9419,0.0113,0.2634,458.0558,13.2385,0.1016,49.1986
2019-07-20,9.14148024121004,28.5575352112676,-19.4160549700576,26.8058333333333,250.785,422.832916666667,80.02125,1.80375,0,0,0.0068,22.0766,0,256.535,40.9407,6.88,0.0235,120.9013,0.5543,2.379,0.1421,0.0284,32.8893,47.6894,1.7957,3.5915,0.0108,0.252,444.005,16.1616,0.0972,47.6894
2019-07-21,8.87679086000289,30.2935416666667,-21.4167508066638,25.2408333333333,129.93375,426.415833333333,84.32375,2.48291666666667,0.0101604166666667,0,0.0088,21.3997,0,259.9317,41.4167,6.88,0.0304,120.9013,0.6652,2.4153,0.1448,0.029,31.8485,46.1803,2.1205,4.241,0.0103,0.2405,429.9542,19.0847,0.0928,46.1803
2019-07-22,9.92579343331158,33.9898611111111,-24.0640676777995,23.2579166666667,123.209166666667,420.795,88.1554166666667,2.05708333333333,0.00123791666666667,0,0.0093,20.5658,0,264.2271,41.8928,6.88,0.0373,120.9013,0.7761,2.4516,0.1474,0.0295,30.8077,44.6711,2.4453,4.8906,0.0098,0.2291,415.9034,22.0078,0.0884,44.6711
2019-07-23,10.2331099408522,42.9596503496504,-32.7265404087982,19.6516666666667,77.7566666666667,420.692083333333,93.98,2.32041666666667,0.0203208333333333,0,0.0156,18.8759,0,273.3302,45.4292,6.88,0.0441,120.9013,0.7404,2.3479,0.1452,0.029,27.8339,40.3592,2.3217,4.6434,0.0101,0.2355,375.7583,20.8955,0.0908,40.3592
2019-07-24,11.3043504924955,46.0837062937063,-34.7793558012108,19.97875,309.012083333333,352.792083333333,72.0954166666667,3.13083333333333,0,0,0.011,18.2722,0,276.7192,48.9656,6.88,0.051,120.9013,0.7048,2.2442,0.1429,0.0286,24.8602,36.0473,2.1981,4.3963,0.0104,0.2419,335.6132,19.7831,0.0933,36.0473
2019-07-25,11.4363872178082,52.9325874125874,-41.4962001947792,20.1329166666667,316.458333333333,355.425833333333,70.46875,2.74916666666667,0,0,0.0094,18.1256,0,277.5532,52.502,6.88,0.0579,120.9013,0.6691,2.1406,0.1406,0.0281,21.8865,31.7355,2.0745,4.1491,0.0106,0.2483,295.4681,18.6708,0.0958,31.7355
2019-07-26,12.1553442144644,55.7556643356643,-43.6003201211999,21.1329166666667,291.68375,365.971666666667,76.37,1.80958333333333,0,0,0.0092,18.4695,0,275.6035,56.0384,6.88,0.0647,120.9013,0.6335,2.0369,0.1384,0.0277,18.9128,27.4236,1.9509,3.9019,0.0109,0.2548,255.3229,17.5584,0.0983,27.4236
2019-07-27,12.3962853740651,52.9345833333333,-40.5382979592682,22.12375,304.195416666667,374.96625,75.74125,1.8025,0,0,0.0089,18.9694,0,272.8124,59.5748,6.88,0.0716,120.9013,0.5979,1.9332,0.1361,0.0272,15.9391,23.1117,1.8273,3.6547,0.0112,0.2612,215.1778,16.4461,0.1007,23.1117
2019-07-28,13.742897474167,49.4593006993007,-35.7164032251337,22.5729166666667,270.2375,384.359166666667,76.6483333333333,1.81208333333333,0,0,0.0088,19.3301,0,270.8294,63.1112,6.88,0.0784,120.9013,0.5622,1.8295,0.1339,0.0268,12.9654,18.7998,1.7037,3.4075,0.0115,0.2676,175.0327,15.3337,0.1032,18.7998
2019-07-29,13.6504131634904,46.3417605633803,-32.6913473998899,23.76375,284.9925,388.739166666667,76.3691666666667,1.85208333333333,0,0,0.0083,19.9291,0,267.593,66.6476,6.88,0.0853,120.9013,0.5266,1.7258,0.1316,0.0263,9.9917,14.4879,1.5802,3.1603,0.0117,0.274,134.8876,14.2214,0.1057,14.4879
2019-07-30,14.9057683632027,43.183006993007,-28.2772386298042,23.3191666666667,220.789166666667,387.90875,80.8616666666667,1.7925,0.0119379166666667,0,0.0098,19.8418,0,268.0604,65.5595,6.88,0.0797,120.9013,0.491,1.6221,0.1294,0.0259,11.4191,16.5576,1.6521,3.3043,0.0111,0.2578,154.1572,14.8693,0.0995,16.5576
2019-07-31,15.5612362426661,33.0523076923077,-17.4910714496416,22.3383333333333,226.039583333333,401.874166666667,85.7229166666667,2.07166666666667,0.0269241666666667,0,0.0154,19.0963,0,272.112,64.4714,6.88,0.0742,120.9013,0.4553,1.5184,0.1271,0.0254,12.8464,18.6273,1.7241,3.4482,0.0104,0.2417,173.4269,15.5171,0.0932,18.6273
2019-08-01,17.3248949498065,35.4700699300699,-18.1451749802634,22.20875,205.36625,399.925,90.8604166666667,1.66166666666667,0.000762083333333333,0,0.0128,19.1028,0,272.0758,63.3833,6.88,0.0686,120.9013,0.4197,1.4147,0.1248,0.025,14.2738,20.697,1.7961,3.5922,0.0097,0.2255,192.6966,16.165,0.087,20.697
2019-08-02,16.7482819975982,33.1908333333333,-16.4425513357351,22.0025,202.664166666667,415.71875,87.7395833333333,1.61166666666667,0.01524,0,0.0112,18.9919,0,272.6879,62.2951,6.88,0.0631,120.9013,0.3841,1.3111,0.1226,0.0245,15.7012,22.7667,1.8681,3.7362,0.009,0.2093,211.9662,16.8128,0.0807,22.7667
2019-08-03,18.3839774182835,25.9467361111111,-7.56275869282765,22.9241666666667,272.701666666667,392.462083333333,87.09875,1.65625,0,0,0.0086,19.5344,0,269.7178,61.207,6.88,0.0575,120.9013,0.3484,1.2074,0.1203,0.0241,17.1286,24.8364,1.9401,3.8802,0.0083,0.1931,231.2359,17.4607,0.0745,24.8364
2019-08-04,18.645086633007,19.9621678321678,-1.31708119916084,23.8404166666667,292.6575,391.717916666667,81.4058333333333,2.28541666666667,0,0,0.0077,20.0507,0,266.944,60.1189,6.88,0.052,120.9013,0.3128,1.1037,0.1181,0.0236,18.556,26.9061,2.0121,4.0241,0.0076,0.1769,250.5055,18.1086,0.0683,26.9061
2019-08-05,20.7607576547641,17.418125,3.34263265476415,23.0866666666667,212.71,402.237083333333,83.3220833333333,1.90166666666667,0,0,0.008,19.8016,0,268.2762,59.0308,6.88,0.0464,120.9013,0.2772,1,0.1158,0.0232,19.9833,28.9759,2.084,4.1681,0.0069,0.1608,269.7752,18.7564,0.062,28.9759
2019-08-06,21.394631071141,12.8670833333333,8.52754773780773,23.3204166666667,260.38125,415.415416666667,85.3966666666667,1.54583333333333,0.0368295833333333,0,0.0438,20.3333,0,265.4473,58.4867,6.88,0.0444,120.9013,0.2772,1.0346,0.1233,0.0247,18.1991,26.3887,1.8346,3.6691,0.0088,0.2052,245.6881,16.5111,0.0792,26.3887
2019-08-07,21.9566535185413,12.1497202937063,9.80693322483503,23.37375,221.670833333333,388.489583333333,81.64,1.81291666666667,0,0,0.0278,21.4609,0,259.6211,57.9426,6.88,0.0424,120.9013,0.2772,1.0691,0.1309,0.0262,16.4149,23.8016,1.5851,3.1702,0.0107,0.2497,221.601,14.2658,0.0963,23.8016
2019-08-08,21.2482857642009,10.5461110972222,10.7021746669787,23.8870833333333,248.406666666667,386.601666666667,74.175,2.23291666666667,6.33333333333333e-05,0,0.0241,21.552,0,259.1606,57.3986,6.88,0.0403,120.9013,0.2772,1.1037,0.1384,0.0277,14.6307,21.2145,1.3356,2.6712,0.0126,0.2942,197.514,12.0205,0.1135,21.2145
2019-08-09,22.6952043316297,10.8764583333333,11.8187459982964,23.27875,212.272916666667,395.82125,77.8208333333333,2.355,0.00736625,0,0.0213,21.4354,0,259.7504,56.8545,6.88,0.0383,120.9013,0.2772,1.1382,0.1459,0.0292,12.8464,18.6273,1.0861,2.1723,0.0145,0.3386,173.4269,9.7752,0.1306,18.6273
2019-08-10,23.0735504567799,11.0251048951049,12.048445561675,22.8466666666667,244.760416666667,388.534583333333,84.5679166666667,2.00041666666667,0,0,0.0179,21.0241,0,261.8512,56.3104,6.88,0.0363,120.9013,0.2772,1.1728,0.1534,0.0307,11.0622,16.0402,0.8367,1.6733,0.0164,0.3831,149.3398,7.5299,0.1478,16.0402
2019-08-11,25.9015425895501,11.7046853076923,14.1968572818578,21.9829166666667,294.935416666667,363.13125,73.2604166666667,2.19041666666667,0,0,0.0154,19.8571,0,267.9783,55.7664,6.88,0.0343,120.9013,0.2772,1.2074,0.161,0.0322,9.278,13.4531,0.5872,1.1743,0.0183,0.4275,125.2528,5.2846,0.1649,13.4531
2019-08-12,25.0550210142155,13.2658155957447,11.7892054184708,23.9275,260.311666666667,386.014166666667,84.2508333333333,1.56125,0,0,0.0117,20.3316,0,265.4567,55.2223,6.88,0.0322,120.9013,0.2772,1.2419,0.1685,0.0337,7.4938,10.8659,0.3377,0.6754,0.0202,0.472,101.1657,3.0392,0.1821,10.8659
2019-08-13,28.2030434007547,16.5556944444444,11.6473489563103,26.5383333333333,177.62125,439.376666666667,88.1220833333333,1.16083333333333,0.00254041666666667,0,0.0092,21.3766,0,260.0492,57.3986,6.88,0.0406,120.9013,0.2772,1.4101,0.17,0.034,7.9695,11.5558,0.4895,0.979,0.0201,0.4687,107.5889,4.4054,0.1808,11.5558
2019-08-14,27.04428434421,14.4259722222222,12.6183121219878,25.8516666666667,206.005833333333,410.365,78.6654166666667,2.14416666666667,0,0,0.0077,21.4248,0,259.8043,59.5748,6.88,0.049,120.9013,0.2772,1.5783,0.1715,0.0343,8.4453,12.2457,0.6413,1.2826,0.0199,0.4654,114.0121,5.7716,0.1795,12.2457
2019-08-15,28.5191685667859,13.1800000140845,15.3391685527014,24.6120833333333,240.47375,410.507083333333,83.28375,1.67625,0.0109220833333333,0,0.0099,21.1689,0,261.1083,61.7511,6.88,0.0573,120.9013,0.2772,1.7465,0.173,0.0346,8.9211,12.9356,0.7931,1.5862,0.0198,0.4621,120.4354,7.1378,0.1782,12.9356
2019-08-16,28.7392847222994,14.5292307692308,14.2100539530686,23.2733333333333,236.790416666667,431.460833333333,93.92875,1.55916666666667,0.0167641666666667,0,0.0105,21.0319,0,261.811,63.9273,6.88,0.0657,120.9013,0.2772,1.9147,0.1745,0.0349,9.3969,13.6256,0.9449,1.8898,0.0197,0.4587,126.8586,8.504,0.1769,13.6256
2019-08-17,31.2022669060372,13.8725874125874,17.3296794934498,24.5608333333333,246.934583333333,401.42875,84.14,1.31875,0,0,0.009,21.2549,0,260.6687,66.1036,6.88,0.0741,120.9013,0.2772,2.0829,0.176,0.0352,9.8727,14.3155,1.0967,2.1934,0.0195,0.4554,133.2818,9.8702,0.1757,14.3155
2019-08-18,30.3335749517701,12.2762237762238,18.0573511755463,24.7075,258.57,398.66625,82.0029166666667,1.56916666666667,0,0,0.0076,21.1675,0,261.1153,68.2798,6.88,0.0824,120.9013,0.2772,2.2512,0.1775,0.0355,10.3485,15.0054,1.2485,2.497,0.0194,0.4521,139.705,11.2364,0.1744,15.0054
2019-08-19,30.0330977224207,11.8349305486111,18.1981671738096,24.9345833333333,209.172083333333,407.234583333333,81.245,1.91083333333333,0,0,0.007,21.2284,0,260.8037,70.4561,6.88,0.0908,120.9013,0.2772,2.4194,0.179,0.0358,10.8243,15.6953,1.4003,2.8006,0.0192,0.4488,146.1282,12.6026,0.1731,15.6953
2019-08-20,30.453728334881,11.0399300629371,19.4137982719439,24.3883333333333,177.987916666667,407.843333333333,84.8441666666667,1.67916666666667,0,0,0.0064,21.1243,0,261.3367,70.0329,6.88,0.0637,120.9013,0.2833,2.3674,0.1802,0.036,10.7318,15.5611,1.7186,3.4372,0.0239,0.5584,144.8793,15.4673,0.2154,15.5611
2019-08-21,32.4030630269399,9.44208334027778,22.9609796866621,24.7516666666667,254.01,406.35875,81.3570833333333,1.27458333333333,0,0,0.0062,21.2312,0,260.7894,69.6097,6.88,0.0367,120.9013,0.2895,2.3154,0.1813,0.0363,10.6393,15.427,2.0369,4.0738,0.0286,0.6679,143.6303,18.332,0.2576,15.427
2019-08-22,31.5887630724009,8.92838028169014,22.6603827907108,24.76,181.11125,411.8675,82.8383333333333,1.88833333333333,0.00152416666666667,0,0.0063,21.1067,0,261.427,69.1866,6.88,0.0096,120.9013,0.2956,2.2634,0.1825,0.0365,10.5468,15.2928,2.3552,4.7104,0.0333,0.7775,142.3813,21.1968,0.2999,15.2928
2019-08-23,33.8115921578965,7.95760561971831,25.8539865381782,23.4516666666667,181.638333333333,432.197083333333,86.67625,1.94875,0.00177791666666667,0,0.0117,20.6001,0,264.0481,68.7634,6.88,0.0128,120.9013,0.3018,2.2115,0.1837,0.0367,10.4543,15.1587,2.1482,4.2964,0.0309,0.7203,141.1324,19.3338,0.2778,15.1587
2019-08-24,33.4554886468172,8.45277776388889,25.0027108829283,18.4191666666667,115.666666666667,416.043333333333,86.2129166666667,1.39541666666667,0.0259079166666667,0,0.0106,18.1936,0,277.1656,68.3403,6.88,0.016,120.9013,0.308,2.1595,0.1849,0.037,10.3617,15.0245,1.9412,3.8824,0.0284,0.6632,139.8834,17.4708,0.2558,15.0245
2019-08-25,36.9538769661106,7.36036767647059,29.59350928964,18.2675,219.61875,369.494583333333,76.4229166666667,1.495,0,0,0.0079,17.3183,0,282.2288,67.9171,6.88,0.0191,120.9013,0.3141,2.1075,0.186,0.0372,10.2692,14.8904,1.7342,3.4684,0.026,0.6061,138.6345,15.6079,0.2338,14.8904
2019-08-26,35.3639878252217,6.26496502797203,29.0990227972496,19.1183333333333,194.6575,378.045,77.4041666666667,1.77666666666667,0,0,0.0072,17.3819,0,281.8557,67.4939,6.88,0.0223,120.9013,0.3203,2.0556,0.1872,0.0374,10.1767,14.7562,1.5272,3.0544,0.0235,0.5489,137.3855,13.7449,0.2117,14.7562
2019-08-27,37.4197494292389,6.24305554166667,31.1766938875722,19.3358333333333,70.6075,421.147916666667,96.09875,1.24125,0.00279416666666667,0,0.0079,17.8201,0,279.3063,67.0708,6.88,0.0255,120.9013,0.3264,2.0036,0.1884,0.0377,10.0842,14.6221,1.3202,2.6404,0.0211,0.4918,136.1366,11.8819,0.1897,14.6221
2019-08-28,38.5805761199559,5.30405594405594,33.2765201759,22.58875,205.226666666667,416.754583333333,84.6216666666667,1.27916666666667,0,0,0.0072,18.7243,0,274.1746,66.6476,6.88,0.0286,120.9013,0.3326,1.9516,0.1895,0.0379,9.9917,14.4879,1.1132,2.2264,0.0186,0.4347,134.8876,10.019,0.1677,14.4879
2019-08-29,40.6233553571384,4.83590277777778,35.7874525793607,21.9516666666667,277.009583333333,342.16125,65.3070833333333,2.50916666666667,0,0,0.0077,17.6794,0,280.1205,67.4093,6.88,0.0281,120.9013,0.2993,2.0613,0.1916,0.0383,9.9917,14.4879,0.9961,1.9923,0.0179,0.4174,134.8876,8.9652,0.161,14.4879
2019-08-30,42.2860266756942,4.7458865248227,37.5401401508715,22.3433333333333,262.68625,350.794166666667,71.6970833333333,2.47166666666667,0,0,0.0072,17.5364,0,280.9523,68.171,6.88,0.0276,120.9013,0.2661,2.171,0.1937,0.0387,9.9917,14.4879,0.8791,1.7581,0.0171,0.4001,134.8876,7.9115,0.1543,14.4879
2019-08-31,45.1955921282556,4.59697183098592,40.5986202972696,24.27125,260.258333333333,377.785416666667,80.8654166666667,2.21458333333333,0,0,0.0071,19.031,0,272.4715,68.9327,6.88,0.0271,120.9013,0.2328,2.2806,0.1958,0.0392,9.9917,14.4879,0.762,1.5239,0.0164,0.3828,134.8876,6.8578,0.1476,14.4879
2019-09-01,44.6966690319615,4.63986013986014,40.0568088921014,24.69,228.425,393.978333333333,77.2545833333333,1.42625,0,0,0.0075,19.4515,0,270.1681,69.6944,6.88,0.0266,120.9013,0.1996,2.3903,0.198,0.0396,9.9917,14.4879,0.6449,1.2898,0.0157,0.3655,134.8876,5.804,0.141,14.4879
2019-09-02,42.7914364227856,4.75929577464789,38.0321406481377,23.32875,237.888333333333,385.213333333333,81.535,1.21375,0,0,0.0069,19.4014,0,270.4408,70.4561,6.88,0.0261,120.9013,0.1663,2.5,0.2001,0.04,9.9917,14.4879,0.5278,1.0556,0.0149,0.3482,134.8876,4.7503,0.1343,14.4879
2019-09-03,42.6722165149998,3.73573426573427,38.9364822492655,24.0629166666667,241.487916666667,381.190416666667,81.4433333333333,2.34375,0,0,0.0063,19.5796,0,269.4729,70.8792,6.88,0.0265,120.9013,0.1478,2.491,0.2059,0.0412,9.8992,14.3538,0.5946,1.1892,0.0154,0.3604,133.6386,5.3512,0.139,14.3538
2019-09-04,43.0136134031575,4.53923076923077,38.4743826339267,25.1125,254.747916666667,387.31125,80.7458333333333,1.61833333333333,0,0,0.0061,19.9884,0,267.276,71.3024,6.88,0.0269,120.9013,0.1293,2.4821,0.2118,0.0424,9.8066,14.2196,0.6613,1.3227,0.016,0.3726,132.3897,5.9521,0.1437,14.2196
2019-09-05,42.3040908753839,4.59854166666667,37.7055492087173,23.9516666666667,166.425416666667,408.268333333333,82.2491666666667,1.66375,0,0,0.0062,20.1531,0,266.4,71.7255,6.88,0.0272,120.9013,0.1109,2.4731,0.2176,0.0435,9.7141,14.0855,0.7281,1.4562,0.0165,0.3849,131.1407,6.5531,0.1484,14.0855
2019-09-06,42.8336360534218,3.1627972027972,39.6708388506246,23.00125,243.2475,382.54625,69.5370833333333,4.4725,0,0,0.0064,19.2987,0,271.0007,72.1487,6.88,0.0276,120.9013,0.0924,2.4642,0.2235,0.0447,9.6216,13.9513,0.7949,1.5898,0.017,0.3971,129.8918,7.154,0.1532,13.9513
2019-09-07,41.4785514695781,4.4413986013986,37.0371528681795,22.27375,207.27375,372.886666666667,67.27375,2.14375,0,0,0.0063,18.6429,0,274.6294,72.5719,6.88,0.028,120.9013,0.0739,2.4552,0.2293,0.0459,9.5291,13.8172,0.8617,1.7233,0.0175,0.4093,128.6428,7.755,0.1579,13.8172
2019-09-08,40.7584699190536,5.05583333333333,35.7026365857202,22.25375,246.535,361.628333333333,76.97375,2.21791666666667,0,0,0.0064,18.3092,0,276.5095,72.995,6.88,0.0284,120.9013,0.0554,2.4462,0.2352,0.047,9.4366,13.683,0.9284,1.8569,0.0181,0.4215,127.3938,8.3559,0.1626,13.683
2019-09-09,39.4112179774175,6.17860140559441,33.2326165718231,25.1308333333333,174.11625,411.353333333333,77.6354166666667,1.28416666666667,0,0,0.0061,19.3965,0,270.4674,73.4182,6.88,0.0287,120.9013,0.037,2.4373,0.241,0.0482,9.3441,13.5489,0.9952,1.9904,0.0186,0.4338,126.1449,8.9568,0.1673,13.5489
2019-09-10,38.2393866873474,5.31971631205674,32.9196703752906,24.58375,140.41,414.925,86.54375,1.21041666666667,0,0,0.0063,19.7489,0,268.5595,73.8413,6.88,0.0291,120.9013,0.0185,2.4283,0.2469,0.0494,9.2515,13.4147,1.062,2.1239,0.0191,0.446,124.8959,9.5578,0.172,13.4147
2019-09-11,37.6513338139606,3.13923076923077,34.5121030447298,25.4741666666667,231.70625,408.878333333333,83.5245833333333,1.4175,0.00304791666666667,0,0.0066,20.4236,0,264.9722,74.2645,6.88,0.0295,120.9013,0,2.4194,0.2527,0.0505,9.159,13.2806,1.1287,2.2575,0.0196,0.4582,123.647,10.1587,0.1767,13.2806
2019-09-12,37.3219442885402,2.85583333333333,34.4661109552069,24.8741666666667,205.221666666667,420.925416666667,85.97,1.81791666666667,0.00990625,0,0.0075,20.5215,0,264.4593,73.8413,6.88,0.0286,120.9013,0.0616,2.3781,0.248,0.0496,9.159,13.2806,1.1003,2.2005,0.0198,0.4618,123.647,9.9023,0.1781,13.2806
2019-09-13,36.7159154670288,3.45347222222222,33.2624432448065,22.6825,55.8741666666667,413.616666666667,97.86,1.79583333333333,0.000762083333333333,0,0.0068,19.8296,0,268.1258,73.4182,6.88,0.0276,120.9013,0.1232,2.3369,0.2433,0.0487,9.159,13.2806,1.0718,2.1436,0.0199,0.4653,123.647,9.646,0.1795,13.2806
2019-09-14,36.1688937991274,3.62447552447552,32.5444182746519,21.0745833333333,99.0920833333333,426.86,96.9945833333333,1.53416666666667,0.00127041666666667,0,0.0072,19.1236,0,271.9612,72.995,6.88,0.0267,120.9013,0.1848,2.2957,0.2387,0.0477,9.159,13.2806,1.0433,2.0866,0.0201,0.4688,123.647,9.3896,0.1808,13.2806
2019-09-15,35.1109075929298,3.3620979020979,31.7488096908319,22.83625,168.816666666667,412.815416666667,89.8,1.61708333333333,0.000508333333333333,0,0.007,19.4471,0,270.1918,72.5719,6.88,0.0258,120.9013,0.2464,2.2545,0.234,0.0468,9.159,13.2806,1.0148,2.0296,0.0202,0.4723,123.647,9.1333,0.1822,13.2806
2019-09-16,34.2847726235683,2.80732394366197,31.4774486799063,22.6695833333333,229.787083333333,374.421666666667,81.1108333333333,1.70541666666667,0,0,0.0064,19.3283,0,270.8391,72.1487,6.88,0.0249,120.9013,0.308,2.2133,0.2293,0.0459,9.159,13.2806,0.9863,1.9727,0.0204,0.4759,123.647,8.8769,0.1835,13.2806
2019-09-17,33.5017095525018,2.30676056338028,31.1949489891215,21.8741666666667,185.934166666667,391.1375,84.9891666666667,2.25,0,0,0.0062,19.2497,0,271.2692,71.7255,6.88,0.024,120.9013,0.3695,2.172,0.2246,0.0449,9.159,13.2806,0.9578,1.9157,0.0205,0.4794,123.647,8.6206,0.1849,13.2806
2019-09-18,33.3613862506327,2.65520833333333,30.7061779172994,20.3658333333333,136.687083333333,402.08375,83.2595833333333,1.55291666666667,0,0,0.0061,18.4358,0,275.7932,71.3024,6.88,0.0231,120.9013,0.4311,2.1308,0.2199,0.044,9.159,13.2806,0.9294,1.8587,0.0207,0.4829,123.647,8.3642,0.1863,13.2806
2019-09-19,33.2521846728375,2.99277777777778,30.2594068950597,17.2820833333333,136.222083333333,369.15375,71.8245833333333,1.20458333333333,0,0,0.0062,16.2633,0,288.5551,70.8792,6.88,0.0222,120.9013,0.4927,2.0896,0.2153,0.0431,9.159,13.2806,0.9009,1.8018,0.0208,0.4865,123.647,8.1079,0.1876,13.2806
2019-09-20,33.0676689052179,3.63548611111111,29.4321827941068,16.0191666666667,225.282916666667,326.39125,82.2541666666667,1.55041666666667,0,0,0.0061,16.7749,0,285.4562,70.4561,6.88,0.0213,120.9013,0.5543,2.0484,0.2106,0.0421,9.159,13.2806,0.8724,1.7448,0.021,0.49,123.647,7.8515,0.189,13.2806
2019-09-21,32.696703671877,4.45256944444444,28.2441342274326,21.4016666666667,145.925833333333,379.057083333333,84.6475,1.79541666666667,0,0,0.0061,17.2865,0,282.4163,71.5442,6.88,0.0204,120.9013,0.5622,2.0069,0.2091,0.0418,9.159,13.2806,0.8106,1.6211,0.0202,0.4713,123.647,7.2951,0.1818,13.2806
2019-09-22,31.9269078040906,4.24326388888889,27.6836439152017,23.7495833333333,214.612916666667,385.183333333333,80.6045833333333,1.94583333333333,0,0,0.0061,18.735,0,274.1147,72.6323,6.88,0.0195,120.9013,0.5702,1.9654,0.2076,0.0415,9.159,13.2806,0.7487,1.4975,0.0194,0.4527,123.647,6.7386,0.1746,13.2806
2019-09-23,31.2495118183276,4.28258741258741,26.9669244057402,23.87375,171.196666666667,385.35,72.31875,2.23708333333333,0,0,0.0058,18.8231,0,273.6237,73.7204,6.88,0.0186,120.9013,0.5781,1.924,0.2061,0.0412,9.159,13.2806,0.6869,1.3738,0.0186,0.434,123.647,6.1821,0.1674,13.2806
2019-09-24,30.8906571265112,4.88622377622378,26.0044333502874,22.5054166666667,230.400833333333,359.279166666667,62.1470833333333,2.52125,0,0,0.006,18.0319,0,278.0891,74.8086,6.88,0.0177,120.9013,0.586,1.8825,0.2046,0.0409,9.159,13.2806,0.6251,1.2501,0.0178,0.4154,123.647,5.6257,0.1602,13.2806
2019-09-25,30.396682457726,5.40713287412587,24.9895495836002,19.71625,210.474583333333,343.084583333333,73.18375,2.53916666666667,0,0,0.0059,16.5375,0,286.8869,75.8967,6.88,0.0168,120.9013,0.5939,1.841,0.2031,0.0406,9.159,13.2806,0.5632,1.1265,0.017,0.3968,123.647,5.0692,0.153,13.2806
2019-09-26,30.077240723108,5.57288732394366,24.5043533991644,23.8279166666667,145.842916666667,383.782916666667,67.8908333333333,2.22291666666667,0,0,0.0059,17.9053,0,278.8154,76.9848,6.88,0.0159,120.9013,0.6018,1.7995,0.2016,0.0403,9.159,13.2806,0.5014,1.0028,0.0162,0.3781,123.647,4.5127,0.1458,13.2806
2019-09-27,29.3391221523432,4.59929078014184,24.7398313722013,22.0825,196.605416666667,368.3725,77.9179166666667,2.34125,0,0,0.006,17.8884,0,278.9125,78.0729,6.88,0.015,120.9013,0.6098,1.7581,0.2001,0.04,9.159,13.2806,0.4396,0.8792,0.0154,0.3595,123.647,3.9563,0.1387,13.2806
2019-09-28,28.7876224714238,4.51631944444444,24.2713030269794,24.2620833333333,147.50375,410.965416666667,87.8816666666667,1.34625,0.00101583333333333,0,0.0062,18.9503,0,272.9179,78.0729,6.88,0.0166,120.9013,0.5979,1.659,0.1971,0.0394,9.159,13.2806,0.425,0.85,0.0157,0.3674,123.647,3.8252,0.1417,13.2806
2019-09-29,28.0206651422432,3.77643356643357,24.2442315758096,24.7591666666667,191.662083333333,401.80125,84.5545833333333,1.92541666666667,0,0,0.006,19.8542,0,267.9939,78.0729,6.88,0.0182,120.9013,0.586,1.5599,0.194,0.0388,9.159,13.2806,0.4105,0.8209,0.0161,0.3753,123.647,3.6941,0.1448,13.2806
2019-09-30,28.1146886398333,2.81769230769231,25.296996332141,24.5308333333333,113.998333333333,421.664583333333,83.9204166666667,1.30833333333333,0,0,0.0059,19.8905,0,267.7992,78.0729,6.88,0.0198,120.9013,0.5741,1.4608,0.191,0.0382,9.159,13.2806,0.3959,0.7918,0.0164,0.3832,123.647,3.5631,0.1478,13.2806
2019-10-01,27.3496196720919,2.55006944444444,24.7995502276474,23.9054166666667,158.637916666667,411.9,85.5504166666667,0.965833333333333,0,0,0.006,19.8786,0,267.8628,78.0729,6.88,0.0214,120.9013,0.5622,1.3618,0.188,0.0376,9.159,13.2806,0.3813,0.7627,0.0168,0.3911,123.647,3.432,0.1509,13.2806
2019-10-02,27.4628472809445,1.88594405594406,25.5769032250004,25.74875,182.335833333333,398.60875,75.2320833333333,2.1,0,0,0.0056,20.3705,0,265.2515,78.0729,6.88,0.023,120.9013,0.5504,1.2627,0.185,0.037,9.159,13.2806,0.3668,0.7335,0.0171,0.3991,123.647,3.3009,0.1539,13.2806
2019-10-03,26.8348574730777,2.57567375886525,24.2591837142124,26.0170833333333,200.78,389.225,63.6575,2.72083333333333,0,0,0.0055,20.1773,0,266.2719,78.0729,6.88,0.0247,120.9013,0.5385,1.1636,0.182,0.0364,9.159,13.2806,0.3522,0.7044,0.0174,0.407,123.647,3.1699,0.157,13.2806
2019-10-04,27.1613155459685,2.71867132867133,24.4426442172972,24.0354166666667,205.606666666667,373.27625,57.7929166666667,2.99166666666667,0,0,0.0052,19.5077,0,269.8625,78.0729,6.88,0.0263,120.9013,0.5266,1.0645,0.179,0.0358,9.159,13.2806,0.3376,0.6753,0.0178,0.4149,123.647,3.0388,0.16,13.2806
2019-10-05,26.4000405560784,3.76118055555556,22.6388600005229,14.2058333333333,65.3408333333333,373.267916666667,64.7658333333333,1.7475,0,0,0.0059,15.0079,0,296.4207,78.0729,6.88,0.0279,120.9013,0.5147,0.9654,0.176,0.0352,9.159,13.2806,0.3869,0.7737,0.0171,0.3996,123.647,3.4817,0.1541,13.2806
2019-10-06,26.6283378028775,3.63631944444444,22.9920183584331,15.2245833333333,57.6970833333333,399.156666666667,91.585,0.812083333333333,0.00457208333333333,0,0.0073,15.0688,0,296.0308,78.0729,6.88,0.0295,120.9013,0.5029,0.8664,0.173,0.0346,9.159,13.2806,0.4361,0.8721,0.0165,0.3842,123.647,3.9246,0.1482,13.2806
2019-10-07,25.7648804707677,4.41642857142857,21.3484518993391,20.81625,86.3041666666667,400.589166666667,87.9854166666667,1.34916666666667,0,0,0.0061,16.7067,0,285.8661,78.0729,6.88,0.0311,120.9013,0.491,0.7673,0.17,0.034,9.159,13.2806,0.4853,0.9706,0.0158,0.3689,123.647,4.3675,0.1423,13.2806
2019-10-08,25.8120109131229,4.72673611111111,21.0852748020118,15.5029166666667,31.205,393.959166666667,92.1766666666667,3.62083333333333,0.00736583333333333,0,0.0078,15.0666,0,296.0448,78.0729,6.88,0.0327,120.9013,0.4791,0.6682,0.167,0.0334,9.159,13.2806,0.5345,1.069,0.0152,0.3536,123.647,4.8104,0.1364,13.2806
2019-10-09,25.4531708685423,4.32734265734266,21.1258282111996,15.28875,204.00375,367.085416666667,81.1758333333333,1.95291666666667,0,0,0.0067,14.3534,0,300.6747,78.0729,6.88,0.0344,120.9013,0.4672,0.5691,0.164,0.0328,9.159,13.2806,0.5837,1.1674,0.0145,0.3382,123.647,5.2534,0.1305,13.2806
2019-10-10,25.1376564673363,4.32028169014085,20.8173747771955,16.915,194.074166666667,356.56125,76.8475,1.51208333333333,0,0,0.0065,14.7021,0,298.3951,78.0729,6.88,0.036,120.9013,0.4553,0.47,0.161,0.0322,9.159,13.2806,0.6329,1.2658,0.0138,0.3229,123.647,5.6963,0.1246,13.2806
2019-10-11,24.8726610023426,5.18872180451128,19.6839391978313,16.2316666666667,181.515833333333,328.566666666667,85.0266666666667,1.85333333333333,0,0,0.0065,14.5536,0,299.3619,78.0729,6.88,0.0376,120.9013,0.4435,0.371,0.1579,0.0316,9.159,13.2806,0.6821,1.3643,0.0132,0.3076,123.647,6.1392,0.1186,13.2806
2019-10-12,24.903125310299,3.34732394366197,21.5558013666371,18.4075,95.3529166666667,369.866666666667,73.3579166666667,2.1575,0,0,0.0061,14.7547,0,298.0539,76.5496,6.88,0.0341,120.9013,0.4102,0.3065,0.1622,0.0324,14.6545,21.249,1.0391,2.0782,0.0184,0.4285,197.8351,9.3518,0.1653,21.249
2019-10-13,24.51723742581,4.01055944055944,20.5066779852505,14.3416666666667,83.2075,369.05625,75.0995833333333,2.63333333333333,0,0,0.006,13.5271,0,306.2036,75.0262,6.88,0.0306,120.9013,0.3769,0.2419,0.1664,0.0333,20.1499,29.2173,1.396,2.7921,0.0235,0.5494,272.0233,12.5644,0.2119,29.2173
2019-10-14,24.4604127936958,4.24819444444444,20.2122183492513,15.66375,192.1375,316.489583333333,68.5425,2.55458333333333,0,0,0.0062,13.2224,0,308.2881,73.5028,6.88,0.0271,120.9013,0.3437,0.1774,0.1706,0.0341,25.6453,37.1857,1.753,3.506,0.0287,0.6703,346.2115,15.777,0.2586,37.1857
2019-10-15,23.8043514758274,4.69590277777778,19.1084486980496,14.5329166666667,179.015,304.7875,67.0183333333333,2.55583333333333,0,0,0.0059,12.5597,0,312.9102,71.9794,6.88,0.0236,120.9013,0.3104,0.1129,0.1748,0.035,31.1407,45.154,2.11,4.2199,0.0339,0.7912,420.3997,18.9896,0.3052,45.154
2019-10-16,23.4694473779739,5.18609929078014,18.2833480871938,12.6908333333333,67.63375,352.98125,84.5154166666667,1.71666666666667,0.02006625,0,0.0108,12.1997,0,315.4729,70.4561,6.88,0.0202,120.9013,0.2772,0.0484,0.179,0.0358,36.6361,53.1224,2.4669,4.9338,0.0391,0.9122,494.5878,22.2023,0.3518,53.1224
2019-10-17,23.0770662668793,4.81587412587413,18.2611921410052,10.5008333333333,153.63375,314.22,52.555,3.04791666666667,0,0,0.0072,10.003,0,331.9497,69.912,6.88,0.0192,120.9013,0.2851,0.0461,0.176,0.0352,33.3056,48.2931,2.1905,4.381,0.0355,0.8293,449.6253,19.7146,0.3199,48.2931
2019-10-18,23.4772712373513,4.69573426573427,18.7815369716171,11.15,184.210416666667,286.836666666667,54.3495833333333,3.39291666666667,0,0,0.0068,10.0319,0,331.7234,69.3679,6.88,0.0183,120.9013,0.293,0.0438,0.173,0.0346,29.975,43.4638,1.9141,3.8282,0.032,0.7465,404.6628,17.227,0.2879,43.4638
2019-10-19,22.8681545911902,3.56608391608392,19.3020706751063,9.1875,118.855,302.0125,80.705,1.91708333333333,0,0,0.0066,9.9423,0,332.4267,68.8239,6.88,0.0174,120.9013,0.3009,0.0415,0.17,0.034,26.6445,38.6345,1.6377,3.2754,0.0284,0.6637,359.7002,14.7394,0.256,38.6345
2019-10-20,22.9479514874447,3.96930555555556,18.9786459318891,12.8483333333333,83.2966666666667,374.072083333333,95.84375,3.19958333333333,0.0469895833333333,0,0.0197,11.8333,0,318.1193,68.2798,6.88,0.0164,120.9013,0.3088,0.0392,0.167,0.0334,23.3139,33.8052,1.3613,2.7226,0.0249,0.5809,314.7377,12.2517,0.2241,33.8052
2019-10-21,22.6012622037784,4.24861111111111,18.3526510926673,15.8625,59.8133333333333,369.690416666667,97.8595833333333,2.05625,0,0,0.008,12.9421,0,310.2283,67.7357,6.88,0.0155,120.9013,0.3168,0.0369,0.164,0.0328,19.9833,28.9759,1.0849,2.1698,0.0213,0.4981,269.7752,9.7641,0.1921,28.9759
2019-10-22,22.5987772087051,5.2079020979021,17.390875110803,16.1791666666667,46.0508333333333,399.942083333333,98.4304166666667,1.8875,0.0127008333333333,0,0.0124,13.3464,0,307.437,67.1917,6.88,0.0146,120.9013,0.3247,0.0346,0.161,0.0322,16.6528,24.1465,0.8085,1.617,0.0178,0.4153,224.8127,7.2765,0.1602,24.1465
2019-10-23,22.3030003380994,5.35545454545455,16.9475457926448,12.1170833333333,173.569166666667,319.10875,65.83,2.21666666666667,0.000254166666666667,0,0.0086,11.4698,0,320.7845,66.6476,6.88,0.0136,120.9013,0.3326,0.0323,0.1579,0.0316,13.3222,19.3172,0.5321,1.0642,0.0142,0.3324,179.8501,4.7889,0.1282,19.3172
2019-10-24,22.4788472522032,4.01447552447552,18.4643717277277,10.07625,172.354583333333,286.698333333333,68.7004166666667,2.42083333333333,0,0,0.0074,10.3953,0,328.8971,68.0078,6.88,0.0146,120.9013,0.3801,0.0438,0.164,0.0328,14.0359,20.3521,0.5812,1.1623,0.0156,0.3644,189.485,5.2306,0.1406,20.3521
2019-10-25,22.2483421591836,5.18375886524823,17.0645832939353,10.8420833333333,79.8825,327.385833333333,78.7458333333333,1.74041666666667,0.00635,0,0.007,11.0307,0,324.0564,69.3679,6.88,0.0156,120.9013,0.4276,0.0553,0.17,0.034,14.7496,21.3869,0.6302,1.2605,0.017,0.3964,199.1198,5.6722,0.1529,21.3869
2019-10-26,22.5928523550725,6.10506944444444,16.487782910628,14.33375,85.8383333333333,382.124583333333,79.2741666666667,1.70375,0.000254166666666667,0,0.0072,12.5981,0,312.6387,70.7281,6.88,0.0166,120.9013,0.4751,0.0668,0.176,0.0352,15.4633,22.4218,0.6793,1.3587,0.0184,0.4283,208.7546,6.1139,0.1652,22.4218
2019-10-27,22.1162468258834,8.06729166666667,14.0489551592168,18.9591666666667,167.816666666667,387.134166666667,81.9383333333333,2.37,0.0210820833333333,0,0.0178,14.4936,0,299.7543,72.0882,6.88,0.0176,120.9013,0.5226,0.0783,0.182,0.0364,16.177,23.4566,0.7284,1.4568,0.0197,0.4603,218.3894,6.5556,0.1775,23.4566
2019-10-28,22.2702276089877,7.82312056737589,14.4471070416118,15.42625,168.606666666667,316.323333333333,76.0333333333333,2.87875,0,0,0.009,13.3529,0,307.3921,73.4484,6.88,0.0186,120.9013,0.5702,0.0899,0.188,0.0376,16.8907,24.4915,0.7775,1.555,0.0211,0.4922,228.0243,6.9973,0.1899,24.4915
2019-10-29,21.5915588380639,7.01852112676056,14.5730377113034,14.31875,44.2666666666667,375.89875,93.4204166666667,1.01583333333333,0,0,0.008,13.3188,0,307.6262,74.8086,6.88,0.0196,120.9013,0.6177,0.1014,0.194,0.0388,17.6044,25.5263,0.8266,1.6531,0.0225,0.5242,237.6591,7.439,0.2022,25.5263
2019-10-30,21.682738638428,5.82300699300699,15.859731645421,15.41875,18.2820833333333,400.27125,99.7891666666667,1.09083333333333,0.00685833333333333,0,0.0105,13.9917,0,303.0732,76.1687,6.88,0.0206,120.9013,0.6652,0.1129,0.2001,0.04,18.3181,26.5612,0.8756,1.7513,0.0238,0.5561,247.2939,7.8807,0.2145,26.5612
2019-10-31,21.3784863483267,3.85993055555556,17.5185557927712,19.0191666666667,16.2408333333333,418.5325,98.7358333333333,3.37125,0.02794125,0,0.0218,15.3267,0,294.3877,75.3224,6.88,0.0198,120.9013,0.6159,0.1057,0.1942,0.0388,17.5779,25.488,0.8493,1.6985,0.0226,0.5266,237.3022,7.6433,0.2031,25.488
2019-11-01,21.4782517125196,5.25951048951049,16.2187412230091,6.0925,170.2875,270.96375,59.7991666666667,3.17916666666667,0.000762083333333333,0,0.0159,9.5867,0,335.2443,74.4761,6.88,0.019,120.9013,0.5666,0.0986,0.1884,0.0377,16.8378,24.4148,0.8229,1.6457,0.0213,0.497,227.3106,7.4059,0.1917,24.4148
2019-11-02,21.2023260708469,4.006875,17.1954510708469,5.645,164.645416666667,261.39875,68.275,1.84041666666667,0,0,0.0104,8.3653,0,345.2474,73.6298,6.88,0.0182,120.9013,0.5174,0.0914,0.1825,0.0365,16.0977,23.3417,0.7965,1.593,0.02,0.4674,217.3189,7.1684,0.1803,23.3417
2019-11-03,21.0997543880123,3.64,17.4597543880123,7.16791666666667,164.121666666667,262.289166666667,49.4441666666667,1.8475,0,0,0.009,7.9272,0,348.9634,72.7834,6.88,0.0174,120.9013,0.4681,0.0842,0.1767,0.0353,15.3576,22.2685,0.7701,1.5402,0.0188,0.4379,207.3272,6.931,0.1689,22.2685
2019-11-04,20.9398576327842,3.71951048951049,17.2203471432737,6.36416666666667,148.949583333333,271.23125,63.79625,2.03041666666667,0,0,0.0085,7.7283,0,350.673,71.9371,6.88,0.0166,120.9013,0.4188,0.0771,0.1708,0.0342,14.6174,21.1953,0.7437,1.4875,0.0175,0.4083,197.3356,6.6936,0.1575,21.1953
2019-11-05,20.8183604774938,4.351875,16.4664854774938,9.49958333333333,113.354583333333,297.015416666667,66.6020833333333,2.09583333333333,0,0,0.0081,8.8173,0,341.4855,71.0908,6.88,0.0158,120.9013,0.3695,0.0699,0.165,0.033,13.8773,20.1221,0.7173,1.4347,0.0162,0.3788,187.3439,6.4561,0.1461,20.1221
2019-11-06,20.6275047442288,4.79078014184397,15.8367246023848,10.4745833333333,156.600833333333,284.12,55.2945833333333,2.36041666666667,0,0,0.0079,8.9921,0,340.0498,70.2445,6.88,0.015,120.9013,0.3203,0.0627,0.1591,0.0318,13.1372,19.0489,0.691,1.3819,0.015,0.3492,177.3522,6.2187,0.1347,19.0489
2019-11-07,20.5301239995058,4.81867132867133,15.7114526708344,10.1266666666667,74.3158333333333,331.765,77.6425,1.21166666666667,0.000254166666666667,0,0.008,9.6454,0,334.776,69.3982,6.88,0.0142,120.9013,0.271,0.0556,0.1533,0.0307,12.3971,17.9758,0.6646,1.3292,0.0137,0.3197,167.3605,5.9813,0.1233,17.9758
2019-11-08,20.4481755650932,5.49755244755245,14.9506231175407,4.91541666666667,160.1375,276.644166666667,54.7658333333333,3.66875,0,0,0.0081,6.8119,0,358.7433,68.5518,6.88,0.0134,120.9013,0.2217,0.0484,0.1474,0.0295,11.657,16.9026,0.6382,1.2764,0.0124,0.2901,157.3689,5.7438,0.1119,16.9026
2019-11-09,20.4912892264027,6.36763888888889,14.1236503375138,0.526666666666667,126.980833333333,246.30125,58.3025,1.78458333333333,0,0,0.0079,4.7493,0,378.1246,69.0279,6.88,0.0136,120.9013,0.2402,0.0444,0.1509,0.0302,11.657,16.9026,0.6499,1.2998,0.0124,0.2891,157.3689,5.8491,0.1115,16.9026
2019-11-10,20.3335825943366,5.28867132867133,15.0449112656653,7.66208333333333,145.250416666667,284.852916666667,59.12125,2.11125,0,0,0.0078,6.511,0,361.4627,69.504,6.88,0.0139,120.9013,0.2587,0.0403,0.1544,0.0309,11.657,16.9026,0.6616,1.3232,0.0124,0.2882,157.3689,5.9543,0.1112,16.9026
2019-11-11,20.2766410448328,6.10146853146853,14.1751725133642,13.0725,134.839583333333,303.471666666667,53.0745833333333,2.0375,0,0,0.0078,8.6333,0,343.0079,69.98,6.88,0.0141,120.9013,0.2772,0.0363,0.1579,0.0316,11.657,16.9026,0.6733,1.3466,0.0123,0.2872,157.3689,6.0596,0.1108,16.9026
2019-11-12,20.2205303913873,6.79253521126761,13.4279951801197,6.45,78.85125,318.21,61.4558333333333,3.78791666666667,0.000508333333333333,0,0.0085,6.4708,0,361.8288,70.4561,6.88,0.0144,120.9013,0.2956,0.0323,0.1615,0.0323,11.657,16.9026,0.685,1.37,0.0123,0.2863,157.3689,6.1648,0.1104,16.9026
2019-11-13,20.101431251354,7.14412587412587,12.9573053772282,-3.1925,144.4075,222.134583333333,50.0775,2.81583333333333,0,0,0.008,2.281,0,403.7691,70.9321,6.88,0.0146,120.9013,0.3141,0.0282,0.165,0.033,11.657,16.9026,0.6967,1.3933,0.0122,0.2853,157.3689,6.27,0.1101,16.9026
2019-11-14,19.75937915569,6.86839160839161,12.8909875472984,0.551666666666667,102.326666666667,258.385833333333,52.9820833333333,1.04875,0,0,0.0078,2.9189,0,396.8677,71.4082,6.88,0.0149,120.9013,0.3326,0.0242,0.1685,0.0337,11.657,16.9026,0.7084,1.4167,0.0122,0.2844,157.3689,6.3753,0.1097,16.9026
2019-11-15,19.7407565447894,6.48846153846154,13.2522950063279,6.55416666666667,70.4891666666667,294.385,50.6245833333333,2.71,0,0,0.0079,4.6128,0,379.4698,71.8842,6.88,0.0151,120.9013,0.3511,0.0202,0.172,0.0344,11.657,16.9026,0.7201,1.4401,0.0121,0.2834,157.3689,6.4805,0.1093,16.9026
2019-11-16,19.5784390230302,5.92083916083916,13.6575998621911,5.25125,140.211666666667,256.175416666667,59.5666666666667,3.40041666666667,0,0,0.0079,4.4204,0,381.3803,72.3603,6.88,0.0154,120.9013,0.3695,0.0161,0.1755,0.0351,11.657,16.9026,0.7317,1.4635,0.0121,0.2825,157.3689,6.5857,0.109,16.9026
2019-11-17,19.6999759401623,7.17597222222222,12.5240037179401,2.625,68.0254166666667,307.765416666667,70.4729166666667,2.9425,0,0,0.008,4.7165,0,378.4474,72.8363,6.88,0.0156,120.9013,0.388,0.0121,0.179,0.0358,11.657,16.9026,0.7434,1.4869,0.0121,0.2815,157.3689,6.691,0.1086,16.9026
2019-11-18,19.5225738876712,8.01661971830986,11.5059541693613,5.15916666666667,42.92125,339.279166666667,94.7508333333333,1.12,0.00508,0,0.0087,5.7649,0,368.3628,73.3124,6.88,0.0158,120.9013,0.4065,0.0081,0.1825,0.0365,11.657,16.9026,0.7551,1.5103,0.012,0.2806,157.3689,6.7962,0.1082,16.9026
2019-11-19,19.6403253648909,6.91291666666667,12.7274086982243,6.04208333333333,76.6225,332.9425,87.6933333333333,2.20458333333333,0,0,0.0082,5.981,0,366.3408,73.7884,6.88,0.0161,120.9013,0.425,0.004,0.186,0.0372,11.657,16.9026,0.7668,1.5337,0.012,0.2796,157.3689,6.9015,0.1079,16.9026
2019-11-20,19.555888135849,6.62286713286713,12.9330210029819,8.24625,142.617083333333,285.2075,68.0175,3.315,0,0,0.008,6.2807,0,363.5687,74.2645,6.88,0.0163,120.9013,0.4435,0,0.1895,0.0379,11.657,16.9026,0.7785,1.557,0.0119,0.2787,157.3689,7.0067,0.1075,16.9026
2019-11-21,19.5565358309436,7.4127972027972,12.1437386281464,7.93208333333333,82.2870833333333,287.451666666667,68.9429166666667,2.13,0,0,0.0078,6.2539,0,363.8158,74.1058,6.88,0.0162,120.9013,0.4396,7e-04,0.1882,0.0376,11.5644,16.7684,0.7712,1.5424,0.012,0.279,156.1199,6.9406,0.1076,16.7684
2019-11-22,19.3417088494482,7.00041958041958,12.3412892690287,11.2683333333333,31.75375,338.3725,71.8125,2.38333333333333,0.000254166666666667,0,0.0079,7.7373,0,350.5957,73.9471,6.88,0.016,120.9013,0.4358,0.0013,0.1869,0.0374,11.4719,16.6343,0.7638,1.5277,0.012,0.2793,154.8709,6.8746,0.1077,16.6343
2019-11-23,19.4106299791415,7.33711269014085,12.0735172890006,4.73291666666667,20.3195833333333,314.972916666667,82.44625,2.23791666666667,0.00584208333333333,0,0.0095,6.1,0,365.2361,73.7884,6.88,0.0159,120.9013,0.4319,0.002,0.1856,0.0371,11.3794,16.5001,0.7565,1.513,0.012,0.2796,153.622,6.8085,0.1078,16.5001
2019-11-24,19.230806213363,6.74298611111111,12.4878201022519,6.38166666666667,124.372916666667,304.502083333333,69.2604166666667,2.87625,0.00381,0,0.0099,5.703,0,368.9452,73.6298,6.88,0.0157,120.9013,0.4281,0.0027,0.1843,0.0369,11.2869,16.366,0.7492,1.4983,0.012,0.2799,152.373,6.7424,0.1079,16.366
2019-11-25,19.02904832742,6.87729166666667,12.1517566607534,7.54541666666667,128.62625,270.70375,65.0929166666667,3.45583333333333,0,0,0.0084,5.5209,0,370.6681,73.4711,6.88,0.0156,120.9013,0.4242,0.0034,0.1829,0.0366,11.1944,16.2318,0.7418,1.4836,0.012,0.2802,151.1241,6.6763,0.1081,16.2318
2019-11-26,18.5984515545686,6.18556338028169,12.4128881742869,9.855,115.6975,288.371666666667,72.7329166666667,2.26541666666667,0,0,0.0079,6.3052,0,363.3439,73.3124,6.88,0.0154,120.9013,0.4204,0.004,0.1816,0.0363,11.1019,16.0977,0.7345,1.469,0.012,0.2805,149.8751,6.6103,0.1082,16.0977
2019-11-27,18.7314115085744,6.41636363636364,12.3150478722108,10.92875,36.6275,353.754583333333,89.2458333333333,1.6075,0.00533375,0,0.009,7.9022,0,349.1776,73.1537,6.88,0.0153,120.9013,0.4165,0.0047,0.1803,0.0361,11.0093,15.9635,0.7271,1.4543,0.012,0.2807,148.6261,6.5442,0.1083,15.9635
2019-11-28,18.3452153234665,7.19587412587413,11.1493411975924,8.41291666666667,127.813333333333,271.231666666667,48.2383333333333,4.42041666666667,0,0,0.0087,5.7068,0,368.9098,72.995,6.88,0.0151,120.9013,0.4127,0.0054,0.179,0.0358,10.9168,15.8294,0.7198,1.4396,0.012,0.281,147.3772,6.4781,0.1084,15.8294
2019-11-29,18.5282751036116,8.30426469852941,10.2240104050822,6.205,92.92375,317.2625,58.855,3.6,0,0,0.0081,5.9989,0,366.1751,72.8363,6.88,0.015,120.9013,0.4088,0.006,0.1777,0.0355,10.8243,15.6953,0.7125,1.4249,0.0121,0.2813,146.1282,6.4121,0.1085,15.6953
2019-11-30,18.2295031690564,7.84062936363636,10.3888738054201,6.62791666666667,23.3841666666667,350.41125,80.8516666666667,1.20208333333333,0.00609625,0,0.0097,6.5718,0,360.9109,72.6776,6.88,0.0148,120.9013,0.405,0.0067,0.1764,0.0353,10.7318,15.5611,0.7051,1.4102,0.0121,0.2816,144.8793,6.346,0.1086,15.5611
2019-12-01,18.5867677715497,7.16628570714286,11.4204820644068,4.9125,24.61875,347.5575,99.99375,1.425,0.0208279166666667,0,0.0251,6.7653,0,359.1619,72.519,6.88,0.0146,120.9013,0.4011,0.0074,0.1751,0.035,10.6393,15.427,0.6978,1.3955,0.0121,0.2819,143.6303,6.2799,0.1087,15.427
2019-12-02,18.2787611794953,7.24622376923077,11.0325374102646,4.47791666666667,52.8195833333333,308.548333333333,75.4391666666667,2.89625,0.000254166666666667,0,0.0153,5.7974,0,368.0576,72.3603,6.88,0.0145,120.9013,0.3973,0.0081,0.1737,0.0347,10.5468,15.2928,0.6904,1.3809,0.0121,0.2822,142.3813,6.2139,0.1089,15.2928
2019-12-03,18.7739040885327,6.59957747183099,12.1743266167017,2.99708333333333,90.75625,284.497916666667,65.6570833333333,4.72416666666667,0,0,0.0117,4.2047,0,383.542,72.2016,6.88,0.0143,120.9013,0.3934,0.0087,0.1724,0.0345,10.4543,15.1587,0.6831,1.3662,0.0121,0.2825,141.1324,6.1478,0.109,15.1587
2019-12-04,18.4842479085826,7.40368792907801,11.0805599795046,4.30583333333333,120.267916666667,267.84375,57.64125,3.04375,0,0,0.0098,3.9461,0,386.1602,72.0429,6.88,0.0142,120.9013,0.3896,0.0094,0.1711,0.0342,10.3617,15.0245,0.6757,1.3515,0.0121,0.2828,139.8834,6.0817,0.1091,15.0245
2019-12-05,19.0614422684339,7.73986113888889,11.321581129545,7.36666666666667,120.93625,264.512083333333,40.55875,3.35208333333333,0,0,0.0151,3.9307,0,386.3173,71.8842,6.88,0.014,120.9013,0.3857,0.0101,0.1698,0.034,10.2692,14.8904,0.6684,1.3368,0.0121,0.2831,138.6345,6.0157,0.1092,14.8904
2019-12-06,18.5783088796911,7.13893617730496,11.4393727023862,6.63833333333333,40.3929166666667,300.33375,56.5841666666667,2.26083333333333,0,0,0.0129,4.6257,0,379.3422,71.7255,6.88,0.0139,120.9013,0.3819,0.0108,0.1685,0.0337,10.1767,14.7562,0.6611,1.3221,0.0121,0.2834,137.3855,5.9496,0.1093,14.7562
2019-12-07,18.6428300172809,8.3286524822695,10.3141775350114,5.36416666666667,96.0066666666667,282.479166666667,83.73125,2.08,0,0,0.0084,5.1674,0,374.0529,71.5669,6.88,0.0137,120.9013,0.378,0.0114,0.1672,0.0334,10.0842,14.6221,0.6537,1.3074,0.0122,0.2837,136.1366,5.8835,0.1094,14.6221
2019-12-08,17.9941925887611,7.25500000704225,10.7391925817188,2.31166666666667,113.74,250.770416666667,59.7604166666667,1.35125,0,0,0.0083,3.541,0,390.3238,71.4082,6.88,0.0136,120.9013,0.3742,0.0121,0.1658,0.0332,9.9917,14.4879,0.6464,1.2928,0.0122,0.284,134.8876,5.8174,0.1095,14.4879
2019-12-09,18.1801886014832,7.19173611805556,10.9884524834276,3.15708333333333,10.3470833333333,324.868333333333,87.4308333333333,1.85,0.0109216666666667,0,0.0114,4.683,0,378.7767,71.2495,6.88,0.0134,120.9013,0.3703,0.0128,0.1645,0.0329,9.8992,14.3538,0.639,1.2781,0.0122,0.2843,133.6386,5.7514,0.1096,14.3538
2019-12-10,18.1575470284034,7.6858042027972,10.4717428256062,8.50875,14.23125,365.074583333333,94.1041666666667,1.78125,0.00304875,0,0.0107,6.6112,0,360.5529,71.0908,6.88,0.0133,120.9013,0.3665,0.0134,0.1632,0.0326,9.8066,14.2196,0.6317,1.2634,0.0122,0.2846,132.3897,5.6853,0.1098,14.2196
2019-12-11,18.3007329686558,8.12826389583333,10.1724690728225,2.06041666666667,121.3225,291.624166666667,59.73125,3.16291666666667,0.00177791666666667,0,0.0106,3.8958,0,386.6732,70.9321,6.88,0.0131,120.9013,0.3626,0.0141,0.1619,0.0324,9.7141,14.0855,0.6244,1.2487,0.0122,0.2849,131.1407,5.6192,0.1099,14.0855
2019-12-12,18.0877074244759,7.8718182027972,10.2158892216787,-0.22125,116.46,238.603333333333,66.8954166666667,1.9175,0,0,0.0095,2.4964,0,401.417,70.7734,6.88,0.013,120.9013,0.3588,0.0148,0.1606,0.0321,9.6216,13.9513,0.617,1.234,0.0122,0.2852,129.8918,5.5532,0.11,13.9513
2019-12-13,18.8812648477856,7.57654929577465,11.3047155520109,0.54,8.25375,311.367083333333,86.7941666666667,0.998333333333333,0.00127,0,0.0119,3.2433,0,393.4321,70.6147,6.88,0.0128,120.9013,0.3549,0.0155,0.1593,0.0319,9.5291,13.8172,0.6097,1.2194,0.0122,0.2854,128.6428,5.4871,0.1101,13.8172
2019-12-14,18.6806227084737,7.97888888194444,10.7017338265293,5.85708333333333,58.5391666666667,344.470833333333,89.5054166666667,2.5375,0.0124470833333333,0,0.0199,5.5777,0,370.1294,70.4561,6.88,0.0126,120.9013,0.3511,0.0161,0.1579,0.0316,9.4366,13.683,0.6023,1.2047,0.0122,0.2857,127.3938,5.421,0.1102,13.683
2019-12-15,18.8833593318277,7.72345071830986,11.1599086135178,6.94333333333333,116.327916666667,289.77,58.1891666666667,3.05833333333333,0,0,0.0152,5.4067,0,371.7564,70.2974,6.88,0.0125,120.9013,0.3472,0.0168,0.1566,0.0313,9.3441,13.5489,0.595,1.19,0.0123,0.286,126.1449,5.355,0.1103,13.5489
2019-12-16,18.9647709876993,7.04915493661972,11.9156160510795,5.86375,39.7475,328.682083333333,73.9920833333333,1.6075,0,0,0.0121,5.8612,0,367.4591,70.1387,6.88,0.0123,120.9013,0.3434,0.0175,0.1553,0.0311,9.2515,13.4147,0.5877,1.1753,0.0123,0.2863,124.8959,5.2889,0.1104,13.4147
2019-12-17,19.5678759435212,7.48741256643357,12.0804633770876,7.50541666666667,30.4879166666667,352.111666666667,90.8954166666667,2.52041666666667,0.0007625,0,0.0112,6.6472,0,360.2276,69.98,6.88,0.0122,120.9013,0.3395,0.0181,0.154,0.0308,9.159,13.2806,0.5803,1.1606,0.0123,0.2866,123.647,5.2228,0.1106,13.2806
2019-12-18,19.2206384559906,7.96666668055556,11.253971775435,1.12875,117.57875,241.075833333333,52.80125,3.92833333333333,0,0,0.0102,2.8421,0,397.6879,69.8213,6.88,0.012,120.9013,0.3357,0.0188,0.1527,0.0305,9.0665,13.1465,0.573,1.1459,0.0123,0.2869,122.398,5.1568,0.1107,13.1465
2019-12-19,19.760260213464,7.18279720979021,12.5774630036737,-1.79166666666667,115.602083333333,228.069583333333,51.2275,2.8675,0,0,0.0094,1.1566,0,416.4343,69.6626,6.88,0.0119,120.9013,0.3318,0.0195,0.1514,0.0303,8.974,13.0123,0.5656,1.1313,0.0123,0.2872,121.149,5.0907,0.1108,13.0123
2019-12-20,19.5044752179966,7.57500001388889,11.9294752041077,3.155,111.340833333333,253.08,49.2479166666667,2.60875,0,0,0.0093,1.913,0,407.8435,69.504,6.88,0.0117,120.9013,0.328,0.0202,0.15,0.03,8.8815,12.8782,0.5583,1.1166,0.0123,0.2875,119.9001,5.0246,0.1109,12.8782
2019-12-21,19.734192010698,6.07805554861111,13.6561364620868,1.81875,77.1729166666667,279.882916666667,60.64125,1.10916666666667,0,0,0.0092,2.6694,0,399.5435,69.3453,6.88,0.0116,120.9013,0.3241,0.0208,0.1487,0.0297,8.789,12.744,0.5509,1.1019,0.0123,0.2878,118.6511,4.9585,0.111,12.744
2019-12-22,18.9466313830548,7.46944445833333,11.4771869247214,4.23958333333333,54.5616666666667,290.259166666667,68.4766666666667,2.13333333333333,0,0,0.009,3.6939,0,388.7444,69.1866,6.88,0.0114,120.9013,0.3203,0.0215,0.1474,0.0295,8.6965,12.6099,0.5436,1.0872,0.0123,0.2881,117.4022,4.8925,0.1111,12.6099
2019-12-23,19.2355708888902,7.79090907692308,11.4446618119671,6.94166666666667,44.3283333333333,331.8025,65.87375,2.02291666666667,0,0,0.009,5.3615,0,372.1884,69.0279,6.88,0.0113,120.9013,0.3164,0.0222,0.1461,0.0292,8.6039,12.4757,0.5363,1.0725,0.0124,0.2884,116.1532,4.8264,0.1112,12.4757
2019-12-24,18.3862795604434,7.94395834027778,10.4423212201656,8.45541666666667,110.725833333333,289.0525,79.1133333333333,2.78083333333333,0,0,0.0083,5.873,0,367.349,68.8692,6.88,0.0111,120.9013,0.3126,0.0228,0.1448,0.029,8.5114,12.3416,0.5289,1.0579,0.0124,0.2887,114.9042,4.7603,0.1113,12.3416
2019-12-25,19.324272245603,8.18041958741259,11.1438526581904,5.335,99.0845833333333,275.150833333333,78.4870833333333,1.68791666666667,0,0,0.0083,5.0104,0,375.5728,68.7105,6.88,0.011,120.9013,0.3087,0.0235,0.1435,0.0287,8.4189,12.2074,0.5216,1.0432,0.0124,0.289,113.6553,4.6943,0.1115,12.2074
2019-12-26,18.9617838329007,7.70314686013986,11.2586369727608,8.94625,108.860416666667,293.10125,74.30625,2.63958333333333,0,0,0.0078,5.788,0,368.1456,68.5518,6.88,0.0108,120.9013,0.3049,0.0242,0.1421,0.0284,8.3264,12.0733,0.5142,1.0285,0.0124,0.2893,112.4063,4.6282,0.1116,12.0733
2019-12-27,19.7451933217034,8.34326242553191,11.4019308961715,9.01458333333333,69.6841666666667,313.122083333333,80.415,1.85916666666667,0,0,0.008,6.696,0,359.7862,68.3932,6.88,0.0106,120.9013,0.301,0.0249,0.1408,0.0282,8.2339,11.9391,0.5069,1.0138,0.0124,0.2896,111.1574,4.5621,0.1117,11.9391
2019-12-28,19.1493637684095,9.28293706293706,9.86642670547242,12.57125,105.16,316.758333333333,74.2325,2.19625,0,0,0.008,7.4623,0,352.9832,68.2345,6.88,0.0105,120.9013,0.2972,0.0255,0.1395,0.0279,8.1414,11.805,0.4996,0.9991,0.0124,0.2898,109.9084,4.4961,0.1118,11.805
2019-12-29,19.7250533353268,9.15069931468532,10.5743540206415,12.03875,22.8345833333333,364.679583333333,95.5166666666667,1.9675,0.0020325,0,0.0094,8.9155,0,340.6774,68.0758,6.88,0.0103,120.9013,0.2933,0.0262,0.1382,0.0276,8.0488,11.6708,0.4922,0.9844,0.0124,0.2901,108.6595,4.43,0.1119,11.6708
2019-12-30,19.2743919598177,8.51146848951049,10.7629234703072,16.7095833333333,105.5875,364.545,71.9270833333333,3.24833333333333,0.00279416666666667,0,0.0091,10.7019,0,326.5459,67.9171,6.88,0.0102,120.9013,0.2895,0.0269,0.1369,0.0274,7.9563,11.5367,0.4849,0.9698,0.0124,0.2904,107.4105,4.3639,0.112,11.5367
2019-12-31,19.8962511737043,9.64069931468531,10.255551859019,9.825,102.789166666667,284.813333333333,53.8295833333333,2.48416666666667,0,0,0.0081,7.1763,0,355.4965,67.7584,6.88,0.01,120.9013,0.2856,0.0276,0.1356,0.0271,7.8638,11.4025,0.4775,0.9551,0.0125,0.2907,106.1615,4.2978,0.1121,11.4025
2020-01-01,19.6189521641122,9.24486113194444,10.3740910321677,6.97458333333333,109.540833333333,290.852916666667,56.2020833333333,2.7175,0,0,0.0074,5.5847,0,370.0633,67.5997,6.88,0.0099,120.9013,0.2818,0.0282,0.1343,0.0269,7.7713,11.2684,0.4702,0.9404,0.0125,0.291,104.9126,4.2318,0.1123,11.2684
2020-01-02,19.7079413487299,10.1164084577465,9.59153289098335,7.5325,56.3320833333333,306.471666666667,51.5183333333333,1.82125,0,0,0.0078,5.5953,0,369.9627,67.441,6.88,0.0097,120.9013,0.2779,0.0289,0.1329,0.0266,7.6788,11.1342,0.4629,0.9257,0.0125,0.2913,103.6636,4.1657,0.1124,11.1342
2020-01-03,19.071694945408,10.0095139097222,9.06218103568582,8.84,22.3958333333333,364.319166666667,95.36625,1.30916666666667,0.00635083333333333,0,0.0093,7.4149,0,353.3975,67.2824,6.88,0.0096,120.9013,0.2741,0.0296,0.1316,0.0263,7.5863,11.0001,0.4555,0.911,0.0125,0.2916,102.4147,4.0996,0.1125,11.0001
2020-01-04,19.5003878004952,10.9455244755245,8.55486332497066,12.83375,57.83875,374.830416666667,88.0291666666667,1.87583333333333,0.00558833333333333,0,0.0096,8.6188,0,343.1291,67.1237,6.88,0.0094,120.9013,0.2702,0.0302,0.1303,0.0261,7.4938,10.8659,0.4482,0.8963,0.0125,0.2919,101.1657,4.0336,0.1126,10.8659
2020-01-05,19.2729743565873,10.3990909090909,8.87388344749635,5.21083333333333,120.400416666667,279.42625,60.545,2.67625,0,0,0.0088,4.888,0,376.7651,66.965,6.88,0.0093,120.9013,0.2664,0.0309,0.129,0.0258,7.4012,10.7318,0.4408,0.8817,0.0125,0.2922,99.9167,3.9675,0.1127,10.7318
2020-01-06,19.4477056741254,9.3020422887324,10.145663385393,7.17541666666667,122.868333333333,257.975,49.7395833333333,2.79041666666667,0,0,0.0082,4.3402,0,382.1817,66.8063,6.88,0.0091,120.9013,0.2625,0.0316,0.1277,0.0255,7.3087,10.5977,0.4335,0.867,0.0125,0.2925,98.6678,3.9014,0.1128,10.5977
2020-01-07,19.1365272669357,8.75694445833333,10.3795828086024,2.19916666666667,20.0279166666667,285.332083333333,70.9066666666667,2.12625,0.00355625,0,0.0089,2.9279,0,396.771,66.6476,6.88,0.0089,120.9013,0.2587,0.0323,0.1264,0.0253,7.2162,10.4635,0.4262,0.8523,0.0125,0.2928,97.4188,3.8354,0.1129,10.4635
2020-01-08,19.7092621495216,8.95729163194444,10.7519705175771,5.48625,114.210833333333,253.4,44.8525,3.06708333333333,0,0,0.0074,3.0079,0,395.9197,66.4889,6.88,0.0088,120.9013,0.2548,0.0329,0.125,0.025,7.1237,10.3294,0.4188,0.8376,0.0126,0.2931,96.1699,3.7693,0.113,10.3294
2020-01-09,19.3237550276244,8.44874125174825,10.8750137758762,2.06333333333333,112.456666666667,254.33,49.7125,2.28333333333333,0,0,0.0077,2.413,0,402.3246,66.3303,6.88,0.0086,120.9013,0.251,0.0336,0.1237,0.0247,7.0312,10.1952,0.4115,0.8229,0.0126,0.2934,94.9209,3.7032,0.1132,10.1952
2020-01-10,19.1003484006637,8.11097904895105,10.9893693517127,5.90291666666667,45.4541666666667,328.261666666667,68.5075,1.67583333333333,0,0,0.0084,4.5702,0,379.8915,66.1716,6.88,0.0085,120.9013,0.2471,0.0343,0.1224,0.0245,6.9387,10.0611,0.4041,0.8083,0.0126,0.2937,93.6719,3.6372,0.1133,10.0611
2020-01-11,19.1314973878715,9.31284720138889,9.81865018648264,14.1391666666667,15.9475,385.490416666667,97.8625,3.27875,0.00838208333333333,0,0.0132,8.9265,0,340.5876,66.0129,6.88,0.0083,120.9013,0.2433,0.0349,0.1211,0.0242,6.8461,9.9269,0.3968,0.7936,0.0126,0.294,92.423,3.5711,0.1134,9.9269
2020-01-12,19.5713190977389,9.02936618309859,10.5419529146404,16.5904166666667,125.255,343.15,76.1075,3.13666666666667,0.0210825,0,0.029,9.7171,0,334.2062,65.8542,6.88,0.0082,120.9013,0.2394,0.0356,0.1198,0.024,6.7536,9.7928,0.3894,0.7789,0.0126,0.2942,91.174,3.505,0.1135,9.7928
2020-01-13,19.3060223265367,8.39118057638889,10.9148417501478,10.30125,50.0879166666667,315.685,90.97125,1.69208333333333,0,0,0.0162,8.566,0,343.5678,65.6955,6.88,0.008,120.9013,0.2356,0.0363,0.1185,0.0237,6.6611,9.6586,0.3821,0.7642,0.0126,0.2945,89.9251,3.4389,0.1136,9.6586
2020-01-14,19.8671885702089,9.15464788732394,10.7125406828849,11.0004166666667,38.1904166666667,362.71,96.655,1.43291666666667,0.00127,0,0.0131,9.232,0,338.0965,65.5368,6.88,0.0079,120.9013,0.2317,0.037,0.1171,0.0234,6.5686,9.5245,0.3748,0.7495,0.0126,0.2948,88.6761,3.3729,0.1137,9.5245
2020-01-15,19.6478816367042,10.1658741188811,9.48200751782313,11.9054166666667,68.8504166666667,328.357916666667,78.5870833333333,2.30583333333333,0,0,0.0111,8.9079,0,340.7398,65.3781,6.88,0.0077,120.9013,0.2279,0.0376,0.1158,0.0232,6.4761,9.3903,0.3674,0.7348,0.0126,0.2951,87.4271,3.3068,0.1138,9.3903
2020-01-16,19.8418927672717,11.2041259020979,8.63776686517377,11.8508333333333,130.972083333333,301.897916666667,59.6020833333333,2.63333333333333,0,0,0.0093,7.8883,0,349.2963,65.2195,6.88,0.0076,120.9013,0.224,0.0383,0.1145,0.0229,6.3836,9.2562,0.3601,0.7202,0.0127,0.2954,86.1782,3.2407,0.1139,9.2562
2020-01-17,18.982915840949,8.53839162237762,10.4445242185714,1.58291666666667,98.8729166666667,245.46375,43.42125,3.87833333333333,0,0,0.0091,3.8139,0,387.5116,65.0608,6.88,0.0074,120.9013,0.2202,0.039,0.1132,0.0226,6.2911,9.122,0.3527,0.7055,0.0127,0.2957,84.9292,3.1747,0.1141,9.122
2020-01-18,19.5399564182742,9.14756945833333,10.3923869599409,1.09833333333333,20.9420833333333,317.674583333333,60.5895833333333,2.5425,0.00254,0,0.0116,3.4906,0,390.8473,64.9021,6.88,0.0073,120.9013,0.2163,0.0397,0.1119,0.0224,6.1985,8.9879,0.3454,0.6908,0.0127,0.296,83.6803,3.1086,0.1142,8.9879
2020-01-19,19.2066690462247,8.7616083986014,10.4450606476233,5.0675,122.444166666667,291.995833333333,65.7708333333333,2.91125,0.000254166666666667,0,0.0099,3.6114,0,389.5958,64.7434,6.88,0.0071,120.9013,0.2125,0.0403,0.1106,0.0221,6.106,8.8537,0.3381,0.6761,0.0127,0.2963,82.4313,3.0425,0.1143,8.8537
2020-01-20,19.6641694036352,7.94943661267606,11.7147327909591,-2.1275,138.284583333333,224.0475,55.3483333333333,5.17541666666667,0,0,0.0108,0.7865,0,420.7474,64.5847,6.88,0.0069,120.9013,0.2086,0.041,0.1092,0.0218,6.0135,8.7196,0.3307,0.6614,0.0127,0.2966,81.1823,2.9765,0.1144,8.7196
2020-01-21,19.2956721023452,8.36853145454545,10.9271406477998,-3.06875,141.95875,213.12,56.33875,4.45291666666667,0,0,0.0114,0.2584,0,427.0294,64.426,6.88,0.0068,120.9013,0.2048,0.0417,0.1079,0.0216,5.921,8.5854,0.3234,0.6468,0.0127,0.2969,79.9334,2.9104,0.1145,8.5854
2020-01-22,19.6218083986463,7.36840278472222,12.2534056139241,-1.70416666666667,139.324166666667,228.891666666667,62.25375,1.58666666666667,0,0,0.0106,0.2739,0,426.8438,64.2674,6.88,0.0066,120.9013,0.2009,0.0423,0.1066,0.0213,5.8285,8.4513,0.316,0.6321,0.0127,0.2972,78.6844,2.8443,0.1146,8.4513
2020-01-23,19.2735749995747,7.19440559440559,12.0791694051692,0.4225,71.8804166666667,263.178333333333,58.63125,1.80458333333333,0,0,0.0107,0.8334,0,420.1958,64.1087,6.88,0.0065,120.9013,0.1971,0.043,0.1053,0.0211,5.736,8.3171,0.3087,0.6174,0.0127,0.2975,77.4355,2.7783,0.1147,8.3171
2020-01-24,19.7346381483949,8.13664336363636,11.5979947847585,3.61958333333333,21.6375,332.252916666667,82.2454166666667,1.39333333333333,0.0152404166666667,0,0.0181,2.69,0,399.3211,63.95,6.88,0.0063,120.9013,0.1932,0.0437,0.104,0.0208,5.6434,8.183,0.3014,0.6027,0.0128,0.2978,76.1865,2.7122,0.1149,8.183
2020-01-25,19.7445622963162,8.04823940140845,11.6963228949077,8.47708333333333,120.407083333333,329.190833333333,82.4754166666667,2.54208333333333,0.0170179166666667,0,0.0254,5.1789,0,373.9424,63.7913,6.88,0.0062,120.9013,0.1894,0.0444,0.1027,0.0205,5.5509,8.0488,0.294,0.588,0.0128,0.2981,74.9376,2.6461,0.115,8.0488
2020-01-26,19.220609717997,8.22208333333333,10.9985263846637,4.38666666666667,86.3016666666667,289.400833333333,63.7654166666667,2.51208333333333,0,0,0.0167,4.0823,0,384.7778,63.6326,6.88,0.006,120.9013,0.1855,0.045,0.1013,0.0203,5.4584,7.9147,0.2867,0.5733,0.0128,0.2984,73.6886,2.58,0.1151,7.9147
2020-01-27,18.9240305817999,8.03657341258741,10.8874571692125,5.19125,65.53625,283.732083333333,74.7895833333333,2.22875,0,0,0.0132,4.0506,0,385.0986,63.4739,6.88,0.0059,120.9013,0.1817,0.0457,0.1,0.02,5.3659,7.7806,0.2793,0.5587,0.0128,0.2987,72.4396,2.514,0.1152,7.7806
2020-01-28,19.2547026878031,8.11493056944444,11.1397721183586,4.5925,76.9229166666667,304.17125,63.1983333333333,2.8975,0,0,0.0112,4.1015,0,384.5838,63.3152,6.88,0.0057,120.9013,0.1778,0.0464,0.0987,0.0197,5.2734,7.6464,0.272,0.544,0.0128,0.2989,71.1907,2.4479,0.1153,7.6464
2020-01-29,18.9325371706886,7.57034965034965,11.362187520339,2.91208333333333,104.4825,298.0275,67.9733333333333,2.67458333333333,0,0,0.0103,3.8812,0,386.8222,63.1566,6.88,0.0056,120.9013,0.174,0.047,0.0974,0.0195,5.1809,7.5123,0.2646,0.5293,0.0128,0.2992,69.9417,2.3818,0.1154,7.5123
2020-01-30,19.2603754455758,8.01027972027972,11.2500957252961,2.49,63.8725,313.57875,66.365,1.28708333333333,0,0,0.0096,3.8411,0,387.2322,62.9979,6.88,0.0054,120.9013,0.1701,0.0477,0.0961,0.0192,5.0884,7.3781,0.2573,0.5146,0.0128,0.2995,68.6928,2.3158,0.1155,7.3781
2020-01-31,18.9178549778899,8.7875539352518,10.1303010426381,1.57916666666667,35.1733333333333,306.47875,72.9433333333333,1.07833333333333,0,0,0.0095,4.0094,0,385.5171,62.8392,6.88,0.0053,120.9013,0.1663,0.0484,0.0948,0.019,4.9958,7.244,0.25,0.4999,0.0128,0.2998,67.4438,2.2497,0.1156,7.244
2020-02-01,19.2281936741758,9.01458333333333,10.2136103408425,4.0475,83.64875,322.675,90.3833333333333,1.9025,0.000254166666666667,0,0.0093,4.1776,0,383.8149,62.5765,6.88,0.0051,120.9013,0.1682,0.0595,0.0959,0.0192,5.1107,7.4105,0.26,0.5199,0.013,0.3027,68.9942,2.3397,0.1168,7.4105
2020-02-02,18.7982284701086,9.89875005555556,8.89947841455306,9.13541666666667,154.049583333333,291.432916666667,51.2570833333333,2.85166666666667,0,0,0.0091,4.884,0,376.8048,62.3139,6.88,0.0049,120.9013,0.1701,0.0706,0.0969,0.0194,5.2255,7.577,0.27,0.5399,0.0131,0.3056,70.5447,2.4297,0.1179,7.577
2020-02-03,19.0425227055898,9.09736109027778,9.94516161531207,16.45875,90.1816666666667,310.217916666667,36.8820833333333,2.8725,0,0,0.0088,6.7582,0,359.2257,62.0512,6.88,0.0048,120.9013,0.172,0.0818,0.098,0.0196,5.3404,7.7435,0.28,0.5599,0.0132,0.3085,72.0951,2.5196,0.119,7.7435
2020-02-04,18.6868958565782,9.06027971328671,9.62661614329153,16.1691666666667,31.58375,368.96625,55.25125,2.29791666666667,0,0,0.0087,8.3726,0,345.1861,61.7886,6.88,0.0046,120.9013,0.1739,0.0929,0.0991,0.0198,5.4552,7.9101,0.29,0.5799,0.0133,0.3114,73.6455,2.6096,0.1201,7.9101
2020-02-05,18.7648859897117,10.151958020979,8.61292796873268,14.7041666666667,26.2358333333333,380.0025,84.5679166666667,1.87291666666667,0.00838208333333333,0,0.0103,9.3024,0,337.5269,61.5259,6.88,0.0045,120.9013,0.1759,0.104,0.1002,0.02,5.5701,8.0766,0.3,0.5999,0.0135,0.3143,75.196,2.6996,0.1212,8.0766
2020-02-06,18.3479722784951,10.0640000166667,8.28397226182837,6.65458333333333,8.58916666666667,352.219166666667,100,1.44916666666667,0.04876875,0,0.0436,7.5932,0,351.8429,61.2633,6.88,0.0043,120.9013,0.1778,0.1151,0.1013,0.0203,5.6849,8.2431,0.31,0.6199,0.0136,0.3172,76.7464,2.7896,0.1224,8.2431
2020-02-07,18.6077415017137,9.54822223796296,9.05951926375074,8.04958333333333,68.8779166666667,343.810833333333,79.2045833333333,4.00458333333333,0.0101608333333333,0,0.0484,7.5475,0,352.2404,61.0006,6.88,0.0042,120.9013,0.1797,0.1263,0.1024,0.0205,5.7998,8.4097,0.3199,0.6399,0.0137,0.3201,78.2968,2.8795,0.1235,8.4097
2020-02-08,18.1810416305,9.03244445925926,9.1485971712407,1.29666666666667,126.579583333333,272.299166666667,53.5729166666667,2.34708333333333,0,0,0.0268,4.7853,0,377.7707,60.738,6.88,0.004,120.9013,0.1816,0.1374,0.1035,0.0207,5.9146,8.5762,0.3299,0.6599,0.0138,0.323,79.8473,2.9695,0.1246,8.5762
2020-02-09,18.5362687054032,8.51666668055556,10.0196020248477,3.6475,176.126666666667,263.95,70.0166666666667,1.65458333333333,0,0,0.0188,4.8889,0,376.757,60.4753,6.88,0.0039,120.9013,0.1835,0.1485,0.1046,0.0209,6.0295,8.7427,0.3399,0.6799,0.014,0.3259,81.3977,3.0595,0.1257,8.7427
2020-02-10,18.5417368366656,9.12335662937063,9.41838020729497,6.3175,25.1820833333333,322.766666666667,75.8970833333333,1.43333333333333,0.00533416666666667,0,0.0168,5.7136,0,368.8451,60.2127,6.88,0.0037,120.9013,0.1854,0.1596,0.1057,0.0211,6.1443,8.9092,0.3499,0.6999,0.0141,0.3288,82.9481,3.1495,0.1268,8.9092
2020-02-11,18.3694170558134,10.5716428714286,7.79777418438483,14.29625,67.0333333333333,383.294166666667,96.15875,1.35708333333333,0.00635041666666667,0,0.0173,8.587,0,343.3934,59.95,6.88,0.0036,120.9013,0.1873,0.1707,0.1067,0.0213,6.2592,9.0758,0.3599,0.7199,0.0142,0.3317,84.4986,3.2395,0.128,9.0758
2020-02-12,17.9596583773867,10.9772794191176,6.98237895826907,9.12875,31.57375,345.171666666667,69.2079166666667,2.52625,0.000762083333333333,0,0.0169,7.2897,0,354.4961,59.6874,6.88,0.0034,120.9013,0.1892,0.1819,0.1078,0.0216,6.374,9.2423,0.3699,0.7399,0.0143,0.3346,86.049,3.3294,0.1291,9.2423
2020-02-13,18.1088518845092,11.2729799734477,6.83587191106147,10.6633333333333,33.5008333333333,362.285,93.0716666666667,1.85666666666667,0.0101604166666667,0,0.0217,7.75,0,350.4861,59.4247,6.88,0.0033,120.9013,0.1911,0.193,0.1089,0.0218,6.4888,9.4088,0.3799,0.7599,0.0145,0.3375,87.5994,3.4194,0.1302,9.4088
2020-02-14,17.6354522713317,11.5686805277778,6.06677174355391,3.9275,180.019166666667,262.389583333333,55.9829166666667,3.3825,0,0,0.0206,5.2425,0,373.3294,59.1621,6.88,0.0031,120.9013,0.1931,0.2041,0.11,0.022,6.6037,9.5754,0.3899,0.7799,0.0146,0.3404,89.1498,3.5094,0.1313,9.5754
2020-02-15,17.9043290708085,9.46999998611111,8.43432908469738,-2.89875,167.5675,219.377083333333,56.1891666666667,2.54041666666667,0,0,0.0176,2.768,0,398.4818,58.8994,6.88,0.0029,120.9013,0.195,0.2152,0.1111,0.0222,6.7185,9.7419,0.3999,0.7999,0.0147,0.3433,90.7003,3.5994,0.1324,9.7419
2020-02-16,17.5575868058153,9.20458335416667,8.35300345164865,4.67166666666667,111.252916666667,281.275,60.3429166666667,1.93416666666667,0,0,0.0157,4.1605,0,383.9872,58.6368,6.88,0.0028,120.9013,0.1969,0.2264,0.1122,0.0224,6.8334,9.9084,0.4099,0.8199,0.0148,0.3462,92.2507,3.6893,0.1335,9.9084
2020-02-17,17.7689935246556,9.52111886013986,8.24787466451577,8.56458333333333,160.665,285.979166666667,74.42875,2.505,0,0,0.0145,5.4617,0,371.2319,58.3741,6.88,0.0026,120.9013,0.1988,0.2375,0.1133,0.0227,6.9482,10.0749,0.4199,0.8398,0.015,0.3491,93.8011,3.7793,0.1347,10.0749
2020-02-18,17.3301854226464,11.2839582777778,6.04622714486862,9.4675,52.175,334.584583333333,81.2691666666667,1.59833333333333,0.00152416666666667,0,0.0136,6.3105,0,363.2951,58.1115,6.88,0.0025,120.9013,0.2007,0.2486,0.1144,0.0229,7.0631,10.2415,0.4299,0.8598,0.0151,0.352,95.3516,3.8693,0.1358,10.2415
2020-02-19,17.7153994747894,11.0528472013889,6.6625522734005,10.03625,128.7525,318.54375,63.8029166666667,4.30916666666667,0.000508333333333333,0,0.0132,6.7205,0,359.5654,57.8488,6.88,0.0023,120.9013,0.2026,0.2597,0.1155,0.0231,7.1779,10.408,0.4399,0.8798,0.0152,0.3549,96.902,3.9593,0.1369,10.408
2020-02-20,17.7429267553739,11.0920138680556,6.65091288731828,4.79208333333333,35.7633333333333,294.5,63.0304166666667,2.005,0,0,0.0119,4.4395,0,381.1903,57.5862,6.88,0.0022,120.9013,0.2045,0.2709,0.1166,0.0233,7.2928,10.5745,0.4499,0.8998,0.0153,0.3578,98.4524,4.0493,0.138,10.5745
2020-02-21,17.8278031435814,10.1919444583333,7.63585868524813,2.20333333333333,190.677083333333,245.01,51.395,2.98,0,0,0.0117,3.3505,0,392.3082,57.3235,6.88,0.002,120.9013,0.2064,0.282,0.1176,0.0235,7.4076,10.741,0.4599,0.9198,0.0155,0.3607,100.0029,4.1392,0.1391,10.741
2020-02-22,17.7823941063602,11.2059722013889,6.57642190497129,5.89375,191.82875,239.389583333333,35.565,2.78625,0,0,0.0114,3.3011,0,392.8253,57.0609,6.88,0.0019,120.9013,0.2083,0.2931,0.1187,0.0237,7.5225,10.9076,0.4699,0.9398,0.0156,0.3636,101.5533,4.2292,0.1403,10.9076
2020-02-23,17.4959303882659,12.7192361180556,4.77669427021032,8.64125,190.810416666667,255.216666666667,41.535,2.30583333333333,0,0,0.0111,4.2069,0,383.52,56.7982,6.88,0.0017,120.9013,0.2103,0.3042,0.1198,0.024,7.6373,11.0741,0.4799,0.9598,0.0157,0.3665,103.1037,4.3192,0.1414,11.0741
2020-02-24,17.2065143495143,13.2145070633803,3.99200728613404,8.46875,56.9783333333333,316.2975,60.3716666666667,1.79041666666667,0,0,0.0111,5.2551,0,373.2083,56.5356,6.88,0.0016,120.9013,0.2122,0.3154,0.1209,0.0242,7.7522,11.2406,0.4899,0.9798,0.0158,0.3694,104.6542,4.4092,0.1425,11.2406
2020-02-25,17.4388628050687,11.1448611458333,6.29400165923536,10.7383333333333,142.202083333333,355.958333333333,94.81,1.79,0.00482666666666667,0,0.0121,7.7959,0,350.0902,56.2729,6.88,0.0014,120.9013,0.2141,0.3265,0.122,0.0244,7.867,11.4072,0.4999,0.9998,0.016,0.3723,106.2046,4.4991,0.1436,11.4072
2020-02-26,17.1142391573307,13.8378321538462,3.27640700348454,12.135,145.0225,317.709166666667,91.3429166666667,2.57916666666667,0,0,0.0117,8.2362,0,346.3349,56.0103,6.88,0.0013,120.9013,0.216,0.3376,0.1231,0.0246,7.9819,11.5737,0.5099,1.0198,0.0161,0.3752,107.755,4.5891,0.1447,11.5737
2020-02-27,17.3916424938183,12.3460416458333,5.04560084798504,4.05291666666667,205.664583333333,277.335833333333,56.8054166666667,3.4625,0.00279416666666667,0,0.0115,4.9839,0,375.831,55.7476,6.88,0.0011,120.9013,0.2179,0.3487,0.1242,0.0248,8.0967,11.7402,0.5199,1.0398,0.0162,0.3781,109.3055,4.6791,0.1459,11.7402
2020-02-28,17.4127257520908,11.4965278055556,5.91619794653516,2.91375,114.725416666667,264.27875,50.1891666666667,2.75125,0,0,0.011,3.6017,0,389.6959,55.485,6.88,9e-04,120.9013,0.2198,0.3598,0.1253,0.0251,8.2115,11.9067,0.5299,1.0598,0.0163,0.381,110.8559,4.7691,0.147,11.9067
2020-02-29,17.251098665503,11.0104895454545,6.24060912004848,2.07916666666667,214.2525,251.213333333333,55.3608333333333,2.98,0,0,0.011,3.3055,0,392.7794,55.2223,6.88,8e-04,120.9013,0.2217,0.371,0.1264,0.0253,8.3264,12.0733,0.5399,1.0798,0.0165,0.3839,112.4063,4.859,0.1481,12.0733
2020-03-01,17.2935024970837,10.1655555625,7.12794693458374,5.09583333333333,202.457083333333,244.61875,38.2779166666667,2.22291666666667,0,0,0.0104,3.4105,0,391.6815,55.5397,6.88,9e-04,120.9013,0.2291,0.371,0.1264,0.0253,8.3264,12.0733,0.5573,1.1147,0.017,0.3962,112.4063,5.016,0.1528,12.0733
2020-03-02,17.4875162851052,12.5977777430556,4.88973854204955,8.735,74.2679166666667,304.745833333333,59.9695833333333,2.92375,0,0,0.0102,4.9909,0,375.7621,55.8571,6.88,0.0011,120.9013,0.2365,0.371,0.1264,0.0253,8.3264,12.0733,0.5748,1.1495,0.0175,0.4085,112.4063,5.173,0.1576,12.0733
2020-03-03,17.2087223846068,14.1784506971831,3.03027168742374,12.5591666666667,95.2704166666667,346.477916666667,84.2691666666667,1.96333333333333,0.00330208333333333,0,0.0107,7.1982,0,355.3023,56.1744,6.88,0.0012,120.9013,0.2439,0.371,0.1264,0.0253,8.3264,12.0733,0.5922,1.1844,0.018,0.4208,112.4063,5.3299,0.1623,12.0733
2020-03-04,17.1812783866419,12.2293055833333,4.95197280330857,13.4791666666667,171.667916666667,292.932083333333,35.2675,2.5225,0,0,0.0101,7.3302,0,354.1399,56.4918,6.88,0.0013,120.9013,0.2513,0.371,0.1264,0.0253,8.3264,12.0733,0.6097,1.2193,0.0186,0.4331,112.4063,5.4869,0.167,12.0733
2020-03-05,16.9838847710333,11.7248251608392,5.25905961019406,9.79041666666667,105.193333333333,313.729583333333,47.4929166666667,2.3025,0,0,0.01,7.1451,0,355.7721,56.8092,6.88,0.0015,120.9013,0.2587,0.371,0.1264,0.0253,8.3264,12.0733,0.6271,1.2542,0.0191,0.4453,112.4063,5.6438,0.1718,12.0733
2020-03-06,17.1419544506858,12.9326087028986,4.20934574778716,5.50541666666667,131.509583333333,291.95,69.8366666666667,2.37916666666667,0.000507916666666667,0,0.0104,5.8606,0,367.465,57.1265,6.88,0.0016,120.9013,0.2661,0.371,0.1264,0.0253,8.3264,12.0733,0.6445,1.2891,0.0196,0.4576,112.4063,5.8008,0.1765,12.0733
2020-03-07,16.951670134469,11.6918181748252,5.25985195964383,3.82666666666667,238.234583333333,265.919166666667,51.12625,4.69666666666667,0,0,0.0102,4.9669,0,375.9962,57.4439,6.88,0.0018,120.9013,0.2735,0.371,0.1264,0.0253,8.3264,12.0733,0.662,1.3239,0.0201,0.4699,112.4063,5.9577,0.1813,12.0733
2020-03-08,17.0512802214535,9.85409721527778,7.19718300617575,6.0925,225.93,258.053333333333,47.2579166666667,2.54625,0,0,0.0097,5.286,0,372.9111,57.7613,6.88,0.0019,120.9013,0.2809,0.371,0.1264,0.0253,8.3264,12.0733,0.6794,1.3588,0.0207,0.4822,112.4063,6.1147,0.186,12.0733
2020-03-09,16.8654527204552,9.83729165277778,7.02816106767741,12.525,184.059166666667,289.274583333333,44.59375,2.67583333333333,0,0,0.0097,6.9118,0,357.8481,58.0786,6.88,0.002,120.9013,0.2882,0.371,0.1264,0.0253,8.3264,12.0733,0.6969,1.3937,0.0212,0.4945,112.4063,6.2717,0.1907,12.0733
2020-03-10,16.9418451938902,13.5803546028369,3.36149059105332,16.0645833333333,84.1916666666667,365.579166666667,69.48,2.10708333333333,0.000507916666666667,0,0.0099,9.3419,0,337.2083,58.396,6.88,0.0022,120.9013,0.2956,0.371,0.1264,0.0253,8.3264,12.0733,0.7143,1.4286,0.0217,0.5068,112.4063,6.4286,0.1955,12.0733
2020-03-11,16.6850339088955,10.3595138888889,6.32552002000664,16.7079166666667,164.069166666667,362.667916666667,79.1445833333333,1.9275,0,0,0.0099,10.8828,0,325.172,58.7134,6.88,0.0023,120.9013,0.303,0.371,0.1264,0.0253,8.3264,12.0733,0.7317,1.4635,0.0222,0.519,112.4063,6.5856,0.2002,12.0733
2020-03-12,16.8483296493068,9.03388888888889,7.81444076041794,14.3391666666667,192.692083333333,315.258333333333,77.0841666666667,2.41083333333333,0,0,0.0098,10.5966,0,327.3502,59.0308,6.88,0.0025,120.9013,0.3104,0.371,0.1264,0.0253,8.3264,12.0733,0.7492,1.4983,0.0228,0.5313,112.4063,6.7425,0.2049,12.0733
2020-03-13,16.8601695302368,12.823239443662,4.03693008657483,18.09125,143.142083333333,375.675416666667,70.89,2.19583333333333,0.0104145833333333,0,0.0133,11.701,0,319.0846,59.3481,6.88,0.0026,120.9013,0.3178,0.371,0.1264,0.0253,8.3264,12.0733,0.7666,1.5332,0.0233,0.5436,112.4063,6.8995,0.2097,12.0733
2020-03-14,16.9185334130253,14.9844055944056,1.93412781861972,13.0679166666667,141.5075,327.314166666667,34.3991666666667,2.50083333333333,0.000508333333333333,0,0.0108,9.4774,0,336.1185,59.6655,6.88,0.0027,120.9013,0.3252,0.371,0.1264,0.0253,8.3264,12.0733,0.784,1.5681,0.0238,0.5559,112.4063,7.0564,0.2144,12.0733
2020-03-15,16.2008985785992,12.8336805625,3.36721801609917,7.8925,47.1125,355.20375,96.5191666666667,1.27083333333333,0.00558833333333333,0,0.0114,8.3075,0,345.7338,59.9829,6.88,0.0029,120.9013,0.3326,0.371,0.1264,0.0253,8.3264,12.0733,0.8015,1.603,0.0243,0.5682,112.4063,7.2134,0.2191,12.0733
2020-03-16,16.4469697085098,16.8968840652174,-0.44991435670757,8.395,85.3591666666667,346.546666666667,78.5525,1.34416666666667,0,0,0.0109,7.771,0,350.3046,60.3002,6.88,0.003,120.9013,0.34,0.371,0.1264,0.0253,8.3264,12.0733,0.8189,1.6379,0.0249,0.5804,112.4063,7.3704,0.2239,12.0733
2020-03-17,16.4490159027142,18.5661971830986,-2.11718128038445,9.86416666666667,143.377916666667,352.93125,77.1841666666667,1.24333333333333,0,0,0.0109,9.3585,0,337.0739,60.6176,6.88,0.0032,120.9013,0.3474,0.371,0.1264,0.0253,8.3264,12.0733,0.8364,1.6727,0.0254,0.5927,112.4063,7.5273,0.2286,12.0733
2020-03-18,16.4829439889024,15.4014184255319,1.08152556337052,9.10208333333333,82.2720833333333,333.0525,80.26125,2.1075,0,0,0.0106,9.0769,0,339.3572,60.935,6.88,0.0033,120.9013,0.3548,0.371,0.1264,0.0253,8.3264,12.0733,0.8538,1.7076,0.0259,0.605,112.4063,7.6843,0.2334,12.0733
2020-03-19,16.4223910712041,13.6726573426573,2.7497337285468,14.9408333333333,151.67375,387.02125,83.2895833333333,1.73333333333333,0.00457208333333333,0,0.0115,11.5049,0,320.5254,61.2523,6.88,0.0034,120.9013,0.3622,0.371,0.1264,0.0253,8.3264,12.0733,0.8712,1.7425,0.0265,0.6173,112.4063,7.8412,0.2381,12.0733
2020-03-20,16.4281741806646,13.5934042695035,2.8347699111611,18.0891666666667,94.74875,384.5325,80.0720833333333,1.98,0.000762083333333333,0,0.0114,13.2572,0,308.0488,61.5697,6.88,0.0036,120.9013,0.3695,0.371,0.1264,0.0253,8.3264,12.0733,0.8887,1.7774,0.027,0.6296,112.4063,7.9982,0.2428,12.0733
2020-03-21,16.2094968361453,11.828591556338,4.3809052798073,15.2495833333333,153.426666666667,375.2725,77.8208333333333,2.84625,0.00254,0,0.0115,13.1145,0,309.0325,61.8871,6.88,0.0037,120.9013,0.3769,0.371,0.1264,0.0253,8.3264,12.0733,0.9061,1.8123,0.0275,0.6418,112.4063,8.1551,0.2476,12.0733
2020-03-22,16.2635354117548,20.462027979021,-4.19849256726622,7.57166666666667,151.335,335.89375,60.6045833333333,2.65166666666667,0,0,0.0105,10.184,0,330.5356,62.2044,6.88,0.0038,120.9013,0.3843,0.371,0.1264,0.0253,8.3264,12.0733,0.9236,1.8471,0.028,0.6541,112.4063,8.3121,0.2523,12.0733
2020-03-23,16.1243062987824,17.9810562957746,-1.85674999699221,5.5325,60.2366666666667,350.915,89.22,1.46875,0.00711208333333333,0,0.0129,8.6464,0,342.8998,62.5218,6.88,0.004,120.9013,0.3917,0.371,0.1264,0.0253,8.3264,12.0733,0.941,1.882,0.0286,0.6664,112.4063,8.4691,0.257,12.0733
2020-03-24,16.1005122153775,21.9379021048951,-5.8373898895176,10.2620833333333,140.618333333333,337.115416666667,79.53625,2.31791666666667,0.000762083333333333,0,0.0123,9.7991,0,333.5565,62.8392,6.88,0.0041,120.9013,0.3991,0.371,0.1264,0.0253,8.3264,12.0733,0.9584,1.9169,0.0291,0.6787,112.4063,8.626,0.2618,12.0733
2020-03-25,15.5546541571514,23.4171328601399,-7.86247870298846,8.98958333333333,154.41125,365.631666666667,92.12125,2.10208333333333,0.0172725,0,0.0276,10.1594,0,330.7271,63.1566,6.88,0.0043,120.9013,0.4065,0.371,0.1264,0.0253,8.3264,12.0733,0.9759,1.9518,0.0296,0.691,112.4063,8.783,0.2665,12.0733
2020-03-26,15.9639794416995,24.4714788732394,-8.50749943153988,9.21916666666667,173.045833333333,338.389166666667,87.8133333333333,2.05416666666667,0,0,0.0201,10.4698,0,328.3231,63.4739,6.88,0.0044,120.9013,0.4139,0.371,0.1264,0.0253,8.3264,12.0733,0.9933,1.9866,0.0301,0.7032,112.4063,8.9399,0.2713,12.0733
2020-03-27,15.9136706150156,15.7131468601399,0.200523754875681,17.3029166666667,182.318333333333,354.977083333333,66.8483333333333,2.10875,0,0,0.0165,12.5191,0,313.1975,63.7913,6.88,0.0045,120.9013,0.4213,0.371,0.1264,0.0253,8.3264,12.0733,1.0108,2.0215,0.0307,0.7155,112.4063,9.0969,0.276,12.0733
2020-03-28,16.171369258005,17.3931468601399,-1.22177760213492,19.58125,226.882916666667,380.689166666667,73.24875,2.055,0,0,0.014,14.826,0,297.5921,64.1087,6.88,0.0047,120.9013,0.4287,0.371,0.1264,0.0253,8.3264,12.0733,1.0282,2.0564,0.0312,0.7278,112.4063,9.2538,0.2807,12.0733
2020-03-29,16.0570716161088,14.8128472430556,1.24422437305318,21.19375,193.735416666667,375.179166666667,68.6520833333333,2.02375,0,0,0.0129,15.3257,0,294.3936,64.426,6.88,0.0048,120.9013,0.4361,0.371,0.1264,0.0253,8.3264,12.0733,1.0456,2.0913,0.0317,0.7401,112.4063,9.4108,0.2855,12.0733
2020-03-30,16.2426520445961,22.5046853006993,-6.26203325610316,20.2404166666667,230.775833333333,332.99625,27.3370833333333,2.94458333333333,0,0,0.0119,13.4062,0,307.0273,64.7434,6.88,0.005,120.9013,0.4435,0.371,0.1264,0.0253,8.3264,12.0733,1.0631,2.1262,0.0322,0.7524,112.4063,9.5678,0.2902,12.0733
2020-03-31,15.9256971145362,25.851048951049,-9.92535183651276,10.8041666666667,29.2233333333333,339.837083333333,61.4383333333333,2.05875,0.0157483333333333,0,0.0156,10.2259,0,330.209,64.3694,6.88,0.0051,120.9013,0.4375,0.3687,0.1254,0.0251,8.4453,12.2457,1.0694,2.1388,0.0322,0.7514,114.0121,9.6246,0.2898,12.2457
2020-04-01,16.1138931642444,22.5185314685315,-6.40463830428708,6.33125,143.528333333333,348.404166666667,86.8475,3.31875,0.00330208333333333,0,0.0167,9.4614,0,336.2472,63.9953,6.88,0.0052,120.9013,0.4316,0.3664,0.1245,0.0249,8.5643,12.4182,1.0757,2.1514,0.0322,0.7505,115.6179,9.6815,0.2895,12.4182
2020-04-02,16.0688239079779,19.7652777777778,-3.69645386979992,9.42666666666667,274.29625,288.794166666667,51.4004166666667,3.81083333333333,0,0,0.0148,9.7766,0,333.7346,63.6213,6.88,0.0054,120.9013,0.4256,0.3641,0.1235,0.0247,8.6832,12.5907,1.082,2.1641,0.0321,0.7495,117.2237,9.7384,0.2891,12.5907
2020-04-03,16.0913489424874,17.3381944444444,-1.24684550195702,13.1641666666667,285.10125,279.273333333333,30.3216666666667,3.48208333333333,0,0,0.0137,9.9608,0,332.2809,63.2472,6.88,0.0055,120.9013,0.4197,0.3618,0.1226,0.0245,8.8022,12.7632,1.0884,2.1767,0.0321,0.7485,118.8295,9.7953,0.2887,12.7632
2020-04-04,15.7051883825929,17.5925874125874,-1.88739902999449,15.4445833333333,276.769583333333,296.019583333333,32.5175,2.44458333333333,0,0,0.0129,11.0594,0,323.8411,62.8732,6.88,0.0057,120.9013,0.4138,0.3594,0.1217,0.0243,8.9211,12.9356,1.0947,2.1894,0.032,0.7476,120.4354,9.8522,0.2884,12.9356
2020-04-05,15.8880772964592,16.0874285714286,-0.199351274969393,14.9454166666667,219.78375,321.2625,61.9908333333333,1.44583333333333,0,0,0.0122,11.8506,0,317.9935,62.4991,6.88,0.0058,120.9013,0.4078,0.3571,0.1207,0.0241,9.0401,13.1081,1.101,2.202,0.032,0.7466,122.0412,9.9091,0.288,13.1081
2020-04-06,15.7191583047403,14.1924305486111,1.52672775612916,17.8954166666667,235.784166666667,342.395,59.6366666666667,2.4775,0,0,0.0121,13.3046,0,307.7234,62.1251,6.88,0.0059,120.9013,0.4019,0.3548,0.1198,0.024,9.159,13.2806,1.1073,2.2147,0.032,0.7457,123.647,9.9659,0.2876,13.2806
2020-04-07,15.911394064566,16.4940972222222,-0.582703157656193,18.15375,204.4575,348.661666666667,66.015,2.20458333333333,0,0,0.012,14.0706,0,302.5468,61.7511,6.88,0.0061,120.9013,0.3959,0.3525,0.1188,0.0238,9.278,13.4531,1.1136,2.2273,0.0319,0.7447,125.2528,10.0228,0.2872,13.4531
2020-04-08,15.8199166210491,19.1978014184397,-3.37788479739064,20.2970833333333,147.812083333333,372.082916666667,63.0516666666667,2.37458333333333,0.00127041666666667,0,0.0121,14.5977,0,299.0743,61.377,6.88,0.0062,120.9013,0.39,0.3502,0.1179,0.0236,9.3969,13.6256,1.12,2.2399,0.0319,0.7438,126.8586,10.0797,0.2869,13.6256
2020-04-09,15.9141583856713,19.8791608391608,-3.96500245348947,16.8254166666667,258.81125,339.95,56.2445833333333,3.35708333333333,0.00152416666666667,0,0.0119,13.5995,0,305.712,61.003,6.88,0.0064,120.9013,0.3841,0.3479,0.117,0.0234,9.5159,13.798,1.1263,2.2526,0.0318,0.7428,128.4644,10.1366,0.2865,13.798
2020-04-10,15.3211745715349,15.9233333402778,-0.602158768742918,7.18041666666667,241.22375,280.807916666667,38.7266666666667,3.20291666666667,0,0,0.0114,9.5167,0,335.8039,60.6289,6.88,0.0065,120.9013,0.3781,0.3456,0.116,0.0232,9.6348,13.9705,1.1326,2.2652,0.0318,0.7418,130.0702,10.1935,0.2861,13.9705
2020-04-11,15.6110577118953,16.2367132867133,-0.625655574818044,8.37875,262.554166666667,275.79375,39.5191666666667,1.98541666666667,0,0,0.0108,9.5846,0,335.261,60.2549,6.88,0.0066,120.9013,0.3722,0.3433,0.1151,0.023,9.7538,14.143,1.1389,2.2779,0.0318,0.7409,131.676,10.2504,0.2858,14.143
2020-04-12,15.121585439761,18.285625,-3.164039560239,13.5466666666667,105.364583333333,354.109583333333,56.6341666666667,2.18,0.00482583333333333,0,0.0126,11.1078,0,323.4777,59.8809,6.88,0.0068,120.9013,0.3662,0.341,0.1141,0.0228,9.8727,14.3155,1.1452,2.2905,0.0317,0.7399,133.2818,10.3072,0.2854,14.3155
2020-04-13,15.2750824957894,23.2427777777778,-7.96769528198841,17.9683333333333,159.565833333333,389.143333333333,81.7770833333333,3.40375,0.0612145833333333,0,0.1101,12.8151,0,311.1143,59.5068,6.88,0.0069,120.9013,0.3603,0.3387,0.1132,0.0226,9.9917,14.4879,1.1516,2.3031,0.0317,0.739,134.8876,10.3641,0.285,14.4879
2020-04-14,14.6370638894654,18.002027965035,-3.36496407556961,10.4283333333333,213.555416666667,311.555,56.09625,3.42375,0,0,0.0921,12.179,0,315.6216,59.1328,6.88,0.007,120.9013,0.3544,0.3364,0.1123,0.0225,10.1106,14.6604,1.1579,2.3158,0.0316,0.738,136.4934,10.421,0.2847,14.6604
2020-04-15,14.9624399854735,20.6164335664336,-5.65399358096006,5.78125,302.671666666667,304.23875,58.46,4.405,0.00482625,0,0.0906,11.6081,0,319.7657,58.7587,6.88,0.0072,120.9013,0.3484,0.3341,0.1113,0.0223,10.2296,14.8329,1.1642,2.3284,0.0316,0.7371,138.0992,10.4779,0.2843,14.8329
2020-04-16,14.575826243954,21.4458741258741,-6.87004788192013,8.47416666666667,301.749166666667,268.62,35.9416666666667,2.51666666666667,0,0,0.0855,11.72,0,318.9459,58.3847,6.88,0.0073,120.9013,0.3425,0.3318,0.1104,0.0221,10.3485,15.0054,1.1705,2.3411,0.0315,0.7361,139.705,10.5348,0.2839,15.0054
2020-04-17,14.9078557005524,18.7522916666667,-3.84443596611431,11.15875,266.880833333333,288.786666666667,45.1283333333333,3.37041666666667,0,0,0.0797,12.2009,0,315.4639,58.0106,6.88,0.0075,120.9013,0.3366,0.3295,0.1094,0.0219,10.4675,15.1778,1.1769,2.3537,0.0315,0.7352,141.3108,10.5917,0.2836,15.1778
2020-04-18,14.6019498443529,16.7606293706294,-2.15867952627647,11.7554166666667,260.614166666667,322.627083333333,59.7920833333333,3.26333333333333,0.00177875,0,0.0763,12.5198,0,313.1924,57.6366,6.88,0.0076,120.9013,0.3306,0.3272,0.1085,0.0217,10.5864,15.3503,1.1832,2.3663,0.0315,0.7342,142.9166,10.6485,0.2832,15.3503
2020-04-19,15.0421059143474,17.3621276595745,-2.32002174522706,8.99125,170.830833333333,292.924166666667,61.1533333333333,2.80625,0,0,0.0686,11.7395,0,318.8036,57.2626,6.88,0.0077,120.9013,0.3247,0.3249,0.1076,0.0215,10.7054,15.5228,1.1895,2.379,0.0314,0.7332,144.5224,10.7054,0.2828,15.5228
2020-04-20,14.8091201836581,17.3038888958333,-2.49476871217523,12.7891666666667,192.634583333333,348.759166666667,70.9725,2.00916666666667,0.00863625,0,0.0663,12.588,0,312.71,56.8885,6.88,0.0079,120.9013,0.3187,0.3226,0.1066,0.0213,10.8243,15.6953,1.1958,2.3916,0.0314,0.7323,146.1282,10.7623,0.2825,15.6953
2020-04-21,15.1188962366572,18.345034965035,-3.22613872837778,14.32,219.540416666667,316.84125,55.70875,2.63041666666667,0,0,0.061,12.6749,0,312.0978,56.5145,6.88,0.008,120.9013,0.3128,0.3203,0.1057,0.0211,10.9433,15.8677,1.2021,2.4043,0.0313,0.7313,147.734,10.8192,0.2821,15.8677
2020-04-22,14.7646257898877,15.1146478943662,-0.3500221044785,12.2975,298.339166666667,281.455833333333,25.6883333333333,2.9175,0,0,0.0534,11.9935,0,316.9572,56.1404,6.88,0.0082,120.9013,0.3069,0.318,0.1047,0.0209,11.0622,16.0402,1.2085,2.4169,0.0313,0.7304,149.3398,10.8761,0.2817,16.0402
2020-04-23,15.0427907220876,17.2765034965035,-2.23371277441588,11.9254166666667,23.33125,354.1775,81.225,2.16625,0.0058425,0,0.0497,12.1228,0,316.025,55.7664,6.88,0.0083,120.9013,0.3009,0.3157,0.1038,0.0208,11.1812,16.2127,1.2148,2.4295,0.0313,0.7294,150.9456,10.933,0.2813,16.2127
2020-04-24,14.8436009447823,21.4107971014493,-6.56719615666699,16.3070833333333,230.594166666667,374.695,83.3295833333333,2.05333333333333,0.00279416666666667,0,0.0534,13.4916,0,306.4454,55.3923,6.88,0.0084,120.9013,0.295,0.3134,0.1029,0.0206,11.3001,16.3852,1.2211,2.4422,0.0312,0.7285,152.5514,10.9899,0.281,16.3852
2020-04-25,15.015767824199,14.2698611041667,0.745906720032279,12.9191666666667,74.81375,376.767083333333,88.62625,2.21416666666667,0.0058425,0,0.0515,12.9652,0,310.0674,55.0183,6.88,0.0086,120.9013,0.289,0.3111,0.1019,0.0204,11.4191,16.5576,1.2274,2.4548,0.0312,0.7275,154.1572,11.0467,0.2806,16.5576
2020-04-26,14.9649085501093,13.6447552587413,1.32015329136798,12.3233333333333,180.356666666667,375.259583333333,88.2783333333333,2.01125,0.01016,0,0.065,12.9559,0,310.1319,54.6443,6.88,0.0087,120.9013,0.2831,0.3088,0.101,0.0202,11.538,16.7301,1.2337,2.4675,0.0311,0.7265,155.7631,11.1036,0.2802,16.7301
2020-04-27,14.7997593719392,8.81612678169014,5.98363259024907,11.9729166666667,316.144166666667,315.85375,54.0816666666667,3.83708333333333,0,0,0.063,12.6299,0,312.4147,54.2702,6.88,0.0089,120.9013,0.2772,0.3065,0.1,0.02,11.657,16.9026,1.2401,2.4801,0.0311,0.7256,157.3689,11.1605,0.2799,16.9026
2020-04-28,14.4028982410181,8.3811888041958,6.02170943682228,12.77625,123.115416666667,341.18125,60.7041666666667,1.74291666666667,0,0,0.0565,12.6435,0,312.3185,53.8962,6.88,0.009,120.9013,0.2712,0.3041,0.0991,0.0198,11.7759,17.0751,1.2464,2.4928,0.0311,0.7246,158.9747,11.2174,0.2795,17.0751
2020-04-29,14.7039309676132,6.69013888194444,8.0137920856688,16.7083333333333,158.25375,355.4425,75.2216666666667,2.6175,0,0,0.054,13.8398,0,304.0902,53.5221,6.88,0.0091,120.9013,0.2653,0.3018,0.0981,0.0196,11.8948,17.2475,1.2527,2.5054,0.031,0.7237,160.5805,11.2743,0.2791,17.2475
2020-04-30,14.3517716726894,5.59423611111111,8.7575355615783,14.84375,125.155833333333,382.984166666667,86.1508333333333,2.94291666666667,0.0447045833333333,0,0.1141,13.13,0,308.9252,53.1481,6.88,0.0093,120.9013,0.2593,0.2995,0.0972,0.0194,12.0138,17.42,1.259,2.518,0.031,0.7227,162.1863,11.3312,0.2788,17.42
2020-05-01,14.5337781553459,5.26183097887324,9.27194717647271,12.0570833333333,140.837083333333,347.46875,66.2454166666667,2.20166666666667,0,0,0.1008,12.8382,0,310.9526,52.774,6.88,0.0094,120.9013,0.2534,0.2972,0.0963,0.0193,12.1327,17.5925,1.2653,2.5307,0.0309,0.7218,163.7921,11.388,0.2784,17.5925
2020-05-02,14.3310742274532,4.94645833333333,9.38461589411989,15.36875,294.268333333333,329.842083333333,55.20625,2.8425,0,0,0.0947,13.7497,0,304.6965,52.4,6.88,0.0095,120.9013,0.2475,0.2949,0.0953,0.0191,12.2517,17.765,1.2717,2.5433,0.0309,0.7208,165.3979,11.4449,0.278,17.765
2020-05-03,14.7100529542257,5.69437500694444,9.01567794728127,21.7395833333333,247.037083333333,363.77125,56.01875,2.21333333333333,0,0,0.0926,15.3364,0,294.3263,52.026,6.88,0.0097,120.9013,0.2415,0.2926,0.0944,0.0189,12.3706,17.9374,1.278,2.556,0.0309,0.7198,167.0037,11.5018,0.2777,17.9374
2020-05-04,14.6775224334338,4.21708333333333,10.4604391001005,21.0079166666667,319.241666666667,352.785833333333,53.7841666666667,2.81291666666667,0.00206375,0,0.0906,15.9507,0,290.4786,51.6519,6.88,0.0098,120.9013,0.2356,0.2903,0.0934,0.0187,12.4896,18.1099,1.2843,2.5686,0.0308,0.7189,168.6095,11.5587,0.2773,18.1099
2020-05-05,14.8667866680032,5.19965277083333,9.66713389716987,13.1575,88.0720833333333,355.039583333333,69.1241666666667,2.01083333333333,0.00304791666666667,0,0.0851,14.5729,0,299.2361,51.2779,6.88,0.01,120.9013,0.2296,0.288,0.0925,0.0185,12.6085,18.2824,1.2906,2.5812,0.0308,0.7179,170.2153,11.6156,0.2769,18.2824
2020-05-06,14.5632173015878,6.79638888194444,7.76682841964339,10.8654166666667,166.910833333333,351.979583333333,77.2208333333333,2.02416666666667,0.00127,0,0.0819,13.8371,0,304.1084,50.9038,6.88,0.0101,120.9013,0.2237,0.2857,0.0916,0.0183,12.7275,18.4549,1.2969,2.5939,0.0307,0.717,171.8211,11.6725,0.2765,18.4549
2020-05-07,14.7684685020508,4.00295774647887,10.7655107555719,11.42625,319.589583333333,280.847916666667,45.86875,3.15583333333333,0,0,0.0741,13.2793,0,307.8971,50.5298,6.88,0.0102,120.9013,0.2178,0.2834,0.0906,0.0181,12.8464,18.6273,1.3033,2.6065,0.0307,0.716,173.4269,11.7293,0.2762,18.6273
2020-05-08,14.3969821090587,4.88548611111111,9.51149599794762,13.6654166666667,99.9358333333333,330.654583333333,60.05625,1.81125,0.0007625,0,0.0664,13.1661,0,308.6757,50.1557,6.88,0.0104,120.9013,0.2118,0.2811,0.0897,0.0179,12.9654,18.7998,1.3096,2.6192,0.0306,0.7151,175.0327,11.7862,0.2758,18.7998
2020-05-09,14.6248187894828,6.6886013986014,7.93621739088139,6.96708333333333,332.280833333333,270.432083333333,48.5416666666667,2.92625,0,0,0.0594,11.5347,0,320.3058,49.7817,6.88,0.0105,120.9013,0.2059,0.2788,0.0887,0.0177,13.0843,18.9723,1.3159,2.6318,0.0306,0.7141,176.6385,11.8431,0.2754,18.9723
2020-05-10,14.6569210863262,4.60408450704225,10.0528365792839,9.49958333333333,328,276.4425,52.87875,2.91583333333333,0,0,0.0528,11.964,0,317.1712,49.4077,6.88,0.0107,120.9013,0.2,0.2765,0.0878,0.0176,13.2033,19.1448,1.3222,2.6444,0.0306,0.7132,178.2443,11.9,0.2751,19.1448
2020-05-11,14.7901944922703,3.63436090225564,11.1558335900146,11.9633333333333,256.421666666667,312.664166666667,51.0770833333333,3.01916666666667,0,0,0.049,11.8328,0,318.1231,49.0336,6.88,0.0108,120.9013,0.194,0.2742,0.0869,0.0174,13.3222,19.3172,1.3285,2.6571,0.0305,0.7122,179.8501,11.9569,0.2747,19.3172
2020-05-12,14.2467159550091,3.46846153846154,10.7782544165476,10.4820833333333,295.354166666667,306.897083333333,49.8758333333333,2.47333333333333,0,0,0.0438,11.553,0,320.1708,48.6596,6.88,0.0109,120.9013,0.1881,0.2719,0.0859,0.0172,13.4412,19.4897,1.3349,2.6697,0.0305,0.7112,181.4559,12.0138,0.2743,19.4897
2020-05-13,14.4676258336629,4.25957747183099,10.2080483618319,12.72375,174.541666666667,333.659583333333,57.5858333333333,1.99166666666667,0,0,0.0395,11.9006,0,317.6302,48.2855,6.88,0.0111,120.9013,0.1821,0.2696,0.085,0.017,13.5601,19.6622,1.3412,2.6824,0.0304,0.7103,183.0617,12.0706,0.274,19.6622
2020-05-14,14.3058419487226,3.83113475177305,10.4747071969495,18.0583333333333,219.410416666667,382.250833333333,80.92375,1.26458333333333,0.0195579166666667,0,0.0393,11.9869,0,317.0055,47.9115,6.88,0.0112,120.9013,0.1762,0.2673,0.084,0.0168,13.6791,19.8347,1.3475,2.695,0.0304,0.7093,184.6675,12.1275,0.2736,19.8347
2020-05-15,14.5380905469751,3.16142857142857,11.3766619755465,20.8104166666667,317.479583333333,377.677916666667,78.4891666666667,2.33791666666667,0,0,0.039,12.0731,0,316.3828,47.5374,6.88,0.0114,120.9013,0.1703,0.265,0.0831,0.0166,13.798,20.0071,1.3538,2.7076,0.0304,0.7084,186.2733,12.1844,0.2732,20.0071
2020-05-16,14.2073012912252,3.49458333333333,10.7127179578918,22.6433333333333,305.936666666667,370.57,69.8208333333333,1.78708333333333,0,0,0.0387,12.1593,0,315.7624,47.1634,6.88,0.0115,120.9013,0.1643,0.2627,0.0822,0.0164,13.917,20.1796,1.3601,2.7203,0.0303,0.7074,187.8791,12.2413,0.2729,20.1796
2020-05-17,14.4484881421542,3.98520833333333,10.4632798088208,22.1716666666667,188.698333333333,402.815833333333,80.3525,1.93583333333333,0,0,0.0384,12.2456,0,315.1441,46.7894,6.88,0.0116,120.9013,0.1584,0.2604,0.0812,0.0162,14.0359,20.3521,1.3665,2.7329,0.0303,0.7065,189.485,12.2982,0.2725,20.3521
2020-05-18,14.2343979379989,5.53201438848921,8.70238354950967,19.9245833333333,117.803333333333,404.696666666667,93.2279166666667,1.53333333333333,0.00381041666666667,0,0.0382,12.3318,0,314.5279,46.4153,6.88,0.0118,120.9013,0.1524,0.2581,0.0803,0.0161,14.1549,20.5246,1.3728,2.7456,0.0302,0.7055,191.0908,12.3551,0.2721,20.5246
2020-05-19,14.4532044535902,7.71479166666667,6.7384127869235,13.0279166666667,43.7045833333333,383.0875,97.5004166666667,3.28083333333333,0.0693425,0,0.0379,12.4181,0,313.9139,46.0413,6.88,0.0119,120.9013,0.1465,0.2558,0.0793,0.0159,14.2738,20.697,1.3791,2.7582,0.0302,0.7045,192.6966,12.412,0.2718,20.697
2020-05-20,14.1794555925462,7.69555553472222,6.48390005782395,7.915,35.32875,361.8625,96.6304166666667,2.60333333333333,0.0490220833333333,0,0.0376,12.5043,0,313.302,45.6672,6.88,0.0121,120.9013,0.1406,0.2535,0.0784,0.0157,14.3928,20.8695,1.3854,2.7709,0.0302,0.7036,194.3024,12.4688,0.2714,20.8695
2020-05-21,14.341323948176,8.08829790070922,6.25302604746681,11.4804166666667,39.1116666666667,377.439166666667,99.3529166666667,4.14875,0.0452116666666667,0,0.0373,12.5905,0,312.6922,45.2932,6.88,0.0122,120.9013,0.1346,0.2512,0.0775,0.0155,14.5117,21.042,1.3917,2.7835,0.0301,0.7026,195.9082,12.5257,0.271,21.042
2020-05-22,13.9826425322623,6.47437498611111,7.50826754615119,17.6504166666667,223.2675,401.676666666667,91.6416666666667,1.87708333333333,0.0208279166666667,0,0.0371,12.6768,0,312.0846,44.9191,6.88,0.0123,120.9013,0.1287,0.2488,0.0765,0.0153,14.6307,21.2145,1.3981,2.7961,0.0301,0.7017,197.514,12.5826,0.2706,21.2145
2020-05-23,14.1813979819945,5.59888889583333,8.58250908616117,19.6866666666667,224.814166666667,397.728333333333,85.78875,1.92541666666667,0,0,0.0368,12.763,0,311.479,44.5451,6.88,0.0125,120.9013,0.1227,0.2465,0.0756,0.0151,14.7496,21.3869,1.4044,2.8088,0.03,0.7007,199.1198,12.6395,0.2703,21.3869
2020-05-24,13.8154058566378,7.05041957342657,6.76498628321119,19.6108333333333,263.562916666667,382.438333333333,89.4458333333333,2.28041666666667,0.00685833333333333,0,0.0365,12.8493,0,310.8755,44.1711,6.88,0.0126,120.9013,0.1168,0.2442,0.0746,0.0149,14.8686,21.5594,1.4107,2.8214,0.03,0.6998,200.7256,12.6964,0.2699,21.5594
2020-05-25,13.8850318581952,7.79751823357664,6.08751362461859,17.4483333333333,96.03625,415.3525,97.2258333333333,1.15791666666667,0.0007625,0,0.0362,12.9355,0,310.274,43.797,6.88,0.0127,120.9013,0.1109,0.2419,0.0737,0.0147,14.9875,21.7319,1.417,2.8341,0.0299,0.6988,202.3314,12.7533,0.2695,21.7319
2020-05-26,13.698411839909,7.78272728671329,5.9156845531957,19.7691666666667,166.476666666667,411.244166666667,88.8358333333333,1.06875,0,0,0.036,13.0217,0,309.6747,43.933,6.88,0.0129,120.9013,0.1307,0.2488,0.073,0.0146,14.8686,21.5594,1.4008,2.8015,0.0297,0.6922,200.7256,12.6069,0.267,21.5594
2020-05-27,13.8576105324173,9.36342658041958,4.49418395199776,18.95125,73.2479166666667,422.513333333333,95.3345833333333,1.20958333333333,0.00279416666666667,0,0.0357,13.108,0,309.0774,44.069,6.88,0.013,120.9013,0.1505,0.2558,0.0722,0.0144,14.7496,21.3869,1.3845,2.769,0.0294,0.6857,199.1198,12.4606,0.2645,21.3869
2020-05-28,13.582171190517,9.53090906993007,4.05126212058696,21.3145833333333,220.168333333333,421.346666666667,91.1795833333333,2.755,0.01397,0,0.0354,13.1942,0,308.4821,44.2051,6.88,0.0132,120.9013,0.1703,0.2627,0.0715,0.0143,14.6307,21.2145,1.3683,2.7365,0.0291,0.6791,197.514,12.3143,0.2619,21.2145
2020-05-29,13.7192664564585,8.79972027272727,4.91954618373118,22.0454166666667,193.677916666667,415.457083333333,92.51,1.32375,0.00889,0,0.0351,13.2805,0,307.8889,44.3411,6.88,0.0133,120.9013,0.1901,0.2696,0.0707,0.0141,14.5117,21.042,1.352,2.704,0.0288,0.6725,195.9082,12.168,0.2594,21.042
2020-05-30,13.4492803672436,7.96489511188811,5.48438525535553,22.1116666666667,308.19625,378.92625,68.6420833333333,2.315,0,0,0.0349,13.3667,0,307.2977,44.4771,6.88,0.0134,120.9013,0.2099,0.2765,0.0699,0.014,14.3928,20.8695,1.3357,2.6715,0.0285,0.6659,194.3024,12.0217,0.2569,20.8695
2020-05-31,13.6343433782308,6.71625000694444,6.91809337128639,19.3004166666667,335.782916666667,346.644583333333,53.34875,2.96625,0,0,0.0346,13.4529,0,306.7085,44.6131,6.88,0.0136,120.9013,0.2296,0.2834,0.0692,0.0138,14.2738,20.697,1.3195,2.639,0.0283,0.6593,192.6966,11.8754,0.2543,20.697
2020-06-01,13.3728217730765,5.57412588111888,7.79869589195764,16.6304166666667,340.225,318.051666666667,47.7333333333333,2.86333333333333,0,0,0.0343,13.5392,0,306.1214,44.7491,6.88,0.0137,120.9013,0.2494,0.2903,0.0684,0.0137,14.1549,20.5246,1.3032,2.6065,0.028,0.6528,191.0908,11.7291,0.2518,20.5246
2020-06-02,13.4901556079625,6.45236110416667,7.03779450379582,20.1308333333333,310.904583333333,372.8575,60.1658333333333,1.62208333333333,0,0,0.034,13.6254,0,305.5362,44.8851,6.88,0.0139,120.9013,0.2692,0.2972,0.0677,0.0135,14.0359,20.3521,1.287,2.574,0.0277,0.6462,189.485,11.5828,0.2492,20.3521
2020-06-03,13.2120417881959,5.90993055555556,7.30211123264032,26.3041666666667,317.972083333333,394.23875,54.5020833333333,2.185,0,0,0.0338,13.7117,0,304.953,45.0212,6.88,0.014,120.9013,0.289,0.3041,0.0669,0.0134,13.917,20.1796,1.2707,2.5414,0.0274,0.6396,187.8791,11.4365,0.2467,20.1796
2020-06-04,13.3166686464118,5.56146853846154,7.75520010795029,25.1683333333333,222.625833333333,402.406666666667,71.3558333333333,1.90083333333333,0.00762,0,0.0335,13.7979,0,304.3718,45.1572,6.88,0.0141,120.9013,0.3088,0.3111,0.0662,0.0132,13.798,20.0071,1.2545,2.5089,0.0271,0.633,186.2733,11.2902,0.2442,20.0071
2020-06-05,12.9691507333522,6.04725352816901,6.92189720518316,23.6641666666667,195.537083333333,408.790833333333,90.6866666666667,1.53166666666667,0.0116841666666667,0,0.0332,13.8841,0,303.7926,45.2932,6.88,0.0143,120.9013,0.3286,0.318,0.0654,0.0131,13.6791,19.8347,1.2382,2.4764,0.0268,0.6265,184.6675,11.1439,0.2416,19.8347
2020-06-06,13.1123126761126,6.58625,6.52606267611258,24.5020833333333,289.220833333333,415.193333333333,80.7291666666667,2.27625,0.000762083333333333,0,0.0329,13.9704,0,303.2153,45.4292,6.88,0.0144,120.9013,0.3484,0.3249,0.0647,0.0129,13.5601,19.6622,1.222,2.4439,0.0266,0.6199,183.0617,10.9976,0.2391,19.6622
2020-06-07,12.8817612687047,5.80345070422535,7.07831056447931,23.7516666666667,336.697083333333,381.96125,73.20625,2.77208333333333,0.000762083333333333,0,0.0327,14.0566,0,302.64,45.5652,6.88,0.0146,120.9013,0.3682,0.3318,0.0639,0.0128,13.4412,19.4897,1.2057,2.4114,0.0263,0.6133,181.4559,10.8513,0.2366,19.4897
2020-06-08,13.0553358857417,5.87623188405797,7.17910400168372,22.8858333333333,286.834583333333,376.057916666667,73.5116666666667,1.71875,0,0,0.0324,14.1429,0,302.0666,45.7012,6.88,0.0147,120.9013,0.388,0.3387,0.0632,0.0126,13.3222,19.3172,1.1894,2.3789,0.026,0.6067,179.8501,10.7049,0.234,19.3172
2020-06-09,12.8736083479637,6.26762238461538,6.60598596334835,25.7745833333333,248.8075,422.938333333333,86.97125,1.47291666666667,0,0,0.0321,14.2291,0,301.4952,45.4292,6.88,0.0148,120.9013,0.3801,0.3387,0.0624,0.0125,13.798,20.0071,1.1914,2.3827,0.0261,0.6098,186.2733,10.7224,0.2352,20.0071
2020-06-10,13.0010363681523,6.69475525874126,6.30628110941105,25.03625,215.977916666667,432.302916666667,90.515,2.17666666666667,0.00177791666666667,0,0.0318,14.3153,0,300.9257,45.1572,6.88,0.015,120.9013,0.3722,0.3387,0.0617,0.0123,14.2738,20.697,1.1933,2.3866,0.0263,0.6129,192.6966,10.7398,0.2364,20.697
2020-06-11,12.7852861689922,10.1918881188811,2.59339805011115,23.67125,217.938333333333,428.36,80.7320833333333,2.44458333333333,0.000762083333333333,0,0.0315,14.4016,0,300.3581,44.8851,6.88,0.0151,120.9013,0.3643,0.3387,0.0609,0.0122,14.7496,21.3869,1.1952,2.3905,0.0264,0.6161,199.1198,10.7572,0.2376,21.3869
2020-06-12,12.8579790722353,6.62197180985916,6.23600726237618,22.5875,347.715833333333,353.999166666667,55.7425,4.10916666666667,0,0,0.0313,14.4878,0,299.7924,44.6131,6.88,0.0153,120.9013,0.3564,0.3387,0.0602,0.012,15.2254,22.0768,1.1972,2.3944,0.0265,0.6192,205.543,10.7746,0.2388,22.0768
2020-06-13,12.5765761416452,5.91888888888889,6.65768725275635,22.0558333333333,271.977916666667,366.060416666667,64.78375,2.68875,0.00304791666666667,0,0.031,14.5741,0,299.2286,44.3411,6.88,0.0154,120.9013,0.3484,0.3387,0.0594,0.0119,15.7012,22.7667,1.1991,2.3982,0.0267,0.6223,211.9662,10.792,0.24,22.7667
2020-06-14,12.7663078992133,6.11756944444444,6.64873845476885,18.9466666666667,205.118333333333,399.672083333333,85.325,1.52083333333333,0.00228625,0,0.0307,14.6603,0,298.6667,44.069,6.88,0.0155,120.9013,0.3405,0.3387,0.0587,0.0117,16.177,23.4566,1.2011,2.4021,0.0268,0.6254,218.3894,10.8095,0.2412,23.4566
2020-06-15,12.5037490514051,6.41805555555556,6.08569349584956,15.2741666666667,64.3608333333333,392.142916666667,92.1279166666667,1.54208333333333,0.0513079166666667,0,0.0304,14.7465,0,298.1066,43.797,6.88,0.0157,120.9013,0.3326,0.3387,0.0579,0.0116,16.6528,24.1465,1.203,2.406,0.0269,0.6285,224.8127,10.8269,0.2424,24.1465
2020-06-16,12.6200859406861,7.25736111111111,5.36272482957502,14.1254166666667,67.8354166666667,391.825,95.16625,1.48958333333333,0.0147320833333333,0,0.0302,14.8328,0,297.5485,43.525,6.88,0.0158,120.9013,0.3247,0.3387,0.0572,0.0114,17.1286,24.8364,1.2049,2.4098,0.0271,0.6316,231.2359,10.8443,0.2436,24.8364
2020-06-17,12.4207836777238,6.17881945138889,6.24196422633496,15.0958333333333,53.3291666666667,396.4175,99.6333333333333,3.94458333333333,0.08051875,0,0.0299,14.919,0,296.9922,43.2529,6.88,0.0159,120.9013,0.3168,0.3387,0.0564,0.0113,17.6044,25.5263,1.2069,2.4137,0.0272,0.6347,237.6591,10.8617,0.2448,25.5263
2020-06-18,12.6195801459187,11.500763875,1.11881627091874,18.4445833333333,174.689583333333,417.442083333333,95.55625,1.31458333333333,0.00863666666666667,0,0.0296,15.0053,0,296.4378,42.9809,6.88,0.0161,120.9013,0.3088,0.3387,0.0557,0.0111,18.0802,26.2162,1.2088,2.4176,0.0273,0.6378,244.0823,10.8791,0.246,26.2162
2020-06-19,12.3063898369032,12.2895833402778,0.0168064966254491,19.48,162.080833333333,412.708333333333,96.1483333333333,1.07958333333333,0.00152375,0,0.0293,15.0915,0,295.8852,42.7089,6.88,0.0162,120.9013,0.3009,0.3387,0.0549,0.011,18.556,26.9061,1.2107,2.4215,0.0275,0.6409,250.5055,10.8966,0.2472,26.9061
2020-06-20,12.3820042855907,9.39444443055556,2.98755985503513,20.4895833333333,323.815416666667,389.2275,87.44875,2.03541666666667,0.000254166666666667,0,0.0291,15.1777,0,295.3344,42.4369,6.88,0.0164,120.9013,0.293,0.3387,0.0542,0.0108,19.0318,27.5961,1.2127,2.4253,0.0276,0.644,256.9287,10.914,0.2484,27.5961
2020-06-21,12.1593676473768,7.42566434265734,4.73370330471941,21.6920833333333,267.969583333333,397.125416666667,87.24,1.38208333333333,0.000254166666666667,0,0.0288,15.264,0,294.7855,42.1648,6.88,0.0165,120.9013,0.2851,0.3387,0.0534,0.0107,19.5076,28.286,1.2146,2.4292,0.0277,0.6472,263.352,10.9314,0.2496,28.286
2020-06-22,12.357930362796,6.2021831056338,6.15574725716219,23.33375,274.739583333333,419.747916666667,82.15125,1.48666666666667,0.000254166666666667,0,0.0285,15.3502,0,294.2384,41.8928,6.88,0.0166,120.9013,0.2772,0.3387,0.0526,0.0105,19.9833,28.9759,1.2165,2.4331,0.0279,0.6503,269.7752,10.9488,0.2508,28.9759
2020-06-23,11.9371796976855,5.70338027464789,6.23379942303762,22.6679166666667,186.124166666667,403.86375,87.44625,1.64833333333333,0.00228583333333333,0,0.0282,15.4365,0,293.6931,42.0288,6.88,0.0184,120.9013,0.2732,0.341,0.0557,0.0111,19.8049,28.7171,1.2035,2.407,0.0275,0.6407,267.3665,10.8314,0.2471,28.7171
2020-06-24,12.0606262513122,5.8611188951049,6.19950735620729,23.69,178.3475,378.9925,70.1025,1.91375,0,0,0.028,15.5227,0,293.1496,42.1648,6.88,0.0202,120.9013,0.2692,0.3433,0.0587,0.0117,19.6265,28.4584,1.1904,2.3809,0.0271,0.6312,264.9578,10.714,0.2435,28.4584
2020-06-25,11.807758075273,4.72104166666667,7.08671640860636,23.0916666666667,242.196666666667,384.838333333333,77.67,1.98833333333333,0,0,0.0277,15.6089,0,292.6079,42.3008,6.88,0.022,120.9013,0.2653,0.3456,0.0617,0.0123,19.4481,28.1997,1.1774,2.3548,0.0266,0.6217,262.5491,10.5967,0.2398,28.1997
2020-06-26,11.9728178411746,4.78111111111111,7.19170673006349,23.6479166666667,243.119583333333,374.977916666667,67.89375,1.935,0,0,0.0274,15.6952,0,292.068,42.4369,6.88,0.0238,120.9013,0.2613,0.3479,0.0647,0.0129,19.2697,27.941,1.1644,2.3287,0.0262,0.6121,260.1404,10.4793,0.2361,27.941
2020-06-27,11.8292014823439,4.29253521126761,7.53666627107628,24.5866666666667,247.452083333333,391.337916666667,69.4570833333333,2.61041666666667,0,0,0.0271,15.7814,0,291.5299,42.5729,6.88,0.0256,120.9013,0.2574,0.3502,0.0677,0.0135,19.0912,27.6823,1.1513,2.3026,0.0258,0.6026,257.7317,10.3619,0.2324,27.6823
2020-06-28,11.9254571817104,5.17840277777778,6.74705440393266,24.6075,126.84625,414.300833333333,82.1583333333333,2.15333333333333,0,0,0.0269,15.8677,0,290.9935,42.7089,6.88,0.0274,120.9013,0.2534,0.3525,0.0707,0.0141,18.9128,27.4236,1.1383,2.2766,0.0254,0.5931,255.3229,10.2445,0.2288,27.4236
2020-06-29,11.9938906569846,4.75330935251799,7.24058130446662,25.4116666666667,278.9175,398.87,73.8954166666667,3.38458333333333,0,0,0.0266,15.9539,0,290.4589,42.8449,6.88,0.0291,120.9013,0.2494,0.3548,0.0737,0.0147,18.7344,27.1649,1.1252,2.2505,0.025,0.5835,252.9142,10.1271,0.2251,27.1649
2020-06-30,12.0747415125174,4.99146853146853,7.08327298104888,24.9658333333333,229.255833333333,397.450833333333,78.8470833333333,2.26166666666667,0,0,0.0263,16.0401,0,289.9261,42.9809,6.88,0.0309,120.9013,0.2455,0.3571,0.0767,0.0153,18.556,26.9061,1.1122,2.2244,0.0246,0.574,250.5055,10.0098,0.2214,26.9061
2020-07-01,11.7563839252124,4.4369444375,7.31943948771235,25.34,340.035833333333,395.167083333333,78.9120833333333,2.2975,0,0,0.026,16.1264,0,289.395,43.1169,6.88,0.0327,120.9013,0.2415,0.3594,0.0797,0.0159,18.3775,26.6474,1.0992,2.1983,0.0242,0.5645,248.0968,9.8924,0.2177,26.6474
2020-07-02,11.9893058807247,4.21587412587413,7.77343175485055,24.9929166666667,306.084583333333,397.2775,76.2608333333333,2.1,0,0,0.0258,16.2126,0,288.8656,43.2529,6.88,0.0345,120.9013,0.2376,0.3618,0.0827,0.0165,18.1991,26.3887,1.0861,2.1722,0.0238,0.5549,245.6881,9.775,0.214,26.3887
2020-07-03,11.677340902289,4.61868055555556,7.05866034673343,24.9091666666667,335.399166666667,389.037083333333,75.9575,2.19708333333333,0,0,0.0255,16.2989,0,288.3379,43.389,6.88,0.0363,120.9013,0.2336,0.3641,0.0857,0.0171,18.0207,26.13,1.0731,2.1461,0.0234,0.5454,243.2794,9.6576,0.2104,26.13
2020-07-04,11.8945233985757,4.4193006993007,7.47522269927495,26.0841666666667,280.502083333333,401.766666666667,74.73125,2.28958333333333,0,0,0.0252,16.3851,0,287.812,43.525,6.88,0.0381,120.9013,0.2296,0.3664,0.0887,0.0177,17.8423,25.8713,1.06,2.1201,0.023,0.5359,240.8707,9.5402,0.2067,25.8713
2020-07-05,8.98066834766612,4.86013888194444,4.12052946572168,26.395,298.627916666667,411.454166666667,81.1283333333333,1.6625,0,0,0.0249,16.4713,0,287.2878,43.661,6.88,0.0398,120.9013,0.2257,0.3687,0.0918,0.0184,17.6639,25.6126,1.047,2.094,0.0226,0.5263,238.462,9.4229,0.203,25.6126
2020-07-06,9.9584394298682,4.84928057553957,5.10915885432863,26.7116666666667,306.032083333333,409.2275,78.3758333333333,1.61791666666667,0,0,0.0247,16.5576,0,286.7653,43.797,6.88,0.0416,120.9013,0.2217,0.371,0.0948,0.019,17.4854,25.3539,1.0339,2.0679,0.0221,0.5168,236.0533,9.3055,0.1993,25.3539
2020-07-07,11.2008562840595,4.95527777777778,6.24557850628168,25.7641666666667,294.10625,399.730416666667,79.50375,1.62625,0,0,0.0244,16.6438,0,286.2445,44.069,6.88,0.0404,120.9013,0.2336,0.3848,0.0933,0.0187,17.6044,25.5263,1.0752,2.1503,0.0223,0.5211,237.6591,9.6765,0.201,25.5263
2020-07-08,11.4459860968973,5.08645833333333,6.35952776356396,26.4495833333333,276.610416666667,414.45875,85.1354166666667,1.4225,0,0,0.0241,16.7301,0,285.7254,44.3411,6.88,0.0392,120.9013,0.2455,0.3986,0.0918,0.0184,17.7233,25.6988,1.1164,2.2328,0.0225,0.5254,239.2649,10.0475,0.2026,25.6988
2020-07-09,11.4894058629289,5.83694444444444,5.65246141848448,26.36375,233.609583333333,416.27125,80.09125,1.12833333333333,0,0,0.0238,16.8163,0,285.208,44.6131,6.88,0.038,120.9013,0.2574,0.4124,0.0903,0.0181,17.8423,25.8713,1.1576,2.3152,0.0227,0.5297,240.8707,10.4186,0.2043,25.8713
2020-07-10,11.5723855345628,6.24237762937063,5.33000790519213,26.8741666666667,251.8025,420.429166666667,83.3225,1.5425,0.00254,0,0.0236,16.9025,0,284.6922,44.8851,6.88,0.0368,120.9013,0.2692,0.4263,0.0887,0.0177,17.9612,26.0438,1.1988,2.3977,0.0229,0.5339,242.4765,10.7896,0.2059,26.0438
2020-07-11,11.6415419591658,5.44229166666667,6.19925029249909,26.1095833333333,288.090833333333,401.039583333333,70.7920833333333,2.30041666666667,0,0,0.0233,16.9888,0,284.1781,45.1572,6.88,0.0356,120.9013,0.2811,0.4401,0.0872,0.0174,18.0802,26.2162,1.2401,2.4801,0.0231,0.5382,244.0823,11.1606,0.2076,26.2162
2020-07-12,11.798529316018,4.785,7.013529316018,25.915,251.665416666667,389.9975,66.8183333333333,2.02916666666667,0,0,0.023,17.075,0,283.6657,45.4292,6.88,0.0344,120.9013,0.293,0.4539,0.0857,0.0171,18.1991,26.3887,1.2813,2.5626,0.0233,0.5425,245.6881,11.5316,0.2093,26.3887
2020-07-13,11.8796379570475,4.0826618705036,7.79697608654392,24.8058333333333,296.948333333333,400.639583333333,81.3108333333333,2.51833333333333,0.00685791666666667,0,0.0227,17.1613,0,283.1549,45.7012,6.88,0.0332,120.9013,0.3049,0.4677,0.0842,0.0168,18.3181,26.5612,1.3225,2.645,0.0234,0.5468,247.2939,11.9027,0.2109,26.5612
2020-07-14,12.0409393016094,4.26916083916084,7.77177846244859,25.995,288.547916666667,385.675416666667,78.8816666666667,2.28541666666667,0,0,0.0225,17.2475,0,282.6457,45.9733,6.88,0.032,120.9013,0.3168,0.4816,0.0827,0.0165,18.437,26.7337,1.3637,2.7275,0.0236,0.5511,248.8997,12.2737,0.2126,26.7337
2020-07-15,10.372809683302,4.8080985915493,5.5647110917527,25.9120833333333,299.655833333333,399.309583333333,79.3808333333333,1.83916666666667,0,0,0.0222,17.3337,0,282.1382,46.2453,6.88,0.0308,120.9013,0.3286,0.4954,0.0812,0.0162,18.556,26.9061,1.405,2.8099,0.0238,0.5553,250.5055,12.6447,0.2142,26.9061
2020-07-16,10.8026193745316,5.88562500694444,4.91699436758712,26.64875,173.454583333333,436.635,86.0483333333333,1.7325,0,0,0.0219,17.42,0,281.6323,46.5173,6.88,0.0296,120.9013,0.3405,0.5092,0.0797,0.0159,18.6749,27.0786,1.4462,2.8924,0.024,0.5596,252.1113,13.0158,0.2159,27.0786
2020-07-17,10.2570812217742,5.74174825174825,4.51533297002599,27.56375,223.01,436.971666666667,82.7983333333333,1.13583333333333,0,0,0.0216,17.5062,0,281.1281,46.7894,6.88,0.0284,120.9013,0.3524,0.523,0.0782,0.0156,18.7939,27.2511,1.4874,2.9748,0.0242,0.5639,253.7171,13.3868,0.2175,27.2511
2020-07-18,10.5416986304242,4.70243055555556,5.83926807486861,27.5329166666667,284.126666666667,418.506666666667,76.3258333333333,1.91375,0,0,0.0214,17.5925,0,280.6254,47.0614,6.88,0.0272,120.9013,0.3643,0.5369,0.0767,0.0153,18.9128,27.4236,1.5286,3.0573,0.0244,0.5682,255.3229,13.7578,0.2192,27.4236
2020-07-19,10.3992048786079,4.758125,5.6410798786079,28.2670833333333,275.11625,424.532083333333,73.9416666666667,1.6775,0,0,0.0211,17.6787,0,280.1244,47.3334,6.88,0.026,120.9013,0.3761,0.5507,0.0752,0.015,19.0318,27.5961,1.5699,3.1397,0.0245,0.5725,256.9287,14.1288,0.2208,27.5961
2020-07-20,10.6053802979326,5.80528572142857,4.80009457650405,27.8891666666667,221.135416666667,425.17625,73.505,2.1825,0.00279416666666667,0,0.0208,17.7649,0,279.6249,47.6054,6.88,0.0248,120.9013,0.388,0.5645,0.0737,0.0147,19.1507,27.7685,1.6111,3.2222,0.0247,0.5768,258.5346,14.4999,0.2225,27.7685
2020-07-21,10.288083267952,7.11790207692308,3.17018119102891,26.6758333333333,186.640833333333,424.755833333333,87.3925,1.87,0.00990583333333333,0,0.0205,17.8512,0,279.1271,48.0407,6.88,0.0246,120.9013,0.3817,0.6304,0.0764,0.0153,18.6749,27.0786,1.6039,3.2077,0.0245,0.571,252.1113,14.4348,0.2202,27.0786
2020-07-22,10.4897946513247,5.10778571428571,5.38200893703903,26.5975,252.386666666667,440.370833333333,84.7704166666667,1.81083333333333,0.00584458333333333,0,0.0203,17.9374,0,278.6308,48.4759,6.88,0.0244,120.9013,0.3754,0.6963,0.0791,0.0158,18.1991,26.3887,1.5966,3.1933,0.0242,0.5652,245.6881,14.3697,0.218,26.3887
2020-07-23,10.1461773819392,4.78223777622378,5.36393960571546,25.57375,175.789583333333,431.01875,92.66625,2.32,0.00533666666666667,0,0.02,18.0237,0,278.1361,48.9112,6.88,0.0242,120.9013,0.369,0.7622,0.0818,0.0164,17.7233,25.6988,1.5894,3.1788,0.024,0.5594,239.2649,14.3046,0.2158,25.6988
2020-07-24,10.1987939216456,4.33416666666667,5.86462725497896,26.55125,243.929166666667,422.275416666667,83.3141666666667,1.93666666666667,0.004575,0,0.0197,18.1099,0,277.6429,49.3464,6.88,0.024,120.9013,0.3627,0.8281,0.0845,0.0169,17.2475,25.0089,1.5822,3.1643,0.0237,0.5537,232.8417,14.2396,0.2136,25.0089
2020-07-25,9.93490293859187,4.10076388888889,5.83413904970298,26.6008333333333,259.535416666667,403.430833333333,83.2716666666667,1.85083333333333,0.00330416666666667,0,0.0194,18.1961,0,277.1514,49.7817,6.88,0.0237,120.9013,0.3564,0.894,0.0872,0.0174,16.7717,24.319,1.5749,3.1499,0.0235,0.5479,226.4185,14.1745,0.2113,24.319
2020-07-26,10.4249669167053,4.92930554861111,5.49566136809415,26.85,213.38125,414.49625,82.9958333333333,1.85791666666667,0.00203333333333333,0,0.0192,18.2824,0,276.6613,50.2169,6.88,0.0235,120.9013,0.35,0.9599,0.09,0.018,16.2959,23.6291,1.5677,3.1354,0.0232,0.5421,219.9952,14.1094,0.2091,23.6291
2020-07-27,10.7390364396491,4.70602836879433,6.03300807085475,27.1066666666667,253.194166666667,417.84875,77.82875,2.12166666666667,0.00127083333333333,0,0.0189,18.3686,0,276.1728,50.6522,6.88,0.0233,120.9013,0.3437,1.0258,0.0927,0.0185,15.8201,22.9392,1.5605,3.121,0.023,0.5364,213.572,14.0443,0.2069,22.9392
2020-07-28,11.0294901168706,4.4787323943662,6.55075772250439,26.8825,226.405,419.926666666667,75.5216666666667,2.48791666666667,0.000254166666666667,0,0.0186,18.4549,0,275.6859,51.0874,6.88,0.0231,120.9013,0.3373,1.0917,0.0954,0.0191,15.3444,22.2493,1.5532,3.1065,0.0227,0.5306,207.1488,13.9792,0.2047,22.2493
2020-07-29,10.8875157304354,4.49638888888889,6.3911268415465,26.2220833333333,215.825833333333,429.472083333333,84.88375,1.72541666666667,0.00330208333333333,0,0.0183,18.5411,0,275.2005,51.5227,6.88,0.0229,120.9013,0.331,1.1576,0.0981,0.0196,14.8686,21.5594,1.546,3.092,0.0225,0.5248,200.7256,13.9142,0.2024,21.5594
2020-07-30,11.3015289256463,4.27576388888889,7.02576503675745,25.7225,154.949583333333,423.84,93.13125,1.52875,0.00406458333333333,0,0.0181,18.6273,0,274.7166,51.9579,6.88,0.0227,120.9013,0.3247,1.2235,0.1008,0.0202,14.3928,20.8695,1.5388,3.0776,0.0222,0.5191,194.3024,13.8491,0.2002,20.8695
2020-07-31,11.5002908605118,5.20999999300699,6.2902908675048,24.9333333333333,158.60125,445.427916666667,88.8925,1.47,0.0119058333333333,0,0.0178,18.7136,0,274.2342,52.3932,6.88,0.0225,120.9013,0.3183,1.2894,0.1035,0.0207,13.917,20.1796,1.5316,3.0631,0.022,0.5133,187.8791,13.784,0.198,20.1796
2020-08-01,11.130101548897,3.31847222222222,7.81162932667481,24.1466666666667,186.610416666667,430.570833333333,91.9579166666667,1.565,0.0109220833333333,0,0.0175,18.7998,0,273.7534,52.8284,6.88,0.0222,120.9013,0.312,1.3553,0.1062,0.0212,13.4412,19.4897,1.5243,3.0486,0.0218,0.5075,181.4559,13.7189,0.1958,19.4897
2020-08-02,10.7475121602826,3.54791666666667,7.19959549361597,24.6308333333333,208.199166666667,408.462916666667,83.8670833333333,1.23666666666667,0,0,0.0172,18.8861,0,273.274,53.2637,6.88,0.022,120.9013,0.3057,1.4212,0.1089,0.0218,12.9654,18.7998,1.5171,3.0342,0.0215,0.5017,175.0327,13.6538,0.1935,18.7998
2020-08-03,11.0176535526216,4.60430656934307,6.41334698327857,22.6408333333333,90.2995833333333,424.43875,95.7416666666667,1.50291666666667,0.00635041666666667,0,0.017,18.9723,0,272.7962,53.6989,6.88,0.0218,120.9013,0.2993,1.4871,0.1116,0.0223,12.4896,18.1099,1.5099,3.0197,0.0213,0.496,168.6095,13.5887,0.1913,18.1099
2020-08-04,10.8208038081403,4.53901408450704,6.2817897236333,23.4279166666667,281.197083333333,407.50875,81.3120833333333,2.34375,0,0,0.0167,19.0585,0,272.3198,54.1342,6.88,0.0216,120.9013,0.293,1.553,0.1143,0.0229,12.0138,17.42,1.5026,3.0053,0.021,0.4902,162.1863,13.5237,0.1891,17.42
2020-08-05,11.3094402868256,4.14187500694444,7.1675652798812,23.3766666666667,207.602916666667,398.65875,79.9279166666667,1.98458333333333,0.000254166666666667,0,0.0164,19.1448,0,271.8449,54.5694,6.88,0.0214,120.9013,0.2867,1.6189,0.117,0.0234,11.538,16.7301,1.4954,2.9908,0.0208,0.4844,155.7631,13.4586,0.1869,16.7301
2020-08-06,11.2479292077766,4.62145834722222,6.62647086055435,22.1983333333333,170.305416666667,436.935416666667,94.4691666666667,1.41083333333333,0.0109220833333333,0,0.0161,19.231,0,271.3715,55.0047,6.88,0.0212,120.9013,0.2803,1.6848,0.1197,0.0239,11.0622,16.0402,1.4882,2.9763,0.0205,0.4787,149.3398,13.3935,0.1846,16.0402
2020-08-07,11.6233587686394,5.944960008,5.67839876063939,22.6891666666667,237.610833333333,417.982916666667,88.8883333333333,1.4525,0.000254166666666667,0,0.0159,19.3173,0,270.8995,55.4399,6.88,0.021,120.9013,0.274,1.7507,0.1224,0.0245,10.5864,15.3503,1.4809,2.9619,0.0203,0.4729,142.9166,13.3284,0.1824,15.3503
2020-08-08,11.6919873767996,6.54780140425532,5.14418597254426,23.5566666666667,245.978333333333,408.892083333333,88.9195833333333,1.41,0,0,0.0156,19.4035,0,270.429,55.8752,6.88,0.0208,120.9013,0.2677,1.8166,0.1252,0.025,10.1106,14.6604,1.4737,2.9474,0.02,0.4671,136.4934,13.2633,0.1802,14.6604
2020-08-09,12.1312339603652,7.14486111111111,4.98637284925411,24.4183333333333,255.883333333333,408.815833333333,84.51375,1.30291666666667,0,0,0.0153,19.4897,0,269.96,56.3104,6.88,0.0205,120.9013,0.2613,1.8825,0.1279,0.0256,9.6348,13.9705,1.4665,2.9329,0.0198,0.4614,130.0702,13.1983,0.178,13.9705
2020-08-10,11.7562439764636,6.25134753900709,5.50489643745651,24.5091666666667,230.6625,399.015416666667,83.4016666666667,1.73583333333333,0,0,0.015,19.576,0,269.4924,56.7457,6.88,0.0203,120.9013,0.255,1.9484,0.1306,0.0261,9.159,13.2806,1.4592,2.9185,0.0195,0.4556,123.647,13.1332,0.1757,13.2806
2020-08-11,12.1820756848424,6.72258741258741,5.45948827225501,25.8291666666667,245.261666666667,412.155,85.5233333333333,1.36791666666667,0,0,0.0148,19.6622,0,269.0263,57.1809,6.88,0.0201,120.9013,0.2487,2.0143,0.1333,0.0267,8.6832,12.5907,1.5708,3.1416,0.0203,0.4737,117.2237,14.137,0.1827,12.5907
2020-08-12,12.3750229566221,7.34395833333333,5.03106462328872,26.58125,157.369166666667,425.31625,91.83,1.61833333333333,0,0,0.0145,19.7485,0,268.5616,57.6162,6.88,0.0199,120.9013,0.2423,2.0802,0.136,0.0272,8.2074,11.9008,1.6823,3.3646,0.0211,0.4918,110.8005,15.1408,0.1897,11.9008
2020-08-13,12.6836823895495,8.43166668055555,4.25201570899395,25.0745833333333,112.537083333333,437.66,97.5083333333333,1.1475,0.00863625,0,0.0142,19.8347,0,268.0983,58.0514,6.88,0.0197,120.9013,0.236,2.1461,0.1387,0.0277,7.7317,11.2109,1.7938,3.5877,0.0219,0.51,104.3773,16.1446,0.1967,11.2109
2020-08-14,12.8124717190255,7.17013889583333,5.64233282319221,24.1616666666667,109.278333333333,441.213333333333,96.965,0.998333333333333,0.0243845833333333,0,0.0139,19.9209,0,267.6364,58.4867,6.88,0.0195,120.9013,0.2296,2.212,0.1414,0.0283,7.2559,10.521,1.9054,3.8107,0.0226,0.5281,97.9541,17.1484,0.2037,10.521
2020-08-15,13.0146560846355,7.11345070422535,5.90120538041017,20.9254166666667,46.5095833333333,429.09125,99.82625,1.28458333333333,0.0200658333333333,0,0.0137,20.0072,0,267.176,58.9219,6.88,0.0193,120.9013,0.2233,2.2779,0.1441,0.0288,6.7801,9.8311,2.0169,4.0338,0.0234,0.5462,91.5309,18.1522,0.2107,9.8311
2020-08-16,11.3361272925717,6.36167832867133,4.97444896390042,18.2008333333333,124.195416666667,406.30125,94.2275,3.15291666666667,0.00228625,0,0.0134,20.0934,0,266.717,59.3572,6.88,0.019,120.9013,0.217,2.3438,0.1468,0.0294,6.3043,9.1412,2.1284,4.2569,0.0242,0.5643,85.1076,19.156,0.2177,9.1412
2020-08-17,11.8358355847362,5.66365079365079,6.17218479108544,21.8516666666667,244.088333333333,381.23125,83.4258333333333,1.71541666666667,0,0,0.0131,20.1797,0,266.2593,59.7924,6.88,0.0188,120.9013,0.2106,2.4097,0.1495,0.0299,5.8285,8.4513,2.24,4.4799,0.025,0.5825,78.6844,20.1598,0.2247,8.4513
2020-08-18,11.6631098197665,6.37118054861111,5.29192927115534,22.35875,226.97125,373.489583333333,82.74,1.92625,0,0,0.0128,20.2659,0,265.8031,60.2277,6.88,0.0186,120.9013,0.2043,2.4756,0.1522,0.0304,5.3527,7.7614,2.3515,4.703,0.0257,0.6006,72.2612,21.1636,0.2317,7.7614
2020-08-19,12.0753650717556,6.03482517482517,6.04053989693045,23.0054166666667,236.512083333333,391.464166666667,86.1333333333333,2.22291666666667,0,0,0.0126,20.3521,0,265.3482,60.6629,6.88,0.0184,120.9013,0.198,2.5415,0.1549,0.031,4.8769,7.0715,2.463,4.9261,0.0265,0.6187,65.838,22.1674,0.2386,7.0715
2020-08-20,11.9510698532226,6.33027971328671,5.6207901399359,22.7029166666667,216.79875,384.584583333333,82.0870833333333,1.34416666666667,0,0,0.0123,20.4384,0,264.8948,61.0982,6.88,0.0182,120.9013,0.1916,2.6074,0.1576,0.0315,4.4011,6.3816,2.5746,5.1491,0.0273,0.6368,59.4148,23.1711,0.2456,6.3816
2020-08-21,11.9110797280134,7.18886521985816,4.72221450815529,22.82625,90.9283333333333,417.682916666667,95.52,0.857083333333333,0.00177791666666667,0,0.012,20.5246,0,264.4427,61.5334,6.88,0.018,120.9013,0.1853,2.6733,0.1603,0.0321,3.9253,5.6917,2.6861,5.3722,0.0281,0.6549,52.9916,24.1749,0.2526,5.6917
2020-08-22,11.8058496093372,8.28951393055556,3.5163356787816,23.455,190.694166666667,424.777916666667,91.7,0.979166666666667,0.0007625,0,0.0117,20.6109,0,263.992,61.9687,6.88,0.0178,120.9013,0.179,2.7392,0.1631,0.0326,3.4495,5.0018,2.7976,5.5953,0.0288,0.6731,46.5683,25.1787,0.2596,5.0018
2020-08-23,12.0631873263609,6.56541666666667,5.49777065969425,23.66625,218.939583333333,415.5825,88.2841666666667,1.40666666666667,0,0,0.0115,20.6971,0,263.5426,62.4039,6.88,0.0176,120.9013,0.1726,2.8051,0.1658,0.0332,2.9737,4.3119,2.9092,5.8183,0.0296,0.6912,40.1451,26.1825,0.2666,4.3119
2020-08-24,11.7488984621519,7.33768114492754,4.41121731722433,25.0729166666667,222.772916666667,400.487916666667,86.1325,1.62916666666667,0,0,0.0112,20.7833,0,263.0946,62.8392,6.88,0.0173,120.9013,0.1663,2.871,0.1685,0.0337,2.4979,3.622,3.0207,6.0414,0.0304,0.7093,33.7219,27.1863,0.2736,3.622
2020-08-25,12.1796716687538,8.02244753846154,4.15722413029228,26.1045833333333,247.220833333333,397.624166666667,78.9325,2.095,0,0,0.0109,20.8696,0,262.6479,62.8392,6.88,0.0159,120.9013,0.1971,2.6918,0.1708,0.0342,3.1455,4.561,2.8889,5.7778,0.0309,0.7215,42.4646,26,0.2783,4.561
2020-08-26,12.3122736063081,8.61993054861111,3.69234305769703,26.2154166666667,235.468333333333,400.844583333333,75.69375,2.30166666666667,0,0,0.0102,20.657,0,263.7515,62.8392,6.88,0.0144,120.9013,0.2279,2.5125,0.1732,0.0346,3.7931,5.5,2.7571,5.5142,0.0314,0.7337,51.2073,24.8137,0.283,5.5
2020-08-27,12.5508903977965,9.43028167605634,3.1206087217402,26.3195833333333,191.37375,406.92375,81.59625,1.86958333333333,0,0,0.01,21.0253,0,261.8448,62.8392,6.88,0.013,120.9013,0.2587,2.3333,0.1755,0.0351,4.4407,6.4391,2.6253,5.2505,0.032,0.7458,59.95,23.6274,0.2877,6.4391
2020-08-28,12.5418698275367,9.71482516083916,2.82704466669749,27.1520833333333,167.284583333333,430.544583333333,80.14625,1.85791666666667,0.000254166666666667,0,0.0097,21.302,0,260.4286,62.8392,6.88,0.0116,120.9013,0.2895,2.1541,0.1778,0.0356,5.0884,7.3781,2.4935,4.9869,0.0325,0.758,68.6928,22.4411,0.2924,7.3781
2020-08-29,12.6755393465676,9.73833334027778,2.93720600628981,26.58125,155.985833333333,438.314583333333,87.8433333333333,1.3125,0.00228666666666667,0,0.0098,21.125,0,261.333,62.8392,6.88,0.0101,120.9013,0.3203,1.9749,0.1802,0.036,5.736,8.3171,2.3616,4.7233,0.033,0.7702,77.4355,21.2548,0.2971,8.3171
2020-08-30,11.8549324156075,8.51090279166667,3.34402962394083,25.3683333333333,211.53375,387.62,74.8829166666667,1.61125,0,0,0.0088,19.9999,0,267.2149,62.8392,6.88,0.0087,120.9013,0.3511,1.7957,0.1825,0.0365,6.3836,9.2562,2.2298,4.4597,0.0335,0.7824,86.1782,20.0685,0.3018,9.2562
2020-08-31,12.0377283165901,8.86475524475524,3.17297307183486,21.23,45.0766666666667,416.960416666667,93.42,1.22916666666667,0.0513075,0,0.0195,18.8928,0,273.2366,62.8392,6.88,0.0072,120.9013,0.3819,1.6165,0.1849,0.037,7.0312,10.1952,2.098,4.196,0.0341,0.7945,94.9209,18.8822,0.3065,10.1952
2020-09-01,8.34338431179548,7.98711266901408,0.356271642781397,20.6775,73.3645833333333,430.072916666667,99.8866666666667,1.35083333333333,0.00584208333333333,0,0.0192,19.1545,0,271.7916,62.8392,6.88,0.0058,120.9013,0.4127,1.4373,0.1872,0.0374,7.6788,11.1342,1.9662,3.9324,0.0346,0.8067,103.6636,17.6959,0.3112,11.1342
2020-09-02,9.80870796260979,8.80036763235294,1.00834033025685,26.0479166666667,205.785416666667,433.9925,89.6579166666667,1.21625,0,0,0.0176,20.371,0,265.2488,62.8392,6.88,0.0043,120.9013,0.4435,1.2581,0.1895,0.0379,8.3264,12.0733,1.8344,3.6688,0.0351,0.8189,112.4063,16.5096,0.3159,12.0733
2020-09-03,8.273354008485,10.2317482587413,-1.9583942502563,27.2333333333333,216.920833333333,417.281666666667,82.94375,2.07791666666667,0,0,0.016,21.5876,0,258.9808,63.1321,6.88,0.0052,120.9013,0.4733,1.3263,0.1895,0.0379,8.3264,12.0733,1.7965,3.5929,0.0345,0.8059,112.4063,16.1681,0.3108,12.0733
2020-09-04,11.3171600296498,12.5731249930556,-1.25596496340584,25.9729166666667,218.09375,403.140833333333,77.0133333333333,1.99416666666667,0,0,0.0127,20.9335,0,262.3176,63.4251,6.88,0.006,120.9013,0.5032,1.3945,0.1895,0.0379,8.3264,12.0733,1.7585,3.5171,0.034,0.7928,112.4063,15.8267,0.3058,12.0733
2020-09-05,11.3997164485978,12.4115972152778,-1.01188076667997,23.65,266.147916666667,353.813333333333,68.3491666666667,2.92958333333333,0,0,0.0096,17.9875,0,278.3433,63.7181,6.88,0.0069,120.9013,0.533,1.4628,0.1895,0.0379,8.3264,12.0733,1.7206,3.4412,0.0334,0.7798,112.4063,15.4853,0.3008,12.0733
2020-09-06,11.9228211141428,12.9723076993007,-1.04948658515786,20.23125,246.578333333333,342.2725,81.0591666666667,2.14208333333333,0,0,0.0086,17.0435,0,283.8526,64.011,6.88,0.0077,120.9013,0.5629,1.531,0.1895,0.0379,8.3264,12.0733,1.6827,3.3653,0.0329,0.7667,112.4063,15.1439,0.2957,12.0733
2020-09-07,12.0074695668599,13.8365492957746,-1.82907972891466,21.8879166666667,245.13125,352.086666666667,83.1091666666667,1.5575,0,0,0.0081,17.4513,0,281.4493,64.304,6.88,0.0086,120.9013,0.5927,1.5993,0.1895,0.0379,8.3264,12.0733,1.6447,3.2894,0.0323,0.7537,112.4063,14.8025,0.2907,12.0733
2020-09-08,12.6001465188142,12.984055958042,-0.383909439227773,22.38,241.08875,360.145416666667,84.6004166666667,1.82041666666667,0,0,0.008,18.0839,0,277.7917,64.5969,6.88,0.0094,120.9013,0.6225,1.6675,0.1895,0.0379,8.3264,12.0733,1.6068,3.2136,0.0317,0.7407,112.4063,14.461,0.2857,12.0733
2020-09-09,12.4473371364838,11.3438888888889,1.10344824759491,24.0008333333333,107.918333333333,416.122916666667,89.8858333333333,1.48041666666667,0,0,0.0081,19.4573,0,270.1363,64.8899,6.88,0.0103,120.9013,0.6524,1.7357,0.1895,0.0379,8.3264,12.0733,1.5688,3.1377,0.0312,0.7276,112.4063,14.1196,0.2807,12.0733
2020-09-10,12.7869969365752,10.5072916805556,2.27970525601964,24.0208333333333,137.33625,432.58375,92.97375,1.55458333333333,0.0083825,0,0.01,20.116,0,266.5968,65.1828,6.88,0.0111,120.9013,0.6822,1.804,0.1895,0.0379,8.3264,12.0733,1.5309,3.0618,0.0306,0.7146,112.4063,13.7782,0.2756,12.0733
2020-09-11,12.767537522182,9.31042856428572,3.45710895789624,25.045,142.72,409.4725,89.5320833333333,2.13375,0,0,0.0087,20.7249,0,263.3981,65.4758,6.88,0.012,120.9013,0.7121,1.8722,0.1895,0.0379,8.3264,12.0733,1.493,2.9859,0.0301,0.7015,112.4063,13.4368,0.2706,12.0733
2020-09-12,13.2843005846933,8.762013875,4.5222867096933,23.1566666666667,56.2783333333333,425.4975,96.7058333333333,1.715,0,0,0.0084,19.4404,0,270.2281,65.7688,6.88,0.0128,120.9013,0.7419,1.9404,0.1895,0.0379,8.3264,12.0733,1.455,2.9101,0.0295,0.6885,112.4063,13.0954,0.2656,12.0733
2020-09-13,12.2769380373784,10.5157857214286,1.76115231594981,22.7945833333333,177.717083333333,408.455833333333,91.545,1.35333333333333,0,0,0.0083,18.8347,0,273.5594,66.0617,6.88,0.0137,120.9013,0.7718,2.0087,0.1895,0.0379,8.3264,12.0733,1.4171,2.8342,0.0289,0.6755,112.4063,12.7539,0.2605,12.0733
2020-09-14,12.6442970857417,11.1561538601399,1.48814322560183,23.8183333333333,192.065,390.365833333333,87.0241666666667,2.51375,0,0,0.0077,19.4648,0,270.0956,66.3547,6.88,0.0146,120.9013,0.8016,2.0769,0.1895,0.0379,8.3264,12.0733,1.3792,2.7583,0.0284,0.6624,112.4063,12.4125,0.2555,12.0733
2020-09-15,12.3004688253664,9.86115701652893,2.43931180883746,18.665,165.4025,365.525833333333,80.27,1.35625,0,0,0.007,15.5686,0,292.8608,66.6476,6.88,0.0154,120.9013,0.8315,2.1452,0.1895,0.0379,8.3264,12.0733,1.3412,2.6825,0.0278,0.6494,112.4063,12.0711,0.2505,12.0733
2020-09-16,12.3486392969585,13.3331468461538,-0.984507549195257,13.5391666666667,146.936666666667,322.649583333333,89.6383333333333,1.61875,0,0,0.0072,13.4216,0,306.9227,66.1398,6.88,0.0157,120.9013,0.7945,2.0366,0.186,0.0372,8.826,12.7977,1.3208,2.6416,0.0279,0.6514,119.1507,11.8874,0.2512,12.7977
2020-09-17,12.2993737522275,12.4579861111111,-0.158612358883603,16.5204166666667,26.2308333333333,392.159166666667,100,1.37375,0.000254166666666667,0,0.0151,15.6947,0,292.0711,65.632,6.88,0.016,120.9013,0.7576,1.928,0.1825,0.0365,9.3256,13.5221,1.3004,2.6008,0.028,0.6534,125.8951,11.7037,0.252,13.5221
2020-09-18,12.60170605744,10.9723776223776,1.62932843506237,20.0820833333333,186.70625,391.039166666667,86.4125,4.23166666666667,0,0,0.0097,16.4967,0,287.1342,65.1243,6.88,0.0163,120.9013,0.7206,1.8194,0.179,0.0358,9.8251,14.2465,1.28,2.56,0.0281,0.6554,132.6395,11.52,0.2528,14.2465
2020-09-19,12.3357149445391,9.36042255633803,2.97529238820108,15.3670833333333,189.7525,334.217083333333,66.5308333333333,3.21083333333333,0,0,0.0072,12.5075,0,313.2794,64.6165,6.88,0.0165,120.9013,0.6837,1.7108,0.1755,0.0351,10.3247,14.9709,1.2596,2.5192,0.0282,0.6574,139.3838,11.3363,0.2536,14.9709
2020-09-20,12.4296981990386,8.33120567375886,4.09849252527975,11.0658333333333,240.897083333333,286.17,75.9745833333333,1.78208333333333,0,0,0.0066,10.4148,0,328.7468,64.1087,6.88,0.0168,120.9013,0.6467,1.6022,0.172,0.0344,10.8243,15.6953,1.2392,2.4784,0.0283,0.6594,146.1282,11.1526,0.2543,15.6953
2020-09-21,12.3368326125868,8.07944444444444,4.25738816814236,12.4929166666667,235.504166666667,290.650416666667,75.8966666666667,1.89708333333333,0,0,0.0065,10.6432,0,326.9934,63.6009,6.88,0.0171,120.9013,0.6098,1.4935,0.1685,0.0337,11.3239,16.4197,1.2188,2.4375,0.0283,0.6614,152.8726,10.969,0.2551,16.4197
2020-09-22,12.7089438707148,9.6111888041958,3.097755066519,13.3483333333333,229.163333333333,293.960416666667,83.7870833333333,2.23375,0,0,0.0068,11.2048,0,322.7523,63.0931,6.88,0.0174,120.9013,0.5728,1.3849,0.165,0.033,11.8235,17.144,1.1984,2.3967,0.0284,0.6634,159.617,10.7853,0.2559,17.144
2020-09-23,12.6745200416354,8.80881945138889,3.86570059024653,18.4520833333333,192.387083333333,334.474166666667,70.9941666666667,2.82958333333333,0,0,0.0064,13.5853,0,305.8081,62.5853,6.88,0.0177,120.9013,0.5358,1.2763,0.1615,0.0323,12.3231,17.8684,1.178,2.3559,0.0285,0.6654,166.3614,10.6016,0.2567,17.8684
2020-09-24,12.9012713850589,8.95541665972222,3.94585472533673,18.1141666666667,70.7466666666667,379.686666666667,90.155,1.95,0,0,0.0063,14.5921,0,299.111,62.0775,6.88,0.018,120.9013,0.4989,1.1677,0.1579,0.0316,12.8226,18.5928,1.1575,2.3151,0.0286,0.6674,173.1057,10.4179,0.2574,18.5928
2020-09-25,12.8817103723797,9.37430555555556,3.5074048168241,16.9470833333333,27.2008333333333,393.215833333333,99.7095833333333,1.185,0.0378458333333333,0,0.0148,14.3477,0,300.7124,61.5697,6.88,0.0182,120.9013,0.4619,1.0591,0.1544,0.0309,13.3222,19.3172,1.1371,2.2743,0.0287,0.6694,179.8501,10.2342,0.2582,19.3172
2020-09-26,13.2248017190997,6.80440559440559,6.42039612469406,18.7991666666667,159.245416666667,400.30125,92.6454166666667,1.545,0.000254166666666667,0,0.0096,15.3228,0,294.4121,61.0619,6.88,0.0185,120.9013,0.425,0.9505,0.1509,0.0302,13.8218,20.0416,1.1167,2.2334,0.0288,0.6714,186.5945,10.0505,0.259,20.0416
2020-09-27,12.9909496954435,6.30774649295775,6.68320320248573,19.09,150.60875,367.202083333333,92.3504166666667,1.57708333333333,0,0,0.0077,15.9498,0,290.4844,60.5541,6.88,0.0188,120.9013,0.388,0.8419,0.1474,0.0295,14.3214,20.766,1.0963,2.1926,0.0289,0.6734,193.3389,9.8668,0.2598,20.766
2020-09-28,13.1975045963077,7.31826392361111,5.87924067269663,19.3795833333333,114.36625,389.381666666667,96.4204166666667,1.27125,0.00406416666666667,0,0.0079,16.8817,0,284.8169,60.0463,6.88,0.0191,120.9013,0.3511,0.7333,0.1439,0.0288,14.821,21.4904,1.0759,2.1518,0.0289,0.6754,200.0833,9.6831,0.2605,21.4904
2020-09-29,12.4703354951836,8.86612676760563,3.60420872757796,17.9295833333333,20.79625,410.799583333333,99.58375,3.43833333333333,0.02921,0,0.0161,16.2176,0,288.8351,59.5385,6.88,0.0194,120.9013,0.3141,0.6247,0.1404,0.0281,15.3206,22.2148,1.0555,2.111,0.029,0.6774,206.8276,9.4994,0.2613,22.2148
2020-09-30,13.4061825610933,5.33135713571429,8.07482542537898,15.1866666666667,220.642083333333,343.378333333333,77.79625,1.99291666666667,0.00330208333333333,0,0.0121,13.4908,0,306.4503,59.0308,6.88,0.0197,120.9013,0.2772,0.5161,0.1369,0.0274,15.8201,22.9392,1.0351,2.0702,0.0291,0.6794,213.572,9.3157,0.2621,22.9392
2020-10-01,13.2015140574659,5.66777777777778,7.53373627968809,17.2854166666667,169.169583333333,338.2375,79.32375,2.34041666666667,0,0,0.0078,14.1249,0,302.1859,58.9305,6.88,0.0196,120.9013,0.2859,0.4898,0.1397,0.0279,15.1628,21.9861,0.9931,1.9861,0.0285,0.6654,204.6978,8.9376,0.2566,21.9861
2020-10-02,13.786823001721,5.60694444444444,8.17987855727655,16.5633333333333,215.215,319.211666666667,60.89,2.84583333333333,0,0,0.0064,12.1088,0,316.1261,58.8303,6.88,0.0196,120.9013,0.2947,0.4635,0.1424,0.0285,14.5055,21.0329,0.951,1.9021,0.0279,0.6513,195.8237,8.5594,0.2512,21.0329
2020-10-03,12.0497811088986,5.17131944444444,6.87846166445416,12.9054166666667,201.295833333333,293.987083333333,78.82125,2.66333333333333,0,0,0.006,10.7416,0,326.2436,58.7301,6.88,0.0195,120.9013,0.3034,0.4372,0.1452,0.029,13.8481,20.0798,0.909,1.818,0.0273,0.6372,186.9495,8.1812,0.2458,20.0798
2020-10-04,13.9045854795607,5.05363636363636,8.85094911592437,13.9754166666667,193.6075,303.057083333333,84.8866666666667,1.40375,0,0,0.0061,11.4319,0,321.0647,58.6299,6.88,0.0195,120.9013,0.3122,0.4109,0.148,0.0296,13.1908,19.1266,0.867,1.734,0.0267,0.6232,178.0753,7.803,0.2404,19.1266
2020-10-05,14.2745617605967,5.28458333333333,8.98997842726338,14.7404166666667,213.714583333333,303.875,78.5941666666667,2.67458333333333,0,0,0.006,11.6696,0,319.3149,58.5296,6.88,0.0194,120.9013,0.3209,0.3846,0.1507,0.0301,12.5334,18.1735,0.825,1.65,0.0261,0.6091,169.2011,7.4248,0.2349,18.1735
2020-10-06,14.8545757325218,5.09263888888889,9.7619368436329,15.2058333333333,207.244583333333,312.6875,85.1566666666667,1.77625,0,0,0.006,12.1568,0,315.7809,58.4294,6.88,0.0193,120.9013,0.3297,0.3582,0.1535,0.0307,11.8761,17.2203,0.783,1.5659,0.0255,0.595,160.3269,7.0467,0.2295,17.2203
2020-10-07,12.1853820076554,5.28706293706294,6.89831907059246,20.66375,199.827083333333,338.583333333333,70.1491666666667,2.49875,0,0,0.006,15.2208,0,295.0599,58.3292,6.88,0.0193,120.9013,0.3384,0.3319,0.1563,0.0313,11.2187,16.2671,0.7409,1.4819,0.0249,0.5809,151.4527,6.6685,0.2241,16.2671
2020-10-08,12.5532363844911,6.23270833333333,6.32052805115779,22.14125,202.162916666667,344.487083333333,55.8008333333333,2.71875,0,0,0.0055,15.3858,0,294.013,58.229,6.88,0.0192,120.9013,0.3472,0.3056,0.1591,0.0318,10.5614,15.314,0.6989,1.3978,0.0243,0.5669,142.5786,6.2903,0.2186,15.314
2020-10-09,12.597512396913,6.11563911278196,6.48187328413108,16.3616666666667,141.2775,328.72375,71.5075,1.91458333333333,0,0,0.0052,13.0745,0,309.3092,58.1288,6.88,0.0192,120.9013,0.3559,0.2793,0.1618,0.0324,9.904,14.3608,0.6569,1.3138,0.0237,0.5528,133.7044,5.9121,0.2132,14.3608
2020-10-10,12.8074736047537,7.01083334027778,5.79664026447593,17.9029166666667,40.2929166666667,395.54,98.9533333333333,1.115,0.0109220833333333,0,0.0068,14.4978,0,299.727,58.0285,6.88,0.0191,120.9013,0.3647,0.253,0.1646,0.0329,9.2467,13.4077,0.6149,1.2298,0.0231,0.5387,124.8302,5.5339,0.2078,13.4077
2020-10-11,12.7878846737576,8.63569345985401,4.15219121390362,19.4179166666667,27.5433333333333,408.89875,100,1.52625,0.0271783333333333,0,0.0135,15.3189,0,294.4372,57.9283,6.88,0.0191,120.9013,0.3734,0.2267,0.1674,0.0335,8.5893,12.4545,0.5729,1.1457,0.0225,0.5246,115.956,5.1558,0.2024,12.4545
2020-10-12,12.8866032226875,9.82784720833333,3.05875601435413,21.1770833333333,46.3825,417.351666666667,100,1.83166666666667,0.00279416666666667,0,0.0103,15.6244,0,292.5112,57.8281,6.88,0.019,120.9013,0.3822,0.2003,0.1701,0.034,7.932,11.5014,0.5308,1.0617,0.0219,0.5106,107.0818,4.7776,0.1969,11.5014
2020-10-13,11.3981611534692,9.13645834027778,2.26170281319141,20.415,180.151666666667,387.649166666667,83.415,1.84125,0.0007625,0,0.0082,14.8645,0,297.3438,57.7279,6.88,0.019,120.9013,0.3909,0.174,0.1729,0.0346,7.2746,10.5482,0.4888,0.9776,0.0213,0.4965,98.2076,4.3994,0.1915,10.5482
2020-10-14,11.696307544245,6.83172661870504,4.86458092554001,18.12625,184.836666666667,312.6325,57.8991666666667,3.5825,0,0,0.0071,13.1649,0,308.6843,57.6276,6.88,0.0189,120.9013,0.3997,0.1477,0.1757,0.0351,6.6173,9.5951,0.4468,0.8936,0.0207,0.4824,89.3335,4.0212,0.1861,9.5951
2020-10-15,13.6103329549825,4.29041958741259,9.31991336756988,16.58875,150.885833333333,328.154166666667,87.40625,1.60666666666667,0,0,0.0066,14.1469,0,302.04,57.5274,6.88,0.0189,120.9013,0.4084,0.1214,0.1784,0.0357,5.9599,8.6419,0.4048,0.8096,0.0201,0.4683,80.4593,3.643,0.1806,8.6419
2020-10-16,13.5980614587096,6.70569444444444,6.89236701426519,16.7404166666667,79.1629166666667,346.412916666667,76.01375,4.34125,0,0,0.0062,12.2282,0,315.2683,57.4272,6.88,0.0188,120.9013,0.4172,0.0951,0.1812,0.0362,5.3026,7.6888,0.3628,0.7255,0.0195,0.4543,71.5851,3.2649,0.1752,7.6888
2020-10-17,10.590564896366,6.33090277777778,4.25966211858824,9.05541666666667,180.436666666667,277.737916666667,68.81875,2.59416666666667,0,0,0.006,9.1755,0,338.5545,57.327,6.88,0.0187,120.9013,0.426,0.0688,0.184,0.0368,4.6453,6.7356,0.3207,0.6415,0.0189,0.4402,62.7109,2.8867,0.1698,6.7356
2020-10-18,10.3973916028566,5.20570422535211,5.19168737750452,8.84625,173.497083333333,290.47375,73.0929166666667,1.44916666666667,0,0,0.006,9.5577,0,335.4756,57.2268,6.88,0.0187,120.9013,0.4347,0.0424,0.1868,0.0374,3.9879,5.7825,0.2787,0.5574,0.0183,0.4261,53.8367,2.5085,0.1644,5.7825
2020-10-19,10.5003588105958,6.35086956521739,4.14948924537845,11.7295833333333,167.642916666667,315.88625,80.1195833333333,1.68,0,0,0.0061,11.4716,0,320.7714,57.1265,6.88,0.0186,120.9013,0.4435,0.0161,0.1895,0.0379,3.3306,4.8293,0.2367,0.4734,0.0177,0.412,44.9625,2.1303,0.1589,4.8293
2020-10-20,10.7008491131565,7.262480016,3.43836909715655,15.22625,165.38125,334.095833333333,81.4933333333333,1.3875,0,0,0.0062,13.4846,0,306.4929,59.9829,6.88,0.0193,120.9013,0.4633,0.0219,0.185,0.037,3.0927,4.4844,0.2779,0.5557,0.0184,0.4304,41.7509,2.5007,0.166,4.4844
2020-10-21,10.3171692383634,7.72444445138889,2.59272478697446,17.5341666666667,167.554166666667,351.992083333333,81.20125,1.57,0,0,0.0062,15.2277,0,295.0162,62.8392,6.88,0.0199,120.9013,0.4831,0.0276,0.1805,0.0361,2.8548,4.1394,0.319,0.638,0.0192,0.4487,38.5393,2.8711,0.1731,4.1394
2020-10-22,10.2364020926255,10.5486524751773,-0.312250382551769,18.46125,165.612916666667,357.525416666667,83.5079166666667,1.66666666666667,0,0,0.0062,16.0811,0,289.6733,65.6955,6.88,0.0206,120.9013,0.5029,0.0334,0.176,0.0352,2.6169,3.7945,0.3602,0.7203,0.02,0.4671,35.3277,3.2414,0.1801,3.7945
2020-10-23,10.7571271637767,16.4247916666667,-5.66766450288999,18.2591666666667,168.909166666667,360.03875,83.1458333333333,1.48208333333333,0,0,0.0062,16.3953,0,287.7499,68.5518,6.88,0.0212,120.9013,0.5226,0.0392,0.1715,0.0343,2.379,3.4495,0.4013,0.8026,0.0208,0.4854,32.1161,3.6118,0.1872,3.4495
2020-10-24,10.8027530007713,23.2388811188811,-12.4361281181098,18.71,113.104583333333,371.677916666667,82.3191666666667,1.88125,0,0,0.0062,16.7331,0,285.707,71.4082,6.88,0.0219,120.9013,0.5424,0.0449,0.167,0.0334,2.1411,3.1046,0.4425,0.8849,0.0216,0.5037,28.9045,3.9822,0.1943,3.1046
2020-10-25,10.7840471412846,25.3124647887324,-14.5284176474478,12.5016666666667,26.465,389.602083333333,97.5279166666667,1.54041666666667,0.0208279166666667,0,0.0112,13.1306,0,308.9209,74.2645,6.88,0.0225,120.9013,0.5622,0.0507,0.1625,0.0325,1.9032,2.7596,0.4836,0.9672,0.0224,0.5221,25.6929,4.3525,0.2014,2.7596
2020-10-26,10.9626222420383,25.1997202727273,-14.237098030689,12.5275,164.54875,364.510833333333,92.3170833333333,1.43458333333333,0.000254166666666667,0,0.0073,13.3018,0,307.7427,77.1208,6.88,0.0231,120.9013,0.582,0.0565,0.1579,0.0316,1.6653,2.4147,0.5248,1.0495,0.0232,0.5404,22.4813,4.7229,0.2084,2.4147
2020-10-27,11.1074939845381,19.3340845070423,-8.22659052250421,15.8325,65.0066666666667,363.667916666667,92.8220833333333,1.77916666666667,0,0,0.007,14.6141,0,298.9677,79.9771,6.88,0.0238,120.9013,0.6018,0.0622,0.1534,0.0307,1.4274,2.0697,0.5659,1.1318,0.0239,0.5587,19.2697,5.0933,0.2155,2.0697
2020-10-28,11.2345618462069,20.2768750069444,-9.04231316073752,16.2458333333333,40.625,379.495,95.0595833333333,1.23083333333333,0,0,0.0069,15.045,0,296.1829,82.8335,6.88,0.0244,120.9013,0.6216,0.068,0.1489,0.0298,1.1895,1.7248,0.6071,1.2141,0.0247,0.5771,16.058,5.4637,0.2226,1.7248
2020-10-29,11.1903639094962,24.5468531468531,-13.3564892373569,19.27125,53.9808333333333,413.747916666667,92.92625,2.10916666666667,0.0515616666666667,0,0.0447,16.0702,0,289.7407,85.6898,6.88,0.0251,120.9013,0.6414,0.0737,0.1444,0.0289,0.9516,1.3798,0.6482,1.2965,0.0255,0.5954,12.8464,5.834,0.2297,1.3798
2020-10-30,11.1905283800938,15.9302816830986,-4.73975330300485,13.6766666666667,111.17375,352.532916666667,66.5495833333333,2.94666666666667,0.000254166666666667,0,0.0202,13.0374,0,309.5661,88.5461,6.88,0.0257,120.9013,0.6612,0.0795,0.1399,0.028,0.7137,1.0349,0.6894,1.3788,0.0263,0.6137,9.6348,6.2044,0.2367,1.0349
2020-10-31,11.1642726429151,11.4144755174825,-0.250202874567387,6.72333333333333,140.85625,289.490833333333,63.6570833333333,2.8875,0,0,0.0143,9.8519,0,333.1391,91.4025,6.88,0.0263,120.9013,0.681,0.0853,0.1354,0.0271,0.4758,0.6899,0.7305,1.4611,0.0271,0.6321,6.4232,6.5748,0.2438,0.6899
2020-11-01,11.1950719436226,10.5053846363636,0.689687307258978,9.97791666666667,124.724583333333,336.464166666667,75.555,1.92333333333333,0.0134625,0,0.0185,10.6547,0,326.9059,94.2588,6.88,0.027,120.9013,0.7008,0.091,0.1309,0.0262,0.2379,0.345,0.7717,1.5434,0.0279,0.6504,3.2116,6.9452,0.2509,0.345
2020-11-02,11.3129671009593,7.86422535915493,3.44874174180439,5.04166666666667,167.5975,254.3975,35.4495833333333,3.55375,0,0,0.0165,6.9793,0,357.2454,97.1151,6.88,0.0276,120.9013,0.7206,0.0968,0.1264,0.0253,0,0,0.8128,1.6257,0.0287,0.6687,0,7.3155,0.2579,0
2020-11-03,11.2680521060712,8.77979016083916,2.48826194523203,8.89791666666667,161.516666666667,274.695416666667,32.0266666666667,3.49291666666667,0,0,0.0142,8.1683,0,346.9095,90.3143,6.88,0.0281,120.9013,0.681,0.0853,0.1309,0.0262,2.26,3.277,0.7312,1.4624,0.0261,0.61,30.5103,6.5809,0.2353,3.277
2020-11-04,11.2200511509686,9.5012586993007,1.71879245166789,11.14625,157.767916666667,297.373333333333,53.8895833333333,2.21333333333333,0,0,0.0124,9.5614,0,335.4465,83.5136,6.88,0.0286,120.9013,0.6414,0.0737,0.1354,0.0271,4.52,6.5541,0.6496,1.2992,0.0236,0.5513,61.0206,5.8463,0.2127,6.5541
2020-11-05,11.3227008100883,11.0544444583333,0.268256351754985,11.4229166666667,154.266666666667,297.914166666667,67.6916666666667,1.90666666666667,0,0,0.0114,10.0857,0,331.3019,76.7128,6.88,0.0291,120.9013,0.6018,0.0622,0.1399,0.028,6.7801,9.8311,0.568,1.1359,0.0211,0.4926,91.5309,5.1117,0.19,9.8311
2020-11-06,11.0857115163978,11.8115972361111,-0.725885719713286,13.4641666666667,152.769166666667,313.395,62.60875,2.3075,0,0,0.0102,10.902,0,325.0271,69.912,6.88,0.0296,120.9013,0.5622,0.0507,0.1444,0.0289,9.0401,13.1081,0.4863,0.9727,0.0186,0.434,122.0412,4.377,0.1674,13.1081
2020-11-07,11.1726241133815,10.3058450492958,0.866779064085661,14.2983333333333,149.299166666667,316.13,73.8904166666667,2.20375,0,0,0.0092,11.7925,0,318.4167,63.1112,6.88,0.03,120.9013,0.5226,0.0392,0.1489,0.0298,11.3001,16.3852,0.4047,0.8094,0.0161,0.3753,152.5514,3.6424,0.1447,16.3852
2020-11-08,11.1937101307771,11.9957342517483,-0.802024120971234,15.3458333333333,136.030833333333,332.56625,86.3545833333333,1.98916666666667,0,0,0.0084,12.9996,0,309.8285,56.3104,6.88,0.0305,120.9013,0.4831,0.0276,0.1534,0.0307,13.5601,19.6622,0.3231,0.6462,0.0136,0.3166,183.0617,2.9078,0.1221,19.6622
2020-11-09,10.47049619265,20.6998550797101,-10.2293588870601,15.7416666666667,135.695416666667,344.25375,87.3766666666667,1.985,0,0,0.008,13.9173,0,303.5705,49.5097,6.88,0.031,120.9013,0.4435,0.0161,0.1579,0.0316,15.8201,22.9392,0.2415,0.4829,0.0111,0.2579,213.572,2.1732,0.0995,22.9392
2020-11-10,10.3239984337778,33.6939583333333,-23.3699598995555,18.0470833333333,85.295,406.550416666667,86.5116666666667,1.54458333333333,0.00127041666666667,0,0.0082,15.3551,0,294.2075,49.2613,6.88,0.0308,120.9013,0.4627,0.0442,0.1552,0.031,15.4943,22.4668,0.2743,0.5485,0.0112,0.2613,209.1735,2.4684,0.1008,22.4668
2020-11-11,10.341423156125,45.0218181818182,-34.6803950256932,19.1720833333333,15.7895833333333,420.294583333333,96.4391666666667,1.84541666666667,0.04318,0,0.0621,15.492,0,293.343,49.0129,6.88,0.0306,120.9013,0.482,0.0722,0.1524,0.0305,15.1685,21.9944,0.3071,0.6141,0.0113,0.2647,204.775,2.7637,0.1021,21.9944
2020-11-12,10.2560078328737,41.8839583333333,-31.6279505004596,16.9229166666667,15.7045833333333,409.78875,99.7345833333333,2.42291666666667,0.0556279166666667,0,0.1351,14.9765,0,296.6228,48.7645,6.88,0.0304,120.9013,0.5013,0.1003,0.1497,0.0299,14.8427,21.5219,0.3399,0.6798,0.0115,0.2681,200.3765,3.0589,0.1034,21.5219
2020-11-13,10.6017100798898,16.036111125,-5.43440104511016,13.1075,129.911666666667,362.308333333333,77.3320833333333,1.36208333333333,0.000507916666666667,0,0.11,14.0824,0,302.4684,48.5162,6.88,0.0301,120.9013,0.5206,0.1283,0.147,0.0294,14.5169,21.0495,0.3727,0.7454,0.0116,0.2714,195.978,3.3542,0.1047,21.0495
2020-11-14,10.5281458281907,14.0383216853147,-3.51017585712401,10.66125,130.7,296.535416666667,62.2720833333333,1.99833333333333,0,0,0.1,12.8826,0,310.6427,48.2678,6.88,0.0299,120.9013,0.5399,0.1564,0.1442,0.0288,14.1911,20.5771,0.4055,0.811,0.0118,0.2748,191.5795,3.6494,0.106,20.5771
2020-11-15,10.325329090856,9.99861111111111,0.326717979744855,12.7129166666667,19.655,362.25375,80.6433333333333,3.26916666666667,0,0,0.0966,12.963,0,310.0826,48.0194,6.88,0.0297,120.9013,0.5591,0.1844,0.1415,0.0283,13.8653,20.1046,0.4383,0.8766,0.0119,0.2782,187.181,3.9446,0.1073,20.1046
2020-11-16,10.3185684752015,9.92083915384615,0.397729321355339,10.49375,145.50125,272.60875,32.5516666666667,3.25458333333333,0,0,0.0939,11.0451,0,323.9484,47.771,6.88,0.0295,120.9013,0.5784,0.2125,0.1387,0.0277,13.5394,19.6322,0.4711,0.9422,0.0121,0.2816,182.7825,4.2399,0.1086,19.6322
2020-11-17,10.5831506249688,8.62111887412587,1.96203175084293,7.69916666666667,92.2666666666667,272.732916666667,38.4875,2.96625,0,0,0.0934,10.1147,0,331.0757,47.5227,6.88,0.0293,120.9013,0.5977,0.2405,0.136,0.0272,13.2136,19.1598,0.5039,1.0078,0.0122,0.285,178.384,4.5351,0.1099,19.1598
2020-11-18,10.6528898553981,8.28451388888889,2.36837596650921,3.15416666666667,141.171666666667,246.422083333333,44.1804166666667,3.41541666666667,0,0,0.0918,9.1584,0,338.6932,47.2743,6.88,0.0291,120.9013,0.617,0.2686,0.1332,0.0266,12.8878,18.6873,0.5367,1.0734,0.0124,0.2884,173.9854,4.8304,0.1113,18.6873
2020-11-19,10.7872667852595,8.3386713006993,2.44859548456022,3.94583333333333,135.19125,264.605833333333,56.80375,1.76916666666667,0,0,0.087,9.1048,0,339.1297,47.0259,6.88,0.0289,120.9013,0.6363,0.2966,0.1305,0.0261,12.562,18.2149,0.5695,1.139,0.0125,0.2918,169.5869,5.1256,0.1126,18.2149
2020-11-20,10.6021675045056,8.83209793006993,1.77006957443569,9.55625,135.209166666667,286.017083333333,54.2691666666667,2.44625,0,0,0.08,9.5927,0,335.1961,46.7775,6.88,0.0287,120.9013,0.6555,0.3247,0.1277,0.0255,12.2362,17.7425,0.6023,1.2046,0.0127,0.2952,165.1884,5.4209,0.1139,17.7425
2020-11-21,10.5377027626,8.275625,2.26207776260002,14.4320833333333,124.818333333333,319.11375,58.1833333333333,3.4475,0,0,0.071,10.4015,0,328.8497,46.5291,6.88,0.0284,120.9013,0.6748,0.3527,0.125,0.025,11.9104,17.27,0.6351,1.2703,0.0128,0.2986,160.7899,5.7161,0.1152,17.27
2020-11-22,10.5744151342089,10.2141958181818,0.36021931602709,13.1229166666667,73.68625,337.03875,78.2495833333333,1.77875,0,0,0.0592,10.7438,0,326.227,46.2808,6.88,0.0282,120.9013,0.6941,0.3808,0.1222,0.0244,11.5845,16.7976,0.6679,1.3359,0.0129,0.302,156.3914,6.0114,0.1165,16.7976
2020-11-23,10.65931596255,10.040208375,0.619107587549973,9.47791666666667,133.044583333333,313.1475,67.9695833333333,2.90375,0.000762083333333333,0,0.0514,9.4353,0,336.4563,46.0324,6.88,0.028,120.9013,0.7134,0.4088,0.1195,0.0239,11.2587,16.3252,0.7007,1.4015,0.0131,0.3054,151.9929,6.3066,0.1178,16.3252
2020-11-24,10.70872324842,9.22271428571429,1.48600896270567,5.05416666666667,109.204166666667,282.853333333333,63.6558333333333,1.96875,0,0,0.0431,8.5429,0,343.7606,45.784,6.88,0.0278,120.9013,0.7327,0.4369,0.1167,0.0233,10.9329,15.8527,0.7335,1.4671,0.0132,0.3088,147.5944,6.6019,0.1191,15.8527
2020-11-25,10.8586668092855,9.12263888888889,1.73602792039657,6.67708333333333,46.6158333333333,322.712916666667,69.0975,2.0975,0,0,0.0367,8.9852,0,340.1061,45.5356,6.88,0.0276,120.9013,0.752,0.4649,0.114,0.0228,10.6071,15.3803,0.7663,1.5327,0.0134,0.3122,143.1959,6.8971,0.1204,15.3803
2020-11-26,10.9333428252016,9.94580415384615,0.987538671355441,13.525,125.809166666667,350.07,76.5883333333333,2.12333333333333,0,0,0.0337,10.443,0,328.5292,45.2873,6.88,0.0274,120.9013,0.7712,0.493,0.1112,0.0222,10.2813,14.9079,0.7992,1.5983,0.0135,0.3156,138.7974,7.1924,0.1217,14.9079
2020-11-27,11.077693507696,8.47958332638889,2.59811018130712,9.99,110.264583333333,305.6,84.5004166666667,2.14666666666667,0,0,0.0311,9.9473,0,332.3874,45.0389,6.88,0.0272,120.9013,0.7905,0.521,0.1085,0.0217,9.9555,14.4354,0.832,1.6639,0.0137,0.319,134.3989,7.4876,0.123,14.4354
2020-11-28,11.1024692155792,7.18461539160839,3.91785382397085,9.9075,124.79,300.517083333333,64.01625,2.62416666666667,0,0,0.029,9.1904,0,338.4335,44.7905,6.88,0.027,120.9013,0.8098,0.5491,0.1058,0.0212,9.6297,13.963,0.8648,1.7295,0.0138,0.3224,130.0004,7.7829,0.1244,13.963
2020-11-29,11.1936897149831,8.18767606338028,3.00601365160286,6.81958333333333,100.551666666667,282.312916666667,64.6979166666667,2.31958333333333,0,0,0.027,8.456,0,344.4864,44.5421,6.88,0.0267,120.9013,0.8291,0.5771,0.103,0.0206,9.3038,13.4906,0.8976,1.7951,0.014,0.3258,125.6019,8.0781,0.1257,13.4906
2020-11-30,11.3613218931161,6.99106382269504,4.37025807042108,8.62875,53.82625,351.648333333333,85.31,2.00458333333333,0.03657625,0,0.0547,9.2907,0,337.6212,44.2938,6.88,0.0265,120.9013,0.8484,0.6052,0.1003,0.0201,8.978,13.0181,0.9304,1.8607,0.0141,0.3292,121.2033,8.3734,0.127,13.0181
2020-12-01,11.4348715466581,7.58901407746479,3.84585746919328,1.79125,56.4541666666667,300.720416666667,58.6020833333333,3.265,0,0,0.0479,6.9076,0,357.8854,44.0454,6.88,0.0263,120.9013,0.8676,0.6332,0.0975,0.0195,8.6522,12.5457,0.9632,1.9264,0.0143,0.3326,116.8048,8.6686,0.1283,12.5457
2020-12-02,11.4449243138501,7.47980768269231,3.96511663115779,1.66083333333333,127.340833333333,260.07125,49.5091666666667,3.71166666666667,0,0,0.0403,6.1048,0,365.1918,43.797,6.88,0.0261,120.9013,0.8869,0.6613,0.0948,0.019,8.3264,12.0733,0.996,1.992,0.0144,0.336,112.4063,8.9638,0.1296,12.0733
2020-12-03,11.470650837938,7.58672348349272,3.88392735444527,4.60708333333333,118.782916666667,255.990416666667,40.4520833333333,2.81,0,0,0.0355,6.277,0,363.6032,43.8192,6.88,0.0259,120.9013,0.8805,0.6587,0.0939,0.0188,8.4329,12.2277,0.9961,1.9922,0.0145,0.3375,113.8441,8.965,0.1302,12.2277
2020-12-04,12.1893399310814,7.69363928429314,4.4957006467883,7.4,35.7279166666667,334.051666666667,64.29875,1.52041666666667,0.00812791666666667,0,0.0389,7.7808,0,350.2203,43.8413,6.88,0.0257,120.9013,0.874,0.656,0.0931,0.0186,8.5394,12.3821,0.9962,1.9925,0.0145,0.339,115.2818,8.9662,0.1307,12.3821
2020-12-05,12.2104900976133,7.80055508509355,4.40993501251976,6.80583333333333,40.8891666666667,334.864583333333,73.2404166666667,3.115,0.0246375,0,0.0717,7.6368,0,351.4651,43.8634,6.88,0.0255,120.9013,0.8676,0.6534,0.0922,0.0184,8.6459,12.5365,0.9964,1.9928,0.0146,0.3405,116.7196,8.9674,0.1313,12.5365
2020-12-06,9.46753373096466,7.90747088589397,1.56006284507069,4.38291666666667,118.984583333333,275.032083333333,62.5575,2.12958333333333,0,0,0.0647,6.7993,0,358.8565,43.8856,6.88,0.0253,120.9013,0.8611,0.6508,0.0913,0.0183,8.7524,12.691,0.9965,1.993,0.0147,0.342,118.1573,8.9686,0.1319,12.691
2020-12-07,9.71828997100683,8.01438668669439,1.70390328431244,1.60125,27.5670833333333,314.65625,84.9079166666667,1.9175,0.00101583333333333,0,0.0602,6.231,0,364.0258,43.9077,6.88,0.025,120.9013,0.8547,0.6482,0.0905,0.0181,8.8589,12.8454,0.9966,1.9933,0.0147,0.3435,119.5951,8.9698,0.1325,12.8454
2020-12-08,9.9056100173559,8.1213024874948,1.7843075298611,0.185416666666667,121.875416666667,247.869166666667,56.06125,5.22791666666667,0.000254166666666667,0,0.0552,4.8637,0,377.0023,43.9299,6.88,0.0248,120.9013,0.8482,0.6455,0.0896,0.0179,8.9654,12.9998,0.9968,1.9936,0.0148,0.345,121.0329,8.971,0.1331,12.9998
2020-12-09,9.86861297208288,8.22821828829522,1.64039468378766,2.31875,88.9195833333333,268.500833333333,59.1995833333333,3.65166666666667,0,0,0.049,5.1611,0,374.1132,43.952,6.88,0.0246,120.9013,0.8418,0.6429,0.0888,0.0178,9.0719,13.1543,0.9969,1.9938,0.0148,0.3464,122.4706,8.9722,0.1336,13.1543
2020-12-10,9.7823437323207,8.33513408909563,1.44720964322507,7.84208333333333,102.424166666667,283.297083333333,65.6945833333333,2.17416666666667,0,0,0.0432,5.9868,0,366.2875,43.9741,6.88,0.0244,120.9013,0.8354,0.6403,0.0879,0.0176,9.1784,13.3087,0.997,1.9941,0.0149,0.3479,123.9084,8.9734,0.1342,13.3087
2020-12-11,9.84121885155156,8.44204988989605,1.39916896165551,8.49791666666667,114.592916666667,297.937083333333,71.5366666666667,1.68875,0,0,0.0387,6.5779,0,360.8551,43.9963,6.88,0.0242,120.9013,0.8289,0.6377,0.0871,0.0174,9.2849,13.4631,0.9972,1.9944,0.015,0.3494,125.3461,8.9746,0.1348,13.4631
2020-12-12,9.60943428131893,8.54896569069647,1.06046859062246,9.73041666666667,97.8541666666667,317.819166666667,80.6266666666667,2.20875,0,0,0.0359,7.5699,0,352.0456,44.0184,6.88,0.024,120.9013,0.8225,0.635,0.0862,0.0172,9.3914,13.6175,0.9973,1.9946,0.015,0.3509,126.7839,8.9758,0.1354,13.6175
2020-12-13,9.65417266970047,8.65588149149688,0.998291178203589,12.59875,116.8775,324.042083333333,72.0570833333333,1.99916666666667,0,0,0.0342,8.0944,0,347.5372,44.0406,6.88,0.0238,120.9013,0.816,0.6324,0.0853,0.0171,9.4979,13.772,0.9974,1.9949,0.0151,0.3524,128.2216,8.977,0.1359,13.772
2020-12-14,9.69879242639396,8.7627972922973,0.935995134096656,6.7125,50.09375,326.6275,83.03375,3.18125,0.03073375,0,0.0565,7.1611,0,355.6301,44.0627,6.88,0.0236,120.9013,0.8096,0.6298,0.0845,0.0169,9.6044,13.9264,0.9976,1.9952,0.0152,0.3539,129.6594,8.9782,0.1365,13.9264
2020-12-15,9.78573345636564,8.86971309309771,0.916020363267929,1.19083333333333,113.200833333333,245.720833333333,67.2216666666667,2.61541666666667,0,0,0.0574,5.4391,0,371.4473,44.0849,6.88,0.0233,120.9013,0.8031,0.6272,0.0836,0.0167,9.7109,14.0808,0.9977,1.9954,0.0152,0.3554,131.0971,8.9794,0.1371,14.0808
2020-12-16,9.11965784076865,8.97662889389813,0.143028946870521,-0.61375,12.3733333333333,299.862916666667,81.54625,1.13166666666667,0.0119383333333333,0,0.06,4.9679,0,375.9861,44.107,6.88,0.0231,120.9013,0.7967,0.6245,0.0828,0.0166,9.8174,14.2352,0.9978,1.9957,0.0153,0.3569,132.5349,8.9806,0.1377,14.2352
2020-12-17,8.99292289502346,9.08354469469855,-0.0906217996750929,2.69166666666667,33.7229166666667,333.563333333333,83.6629166666667,1.08291666666667,0.00787458333333333,0,0.0656,5.3593,0,372.2094,44.1291,6.88,0.0229,120.9013,0.7902,0.6219,0.0819,0.0164,9.9239,14.3897,0.998,1.996,0.0154,0.3584,133.9727,8.9818,0.1382,14.3897
2020-12-18,9.12225149508215,9.19046049549896,-0.0682090004168128,1.02916666666667,65.6041666666667,295.468333333333,65.8683333333333,3.29416666666667,0,0,0.0622,4.86,0,377.039,44.1513,6.88,0.0227,120.9013,0.7838,0.6193,0.0811,0.0162,10.0304,14.5441,0.9981,1.9962,0.0154,0.3599,135.4104,8.983,0.1388,14.5441
2020-12-19,9.19681680390486,9.29737629629938,-0.100559492394517,-0.666666666666667,88.0808333333333,257.0875,81.83875,1.79041666666667,0,0,0.056,4.5516,0,380.0763,44.1734,6.88,0.0225,120.9013,0.7773,0.6167,0.0802,0.016,10.1369,14.6985,0.9982,1.9965,0.0155,0.3614,136.8482,8.9842,0.1394,14.6985
2020-12-20,8.8811970219684,9.40429209709979,-0.523095075131389,3.44125,98.7708333333333,312.680416666667,75.635,1.41833333333333,0,0,0.0509,5.3936,0,371.8807,44.1956,6.88,0.0223,120.9013,0.7709,0.614,0.0793,0.0159,10.2434,14.8529,0.9984,1.9968,0.0156,0.3629,138.2859,8.9854,0.14,14.8529
2020-12-21,8.94630909004285,9.51120789790021,-0.564898807857364,5.62791666666667,112.1925,306.834166666667,77.5029166666667,1.83166666666667,0,0,0.0466,5.6844,0,369.121,44.2177,6.88,0.0221,120.9013,0.7645,0.6114,0.0785,0.0157,10.3499,15.0074,0.9985,1.997,0.0156,0.3644,139.7237,8.9866,0.1405,15.0074
2020-12-22,8.70304667544962,9.61812369870063,-0.915077023251008,7.19,115.657083333333,291.697916666667,46.72875,3.09125,0,0,0.0426,5.2674,0,373.0901,44.2399,6.88,0.0219,120.9013,0.758,0.6088,0.0776,0.0155,10.4564,15.1618,0.9986,1.9973,0.0157,0.3659,141.1614,8.9878,0.1411,15.1618
2020-12-23,8.58368986325031,9.72503949950104,-1.14134963625073,2.42291666666667,109.391666666667,260.293333333333,73.1333333333333,2.49541666666667,0,0,0.0356,4.8568,0,377.0706,44.262,6.88,0.0216,120.9013,0.7516,0.6062,0.0768,0.0154,10.5629,15.3162,0.9988,1.9976,0.0157,0.3674,142.5992,8.989,0.1417,15.3162
2020-12-24,8.54081839936164,9.83195530030146,-1.29113690093982,8.49291666666667,11.345,357.284583333333,87.8391666666667,2.90583333333333,0.00889041666666667,0,0.039,6.3339,0,363.081,44.2841,6.88,0.0214,120.9013,0.7451,0.6035,0.0759,0.0152,10.6694,15.4706,0.9989,1.9978,0.0158,0.3688,144.0369,8.9902,0.1423,15.4706
2020-12-25,8.4110488976092,9.93887110110187,-1.52782220349267,-2.10916666666667,90.59125,283.78,74.96875,3.90708333333333,0.00635,0,0.0677,3.4132,0,391.6532,44.3063,6.88,0.0212,120.9013,0.7387,0.6009,0.0751,0.015,10.7759,15.6251,0.999,1.9981,0.0159,0.3703,145.4747,8.9914,0.1428,15.6251
2020-12-26,8.54939565230227,10.0457869019023,-1.49639124960003,-6.65958333333333,94.4283333333333,230.55,58.3125,3.1125,0,0,0.0624,2.3425,0,403.0953,44.3284,6.88,0.021,120.9013,0.7322,0.5983,0.0742,0.0148,10.8824,15.7795,0.9992,1.9984,0.0159,0.3718,146.9125,8.9926,0.1434,15.7795
2020-12-27,8.4015017844131,10.1527027027027,-1.7512009182896,-0.31625,115.66375,245.380416666667,65.1608333333333,2.43125,0,0,0.0497,2.9998,0,396.006,44.3506,6.88,0.0208,120.9013,0.7258,0.5956,0.0733,0.0147,10.9889,15.9339,0.9993,1.9986,0.016,0.3733,148.3502,8.9938,0.144,15.9339
2020-12-28,8.35060504832781,10.2836111388889,-1.93300609056109,3.69041666666667,74.6008333333333,287.577916666667,72.0508333333333,2.23666666666667,0,0,0.0363,4.1147,0,384.45,44.3727,6.88,0.0206,120.9013,0.7193,0.593,0.0725,0.0145,11.0954,16.0883,0.9994,1.9989,0.0161,0.3748,149.788,8.995,0.1446,16.0883
2020-12-29,8.06505279379668,10.1206250138889,-2.05557222009222,3.44291666666667,116.699583333333,261.489166666667,63.2825,2.28791666666667,0,0,0.0368,3.7821,0,387.8374,44.3948,6.88,0.0204,120.9013,0.7129,0.5904,0.0716,0.0143,11.2019,16.2428,0.9996,1.9991,0.0161,0.3763,151.2257,8.9962,0.1451,16.2428
2020-12-30,8.18764677879793,10.7455244825175,-2.55787770371957,1.0625,110.27,269.9925,55.2,2.12666666666667,0,0,0.0323,3.6016,0,389.697,44.417,6.88,0.0202,120.9013,0.7064,0.5878,0.0708,0.0142,11.3084,16.3972,0.9997,1.9994,0.0162,0.3778,152.6635,8.9974,0.1457,16.3972
2020-12-31,8.22551452766798,11.6145833333333,-3.38906880566532,8.72083333333333,78.71375,327.9325,76.1925,1.81625,0,0,0.0267,5.7994,0,368.039,44.4391,6.88,0.0199,120.9013,0.7,0.5851,0.0699,0.014,11.4149,16.5516,0.9998,1.9997,0.0163,0.3793,154.1012,8.9986,0.1463,16.5516
2021-01-01,8.05286530105054,11.8922222430556,-3.83935694200506,3.79791666666667,11.2208333333333,342.849166666667,95.1508333333333,1.60583333333333,0.011685,0,0.0328,4.9962,0,375.7105,44.4613,6.88,0.0197,120.9013,0.6935,0.5825,0.0691,0.0138,11.5214,16.706,1,1.9999,0.0163,0.3808,155.539,8.9998,0.1469,16.706
2021-01-02,8.10306352691008,11.7523943802817,-3.64933085337162,7.54916666666667,109.115833333333,322.44625,85.3008333333333,2.35583333333333,0.00381,0,0.037,5.8818,0,367.2671,44.4834,6.88,0.0195,120.9013,0.6871,0.5799,0.0682,0.0136,11.6279,16.8605,1.0001,2.0002,0.0164,0.3823,156.9767,9.001,0.1475,16.8605
2021-01-03,7.81265181332869,10.2282269503546,-2.41557513702591,6.62958333333333,43.4416666666667,344.7525,93.7591666666667,1.67333333333333,0.00330208333333333,0,0.0382,5.9833,0,366.3195,44.5056,6.88,0.0193,120.9013,0.6807,0.5773,0.0673,0.0135,11.7344,17.0149,1.0002,2.0005,0.0164,0.3838,158.4145,9.0022,0.148,17.0149
2021-01-04,7.85305217817004,11.1846527777778,-3.33160059960775,4.09041666666667,43.0520833333333,313.351666666667,73.3270833333333,1.55458333333333,0,0,0.0401,5.1962,0,373.7747,44.5277,6.88,0.0191,120.9013,0.6742,0.5746,0.0665,0.0133,11.8409,17.1693,1.0004,2.0007,0.0165,0.3853,159.8523,9.0033,0.1486,17.1693
2021-01-05,7.70871937668121,12.4431690140845,-4.73444963740329,2.57375,73.3429166666667,289.04375,82.4558333333333,2.00666666666667,0,0,0.0381,4.9905,0,375.7662,44.5498,6.88,0.0189,120.9013,0.6678,0.572,0.0656,0.0131,11.9474,17.3237,1.0005,2.001,0.0166,0.3868,161.29,9.0045,0.1492,17.3237
2021-01-06,7.81959550776725,12.5047887323944,-4.68519322462715,3.18625,95.58625,289.784166666667,63.12875,3.08583333333333,0,0,0.0375,4.5316,0,380.2747,44.572,6.88,0.0187,120.9013,0.6613,0.5694,0.0648,0.013,12.0539,17.4782,1.0006,2.0013,0.0166,0.3883,162.7278,9.0057,0.1498,17.4782
2021-01-07,7.53311644399693,12.1467939083969,-4.61367746439996,1.78166666666667,112.080833333333,259.771666666667,69.86375,3.02333333333333,0,0,0.036,4.1083,0,384.5143,44.5941,6.88,0.0185,120.9013,0.6549,0.5668,0.0639,0.0128,12.1604,17.6326,1.0008,2.0015,0.0167,0.3898,164.1655,9.0069,0.1503,17.6326
2021-01-08,7.49338170913192,11.8964335594406,-4.40305185030869,1.67041666666667,25.6391666666667,320.338333333333,78.2491666666667,1.42875,0.00203208333333333,0,0.0336,4.2668,0,382.9178,44.6163,6.88,0.0182,120.9013,0.6484,0.5641,0.0631,0.0126,12.2669,17.787,1.0009,2.0018,0.0168,0.3912,165.6033,9.0081,0.1509,17.787
2021-01-09,7.56336196940984,13.5751748251748,-6.01181285576496,1.69666666666667,127.970833333333,269.34125,62.3091666666667,5.705,0,0,0.0353,3.5984,0,389.7293,44.6384,6.88,0.018,120.9013,0.642,0.5615,0.0622,0.0124,12.3734,17.9414,1.001,2.0021,0.0168,0.3927,167.041,9.0093,0.1515,17.9414
2021-01-10,7.62329567188623,13.1328169014085,-5.50952122952227,1.10583333333333,122.33875,245.480833333333,62.3520833333333,3.40458333333333,0,0,0.0336,3.2759,0,393.0897,44.6606,6.88,0.0178,120.9013,0.6355,0.5589,0.0613,0.0123,12.4799,18.0959,1.0012,2.0023,0.0169,0.3942,168.4788,9.0105,0.1521,18.0959
2021-01-11,7.40878607153733,13.9348591478873,-6.52607307634997,0.2575,29.37875,287.554166666667,84.3045833333333,1.79458333333333,0.000508333333333333,0,0.0315,3.486,0,390.895,44.6827,6.88,0.0176,120.9013,0.6291,0.5563,0.0605,0.0121,12.5864,18.2503,1.0013,2.0026,0.017,0.3957,169.9165,9.0117,0.1526,18.2503
2021-01-12,7.39102978747055,12.4019718450704,-5.01094205759985,3.81416666666667,129.784583333333,301.664583333333,76.5416666666667,2.75,0,0,0.0321,3.8809,0,386.8254,44.7048,6.88,0.0174,120.9013,0.6226,0.5536,0.0596,0.0119,12.6929,18.4047,1.0014,2.0029,0.017,0.3972,171.3543,9.0129,0.1532,18.4047
2021-01-13,7.34924747032986,13.5660563521127,-6.21680888178284,3.35916666666667,133.13,244.324166666667,57.6320833333333,3.01,0,0,0.0317,3.4285,0,391.4935,44.727,6.88,0.0172,120.9013,0.6162,0.551,0.0588,0.0118,12.7994,18.5591,1.0016,2.0031,0.0171,0.3987,172.7921,9.0141,0.1538,18.5591
2021-01-14,7.42155361304293,14.0526573496503,-6.63110373660737,3.79333333333333,133.624166666667,258.116666666667,48.0641666666667,3.06208333333333,0,0,0.0298,3.6709,0,388.9806,44.7491,6.88,0.017,120.9013,0.6098,0.5484,0.0579,0.0116,12.9059,18.7136,1.0017,2.0034,0.0172,0.4002,174.2298,9.0153,0.1544,18.7136
2021-01-15,7.30142045146231,14.5464335664336,-7.24501311497129,0.67875,24.0408333333333,285.390833333333,92.4629166666667,1.9875,0.00381,0,0.0299,3.3087,0,392.7456,44.7713,6.88,0.0168,120.9013,0.6033,0.5458,0.0571,0.0114,13.0124,18.868,1.0018,2.0037,0.0172,0.4017,175.6676,9.0165,0.1549,18.868
2021-01-16,7.21913479319355,14.5416783216783,-7.32254352848475,0.548333333333333,54.93125,290.16,84.0925,2.48791666666667,0.000508333333333333,0,0.0291,3.205,0,393.8354,44.7934,6.88,0.0165,120.9013,0.5969,0.5431,0.0562,0.0112,13.1189,19.0224,1.002,2.0039,0.0173,0.4032,177.1053,9.0177,0.1555,19.0224
2021-01-17,7.31864433356543,15.4679166666667,-8.14927233310127,1.98666666666667,68.2775,302.8575,61.7204166666667,2.32083333333333,0,0,0.0282,3.735,0,388.3209,44.8155,6.88,0.0163,120.9013,0.5904,0.5405,0.0553,0.0111,13.2254,19.1768,1.0021,2.0042,0.0173,0.4047,178.5431,9.0189,0.1561,19.1768
2021-01-18,7.28043643618951,15.8658041958042,-8.58536775961469,1.6975,52.5354166666667,294.92125,61.3345833333333,2.09041666666667,0,0,0.0281,3.3752,0,392.0501,44.8377,6.88,0.0161,120.9013,0.584,0.5379,0.0545,0.0109,13.3319,19.3313,1.0022,2.0045,0.0174,0.4062,179.9808,9.0201,0.1567,19.3313
2021-01-19,7.28598298457219,16.1646527777778,-8.87866979320561,3.65791666666667,100.430416666667,283.457083333333,55.16375,2.02583333333333,0,0,0.0273,3.6828,0,388.8581,44.8598,6.88,0.0159,120.9013,0.5775,0.5353,0.0536,0.0107,13.4384,19.4857,1.0024,2.0047,0.0175,0.4077,181.4186,9.0213,0.1572,19.4857
2021-01-20,7.28427772663292,15.3193055555556,-8.03502782892268,2.86583333333333,138.62875,254.770416666667,54.91,3.0275,0,0,0.0266,3.1513,0,394.402,44.882,6.88,0.0157,120.9013,0.5711,0.5326,0.0528,0.0106,13.5449,19.6401,1.0025,2.005,0.0175,0.4092,182.8563,9.0225,0.1578,19.6401
2021-01-21,7.50087551140172,15.0292907801418,-7.52841526874008,3.44708333333333,137.877916666667,283.490416666667,58.645,2.61833333333333,0,0,0.0255,3.9607,0,386.0117,44.9041,6.88,0.0155,120.9013,0.5646,0.53,0.0519,0.0104,13.6514,19.7946,1.0026,2.0053,0.0176,0.4107,184.2941,9.0237,0.1584,19.7946
2021-01-22,7.4771013272436,16.052027972028,-8.57492664478441,5.1075,117.302916666667,260.005833333333,51.0795833333333,2.92208333333333,0,0,0.0254,3.6894,0,388.7905,44.9263,6.88,0.0153,120.9013,0.5582,0.5274,0.0511,0.0102,13.7579,19.949,1.0028,2.0055,0.0177,0.4122,185.7319,9.0249,0.159,19.949
2021-01-23,7.4677227863035,14.2498581702128,-6.7821353839093,0.669583333333333,146.8575,235.81125,40.9016666666667,2.62333333333333,0,0,0.0248,2.3033,0,403.5245,44.9484,6.88,0.0151,120.9013,0.5517,0.5248,0.0502,0.01,13.8644,20.1034,1.0029,2.0058,0.0177,0.4137,187.1696,9.0261,0.1596,20.1034
2021-01-24,7.36851466386812,15.3961805555556,-8.02766589168749,-1.02125,75.49375,266.890833333333,45.8216666666667,2.14416666666667,0,0,0.0238,2.266,0,403.9338,44.9705,6.88,0.0148,120.9013,0.5453,0.5221,0.0493,0.0099,13.9709,20.2578,1.003,2.0061,0.0178,0.4151,188.6074,9.0273,0.1601,20.2578
2021-01-25,7.37686970457556,15.1115972222222,-7.73472751764664,2.44458333333333,11.6516666666667,335.309166666667,75.7420833333333,1.47708333333333,0.0167645833333333,0,0.0258,3.6696,0,388.9945,44.9927,6.88,0.0146,120.9013,0.5389,0.5195,0.0485,0.0097,14.0774,20.4123,1.0032,2.0063,0.0179,0.4166,190.0451,9.0285,0.1607,20.4123
2021-01-26,7.33367766269412,15.7994444444444,-8.46576678175029,1.3425,53.3458333333333,334.295833333333,99.5516666666667,1.065,0.0325125,0,0.068,4.3959,0,381.6246,45.0148,6.88,0.0144,120.9013,0.5324,0.5169,0.0476,0.0095,14.1839,20.5667,1.0033,2.0066,0.0179,0.4181,191.4829,9.0297,0.1613,20.5667
2021-01-27,7.34800855720229,15.6433098591549,-8.29530130195261,5.23541666666667,100.400833333333,310.215416666667,73.4320833333333,2.60208333333333,0,0,0.0578,4.6059,0,379.5378,45.037,6.88,0.0142,120.9013,0.526,0.5143,0.0468,0.0094,14.2904,20.7211,1.0034,2.0069,0.018,0.4196,192.9206,9.0309,0.1619,20.7211
2021-01-28,7.46362540656179,15.1996503496503,-7.73602494308851,-0.8825,78.8025,323.24625,76.4566666666667,3.03333333333333,0.00228625,0,0.0602,2.8935,0,397.1378,45.0591,6.88,0.014,120.9013,0.5195,0.5116,0.0459,0.0092,14.3969,20.8755,1.0036,2.0071,0.018,0.4211,194.3584,9.0321,0.1624,20.8755
2021-01-29,7.28616927046363,13.9971830985915,-6.71101382812787,-4.45875,154.077083333333,233.135,50.6620833333333,2.975,0,0,0.054,1.9145,0,407.8266,45.0813,6.88,0.0138,120.9013,0.5131,0.509,0.0451,0.009,14.5034,21.03,1.0037,2.0074,0.0181,0.4226,195.7961,9.0333,0.163,21.03
2021-01-30,7.39241394211573,14.4556643356643,-7.06325039354857,-2.36708333333333,110.280833333333,245.911666666667,50.5945833333333,2.21833333333333,0.000254166666666667,0,0.0473,2.1551,0,405.1555,45.1034,6.88,0.0136,120.9013,0.5066,0.5064,0.0442,0.0088,14.6099,21.1844,1.0038,2.0077,0.0182,0.4241,197.2339,9.0345,0.1636,21.1844
2021-01-31,7.1932038959025,15.4606993006993,-8.2674954047968,-1.63375,27.2679166666667,318.227083333333,91.34625,1.81583333333333,0.000254166666666667,0,0.0483,2.0439,0,406.3868,45.1255,6.88,0.0134,120.9013,0.5002,0.5038,0.0433,0.0087,14.7164,21.3388,1.004,2.0079,0.0182,0.4256,198.6716,9.0357,0.1642,21.3388
2021-02-01,7.30160172722717,14.982027972028,-7.68042624480083,-0.459166666666667,76.2183333333333,318.545833333333,92.2658333333333,3.27833333333333,0.00863625,0,0.0458,2.8881,0,397.1956,45.1477,6.88,0.0131,120.9013,0.4937,0.5011,0.0425,0.0085,14.8229,21.4932,1.0041,2.0082,0.0183,0.4271,200.1094,9.0369,0.1647,21.4932
2021-02-02,7.13562723346827,15.5018055555556,-8.36617832208733,-1.12375,92.5116666666667,290.8125,65.50625,5.94125,0,0,0.0433,2.0684,0,406.1142,45.1698,6.88,0.0129,120.9013,0.4873,0.4985,0.0416,0.0083,14.9294,21.6477,1.0042,2.0085,0.0184,0.4286,201.5472,9.0381,0.1653,21.6477
2021-02-03,7.25740242852738,16.4362237762238,-9.17882134769642,-1,167.064583333333,243.311666666667,46.0195833333333,3.67208333333333,0,0,0.0386,1.5223,0,412.2435,45.192,6.88,0.0127,120.9013,0.4808,0.4959,0.0408,0.0082,15.0359,21.8021,1.0044,2.0087,0.0184,0.4301,202.9849,9.0393,0.1659,21.8021
2021-02-04,7.07520503188561,16.6092307692308,-9.53402573734519,1.2325,129.213333333333,249.092083333333,38.9775,3.94083333333333,0,0,0.0363,2.0516,0,406.3013,45.2141,6.88,0.0125,120.9013,0.4744,0.4932,0.0399,0.008,15.1424,21.9565,1.0045,2.009,0.0185,0.4316,204.4227,9.0405,0.1665,21.9565
2021-02-05,7.08140713765145,16.837972027972,-9.75656489032055,4.29833333333333,136.97875,302.142083333333,58.825,2.41083333333333,0.000762083333333333,0,0.0357,3.1817,0,394.0812,45.2362,6.88,0.0123,120.9013,0.468,0.4906,0.0391,0.0078,15.2489,22.1109,1.0046,2.0093,0.0186,0.4331,205.8604,9.0417,0.167,22.1109
2021-02-06,7.23878593914387,19.0146527777778,-11.7758668386339,3.88625,84.7645833333333,285.278333333333,41.0404166666667,2.53458333333333,0,0,0.0346,3.177,0,394.1306,45.2584,6.88,0.0121,120.9013,0.4615,0.488,0.0382,0.0076,15.3554,22.2654,1.0048,2.0095,0.0186,0.4346,207.2982,9.0429,0.1676,22.2654
2021-02-07,7.2624300719965,18.9245070422535,-11.662076970257,1.91333333333333,125.171666666667,307.262916666667,79.1745833333333,2.96916666666667,0.0058425,0,0.0377,2.904,0,397.0266,45.2805,6.88,0.0119,120.9013,0.4551,0.4854,0.0373,0.0075,15.4619,22.4198,1.0049,2.0098,0.0187,0.4361,208.7359,9.0441,0.1682,22.4198
2021-02-08,7.29080105787965,18.8338732464789,-11.5430721885992,-1.055,171.33,235.265,58.3254166666667,2.44375,0,0,0.0363,2.3496,0,403.0178,45.3027,6.88,0.0117,120.9013,0.4486,0.4827,0.0365,0.0073,15.5684,22.5742,1.005,2.0101,0.0188,0.4375,210.1737,9.0452,0.1688,22.5742
2021-02-09,7.51468591072504,20.1592307692308,-12.6445448585058,4.48875,140.052083333333,288.89125,73.415,1.60708333333333,0,0,0.0348,3.9296,0,386.329,45.3248,6.88,0.0114,120.9013,0.4422,0.4801,0.0356,0.0071,15.6749,22.7286,1.0052,2.0103,0.0188,0.439,211.6114,9.0464,0.1693,22.7286
2021-02-10,7.74531710103145,22.2445138888889,-14.4991967878575,4.31708333333333,43.5683333333333,330.833333333333,75.9141666666667,2.05916666666667,0,0,0.0359,4.0907,0,384.6924,45.347,6.88,0.0112,120.9013,0.4357,0.4775,0.0348,0.007,15.7814,22.8831,1.0053,2.0106,0.0189,0.4405,213.0492,9.0476,0.1699,22.8831
2021-02-11,7.83191540707638,23.0999300699301,-15.2680146628537,2.33166666666667,15.71625,337.049166666667,94.3241666666667,1.51458333333333,0.00889,0,0.0399,3.9413,0,386.2101,45.3691,6.88,0.011,120.9013,0.4293,0.4749,0.0339,0.0068,15.8879,23.0375,1.0054,2.0109,0.0189,0.442,214.487,9.0488,0.1705,23.0375
2021-02-12,7.84000381839103,26.2972916666667,-18.4572878482757,-1.73458333333333,28.4229166666667,319.237083333333,98.90125,1.38041666666667,0.00127,0,0.0545,2.7225,0,398.9711,45.3912,6.88,0.0108,120.9013,0.4228,0.4722,0.0331,0.0066,15.9944,23.1919,1.0056,2.0111,0.019,0.4435,215.9247,9.05,0.1711,23.1919
2021-02-13,7.81085816879385,26.2447916666667,-18.4339334978729,-0.764166666666667,29.8983333333333,322.996666666667,99.5008333333333,1.85,0.00990625,0,0.0485,3.1591,0,394.3196,45.4134,6.88,0.0106,120.9013,0.4164,0.4696,0.0322,0.0064,16.1009,23.3463,1.0057,2.0114,0.0191,0.445,217.3625,9.0512,0.1716,23.3463
2021-02-14,7.80365550671586,26.2391666666667,-18.4355111599508,0.802083333333333,33.8941666666667,329.94625,99.5225,1.46625,0.0144795833333333,0,0.0626,3.5209,0,390.5324,45.4355,6.88,0.0104,120.9013,0.4099,0.467,0.0313,0.0063,16.2074,23.5008,1.0058,2.0117,0.0191,0.4465,218.8002,9.0524,0.1722,23.5008
2021-02-15,7.90338901531427,24.8178169014085,-16.9144278860942,0.6375,28.18875,330.240833333333,99.5266666666667,0.998333333333333,0.00330333333333333,0,0.0709,3.6547,0,389.1482,45.4577,6.88,0.0102,120.9013,0.4035,0.4644,0.0305,0.0061,16.3139,23.6552,1.006,2.0119,0.0192,0.448,220.238,9.0536,0.1728,23.6552
2021-02-16,7.73571303910458,23.7551388888889,-16.0194258497843,1.73958333333333,132.635416666667,317.228333333333,86.6875,1.9225,0.0129545833333333,0,0.0978,3.9343,0,386.2812,45.4798,6.88,0.01,120.9013,0.3971,0.4617,0.0296,0.0059,16.4204,23.8096,1.0061,2.0122,0.0193,0.4495,221.6757,9.0548,0.1734,23.8096
2021-02-17,7.84365561534045,23.6605594405594,-15.816903825219,-3.32708333333333,139.680416666667,253.0475,58.385,2.88916666666667,0,0,0.0989,2.9566,0,396.4658,45.5019,6.88,0.0097,120.9013,0.3906,0.4591,0.0288,0.0058,16.5269,23.964,1.0062,2.0124,0.0193,0.451,223.1135,9.056,0.174,23.964
2021-02-18,7.64718666326832,23.9029370629371,-16.2557503996688,-1.315,20.7945833333333,309.917083333333,85.3954166666667,2.14833333333333,0,0,0.0991,2.5729,0,400.5861,45.5241,6.88,0.0095,120.9013,0.3842,0.4565,0.0279,0.0056,16.6334,24.1185,1.0064,2.0127,0.0194,0.4525,224.5512,9.0572,0.1745,24.1185
2021-02-19,7.75998311361334,23.040979020979,-15.2809959073657,0.887916666666667,137.527916666667,308.917916666667,88.4854166666667,3.17875,0.0208283333333333,0,0.0993,3.2653,0,393.2012,45.5462,6.88,0.0093,120.9013,0.3777,0.4539,0.0271,0.0054,16.7399,24.2729,1.0065,2.013,0.0195,0.454,225.989,9.0584,0.1751,24.2729
2021-02-20,7.56268502811342,21.9921527777778,-14.4294677496644,-3.22791666666667,192.410833333333,232.943333333333,58.3529166666667,3.10708333333333,0,0,0.0959,2.4784,0,401.6118,45.5684,6.88,0.0091,120.9013,0.3713,0.4512,0.0262,0.0052,16.8464,24.4273,1.0066,2.0132,0.0195,0.4555,227.4268,9.0596,0.1757,24.4273
2021-02-21,7.68397075116681,23.0637588652482,-15.3797881140814,-3.24666666666667,166.65625,232.464166666667,58.3495833333333,2.41625,0,0,0.0908,2.4642,0,401.7671,45.5905,6.88,0.0089,120.9013,0.3648,0.4486,0.0253,0.0051,16.9529,24.5817,1.0068,2.0135,0.0196,0.457,228.8645,9.0608,0.1763,24.5817
2021-02-22,7.49253946206848,24.3843055555556,-16.8917660934871,2.52,74.3941666666667,291.025833333333,65.8320833333333,2.68375,0.00660416666666667,0,0.0891,3.2064,0,393.8211,45.6127,6.88,0.0087,120.9013,0.3584,0.446,0.0245,0.0049,17.0594,24.7362,1.0069,2.0138,0.0196,0.4585,230.3023,9.062,0.1768,24.7362
2021-02-23,7.3588282341199,24.5638461538462,-17.2050179197263,7.735,191.685,270.949583333333,46.9504166666667,2.7075,0,0,0.0855,4.0151,0,385.459,45.6348,6.88,0.0085,120.9013,0.3519,0.4434,0.0236,0.0047,17.1659,24.8906,1.007,2.014,0.0197,0.46,231.74,9.0632,0.1774,24.8906
2021-02-24,7.39727659344669,24.2483333333333,-16.8510567398866,8.965,193.175,284.42875,51.1925,2.91791666666667,0,0,0.0803,4.8026,0,377.6011,45.6569,6.88,0.0083,120.9013,0.3455,0.4407,0.0228,0.0046,17.2724,25.045,1.0072,2.0143,0.0198,0.4614,233.1778,9.0644,0.178,25.045
2021-02-25,7.25109403000848,22.3589436619718,-15.1078496319633,9.6825,196.515,288.38125,45.3454166666667,2.76875,0,0,0.0728,5.4554,0,371.2914,45.6791,6.88,0.008,120.9013,0.339,0.4381,0.0219,0.0044,17.3789,25.1994,1.0073,2.0146,0.0198,0.4629,234.6155,9.0656,0.1786,25.1994
2021-02-26,7.21622307025651,23.8543902439024,-16.6381671736459,5.32583333333333,28.45,327.319166666667,54.4454166666667,2.28583333333333,0.00152416666666667,0,0.0699,4.6363,0,379.2382,45.7012,6.88,0.0078,120.9013,0.3326,0.4355,0.0211,0.0042,17.4854,25.3539,1.0074,2.0148,0.0199,0.4644,236.0533,9.0668,0.1791,25.3539
2021-02-27,7.35966711086957,28.0236111111111,-20.6639440002415,3.94708333333333,64.5033333333333,340.7725,96.75375,1.17833333333333,0.0129529166666667,0,0.0787,5.1201,0,374.5097,45.8599,6.88,0.0075,120.9013,0.3303,0.4308,0.0219,0.0044,17.3813,25.203,1.0209,2.0418,0.0203,0.4729,234.6482,9.1881,0.1824,25.203
2021-02-28,7.10852095974185,28.2715972222222,-21.1630762624804,9.37916666666667,31.9783333333333,370.71625,99.57625,1.73541666666667,0.0109220833333333,0,0.09,6.1898,0,364.4061,46.0186,6.88,0.0072,120.9013,0.328,0.4261,0.0228,0.0046,17.2773,25.052,1.0344,2.0688,0.0206,0.4813,233.2431,9.3095,0.1856,25.052
2021-03-01,7.1417480254006,29.1811971830986,-22.039449157698,10.8020833333333,39.1508333333333,360.722916666667,78.9416666666667,2.71791666666667,0.00609625,0,0.0965,6.2733,0,363.6367,46.1773,6.88,0.0069,120.9013,0.3257,0.4214,0.0237,0.0047,17.1732,24.9011,1.0479,2.0957,0.021,0.4897,231.8381,9.4308,0.1889,24.9011
2021-03-02,7.12422534354165,28.8124475524476,-21.6882222089059,3.225,160.31625,257.138333333333,40.345,2.81125,0,0,0.0935,4.9524,0,376.1372,46.336,6.88,0.0065,120.9013,0.3234,0.4167,0.0246,0.0049,17.0691,24.7502,1.0613,2.1227,0.0213,0.4981,230.433,9.5521,0.1921,24.7502
2021-03-03,7.31063975815218,25.4161971830986,-18.1055574249464,5.06916666666667,220.410833333333,257.324583333333,47.20625,2.52791666666667,0,0,0.0896,5.4449,0,371.3917,46.4947,6.88,0.0062,120.9013,0.321,0.412,0.0254,0.0051,16.965,24.5993,1.0748,2.1497,0.0217,0.5066,229.0279,9.6735,0.1954,24.5993
2021-03-04,7.14147105429939,21.9906993006993,-14.8492282463999,8.09583333333333,217.378333333333,273.55125,43.3620833333333,2.43541666666667,0,0,0.0841,5.8727,0,367.3519,46.6533,6.88,0.0059,120.9013,0.3187,0.4073,0.0263,0.0053,16.8609,24.4484,1.0883,2.1766,0.0221,0.515,227.6228,9.7948,0.1986,24.4484
2021-03-05,7.33132673165829,24.7106944444444,-17.3793677127861,2.72833333333333,226.03,242.210416666667,36.5754166666667,3.47958333333333,0,0,0.0769,5.0403,0,375.2825,46.812,6.88,0.0056,120.9013,0.3164,0.4026,0.0272,0.0054,16.7569,24.2975,1.1018,2.2036,0.0224,0.5234,226.2177,9.9161,0.2019,24.2975
2021-03-06,7.16479960255944,23.4718309859155,-16.3070313833561,3.40708333333333,221.452083333333,253.027916666667,34.64,2.81208333333333,0,0,0.0695,5.1949,0,373.7877,46.9707,6.88,0.0052,120.9013,0.3141,0.3978,0.0281,0.0056,16.6528,24.1465,1.1153,2.2305,0.0228,0.5318,224.8127,10.0375,0.2051,24.1465
2021-03-07,7.35679087166421,23.1218181818182,-15.765027310154,2.57166666666667,223.285833333333,241.16625,38.2045833333333,2.3325,0,0,0.0644,5.0361,0,375.3229,47.1294,6.88,0.0049,120.9013,0.3118,0.3931,0.029,0.0058,16.5487,23.9956,1.1288,2.2575,0.0232,0.5403,223.4076,10.1588,0.2084,23.9956
2021-03-08,7.0297649870055,22.1758741258741,-15.1461091388686,4.86208333333333,230.22,246.11625,34.2116666666667,2.24291666666667,0,0,0.0604,5.5752,0,370.1531,47.2881,6.88,0.0046,120.9013,0.3095,0.3884,0.0298,0.006,16.4446,23.8447,1.1422,2.2845,0.0235,0.5487,222.0025,10.2801,0.2116,23.8447
2021-03-09,7.21385522238656,20.9484397163121,-13.7345844939255,10.1104166666667,210.50375,283.724583333333,31.2325,2.42958333333333,0,0,0.0575,6.8095,0,358.7648,47.4468,6.88,0.0042,120.9013,0.3072,0.3837,0.0307,0.0061,16.3405,23.6938,1.1557,2.3114,0.0239,0.5571,220.5974,10.4014,0.2149,23.6938
2021-03-10,7.02659319442036,19.4729166666667,-12.4463234722463,11.455,213.702916666667,294.977916666667,37.69625,2.64916666666667,0,0,0.0549,7.7134,0,350.8017,47.6054,6.88,0.0039,120.9013,0.3049,0.379,0.0316,0.0063,16.2365,23.5429,1.1692,2.3384,0.0242,0.5656,219.1923,10.5228,0.2181,23.5429
2021-03-11,7.12142954186976,19.035625,-11.9141954581302,13.4279166666667,185.805833333333,323.162083333333,47.80125,2.22375,0,0,0.0524,8.9643,0,340.2776,47.7641,6.88,0.0036,120.9013,0.3026,0.3743,0.0325,0.0065,16.1324,23.392,1.1827,2.3654,0.0246,0.574,217.7873,10.6441,0.2214,23.392
2021-03-12,7.1983814097154,19.1175694444444,-11.919188034729,15.0766666666667,62.8933333333333,354.612083333333,57.8641666666667,2.31416666666667,0,0,0.0509,9.6218,0,334.9643,47.9228,6.88,0.0033,120.9013,0.3003,0.3696,0.0333,0.0067,16.0283,23.241,1.1962,2.3923,0.025,0.5824,216.3822,10.7654,0.2246,23.241
2021-03-13,7.21944990017546,17.5169444444444,-10.2974945442689,12.435,121.764583333333,327.967916666667,39.9179166666667,2.79833333333333,0,0,0.0473,8.8093,0,341.5516,48.0815,6.88,0.0029,120.9013,0.2979,0.3649,0.0342,0.0068,15.9242,23.0901,1.2096,2.4193,0.0253,0.5908,214.9771,10.8868,0.2279,23.0901
2021-03-14,7.29242148242103,15.7197202727273,-8.42729879030627,10.1633333333333,131.905,298.813333333333,30.0608333333333,3.88958333333333,0,0,0.0441,7.9584,0,348.6961,48.2402,6.88,0.0026,120.9013,0.2956,0.3602,0.0351,0.007,15.8201,22.9392,1.2231,2.4462,0.0257,0.5993,213.572,11.0081,0.2311,22.9392
2021-03-15,7.31939362733042,18.281875,-10.9624813726696,7.39166666666667,88.05,320.710416666667,28.6283333333333,2.63291666666667,0,0,0.0412,7.1507,0,355.7223,48.3989,6.88,0.0023,120.9013,0.2933,0.3555,0.036,0.0072,15.7161,22.7883,1.2366,2.4732,0.026,0.6077,212.1669,11.1294,0.2344,22.7883
2021-03-16,7.33092472390153,23.4481818181818,-16.1172570942803,3.12791666666667,99.8825,337.16125,82.1591666666667,2.07666666666667,0.00127,0,0.0415,7.1309,0,355.8975,48.5576,6.88,0.002,120.9013,0.291,0.3508,0.0369,0.0074,15.612,22.6374,1.2501,2.5002,0.0264,0.6161,210.7619,11.2508,0.2376,22.6374
2021-03-17,7.40052229109061,17.2171328671329,-9.81661057604229,7.45041666666667,195.002916666667,336.137083333333,90.5479166666667,1.885,0,0,0.0402,8.7288,0,342.2168,48.7162,6.88,0.0016,120.9013,0.2887,0.3461,0.0377,0.0075,15.5079,22.4865,1.2636,2.5271,0.0268,0.6245,209.3568,11.3721,0.2409,22.4865
2021-03-18,7.47613224668777,18.2586805555556,-10.7825483088678,7.57333333333333,35.945,361.979583333333,99.5308333333333,1.87291666666667,0.01244625,0,0.048,8.5009,0,344.111,48.8749,6.88,0.0013,120.9013,0.2864,0.3414,0.0386,0.0077,15.4038,22.3356,1.277,2.5541,0.0271,0.633,207.9517,11.4934,0.2441,22.3356
2021-03-19,7.69113380351057,13.1706293706294,-5.47949556711883,7.63458333333333,252.09,319.74125,68.6820833333333,4.83166666666667,0.0193041666666667,0,0.0655,8.5001,0,344.118,49.0336,6.88,0.001,120.9013,0.2841,0.3367,0.0395,0.0079,15.2998,22.1846,1.2905,2.5811,0.0275,0.6414,206.5466,11.6148,0.2474,22.1846
2021-03-20,7.53336356985923,14.6667832097902,-7.13341963993097,4.6575,253.266666666667,253.029583333333,45.1325,1.63208333333333,0,0,0.0601,7.9448,0,348.8128,49.1923,6.88,7e-04,120.9013,0.2818,0.332,0.0404,0.0081,15.1957,22.0337,1.304,2.608,0.0278,0.6498,205.1415,11.7361,0.2506,22.0337
2021-03-21,7.75039967239962,13.2030281760563,-5.45262850365668,6.81166666666667,255.47625,259.975416666667,44.4433333333333,2.01208333333333,0,0,0.0564,8.379,0,345.1327,49.351,6.88,3e-04,120.9013,0.2795,0.3273,0.0412,0.0082,15.0916,21.8828,1.3175,2.635,0.0282,0.6582,203.7365,11.8574,0.2539,21.8828
2021-03-22,7.84184529061238,11.9778832262774,-4.13603793566502,9.33916666666667,252.191666666667,274.634166666667,43.2175,2.13708333333333,0,0,0.0609,9.0896,0,339.2536,49.5097,6.88,0,120.9013,0.2772,0.3226,0.0421,0.0084,14.9875,21.7319,1.331,2.6619,0.0286,0.6667,202.3314,11.9788,0.2571,21.7319
2021-03-23,8.10348773893634,16.0376388888889,-7.93415114995256,10.1983333333333,52.8695833333333,338.209583333333,76.89375,1.88291666666667,0.00228625,0,0.0673,9.5268,0,335.723,49.4335,6.88,3e-04,120.9013,0.2794,0.3329,0.0434,0.0087,14.8543,21.5387,1.3247,2.6494,0.0285,0.6655,200.5329,11.9222,0.2567,21.5387
2021-03-24,7.49738241783857,17.0893661690141,-9.59198375117553,12.1266666666667,97.8641666666667,378.885416666667,96.6904166666667,1.45583333333333,0.00203291666666667,0,0.0675,10.7486,0,326.1898,49.3573,6.88,7e-04,120.9013,0.2816,0.3432,0.0446,0.0089,14.7211,21.3455,1.3184,2.6368,0.0285,0.6644,198.7344,11.8657,0.2563,21.3455
2021-03-25,7.72449900749492,16.8613194444444,-9.13682043694948,12.5783333333333,53.84875,351.226666666667,98.04375,2.34458333333333,0.00457166666666667,0,0.0687,11.147,0,323.1844,49.2812,6.88,0.001,120.9013,0.2838,0.3535,0.0459,0.0092,14.5878,21.1524,1.3121,2.6242,0.0284,0.6632,196.9359,11.8091,0.2558,21.1524
2021-03-26,7.57482445458479,17.486013993007,-9.91118953842221,18.2129166666667,244.375,370.29125,68.8716666666667,2.85875,0.00685791666666667,0,0.0766,12.7517,0,311.5586,49.205,6.88,0.0014,120.9013,0.286,0.3639,0.0472,0.0094,14.4546,20.9592,1.3058,2.6117,0.0284,0.6621,195.1374,11.7526,0.2554,20.9592
2021-03-27,7.8080786726904,13.4685211197183,-5.6604424470279,13.0791666666667,126.097916666667,332.25375,71.9391666666667,2.39083333333333,0.00787375,0,0.0756,11.8186,0,318.2262,49.1288,6.88,0.0017,120.9013,0.2882,0.3742,0.0484,0.0097,14.3214,20.766,1.2996,2.5991,0.0283,0.6609,193.3389,11.696,0.2549,20.766
2021-03-28,7.87877872182328,18.8067605633803,-10.927981841557,14.02125,60.6520833333333,384.45625,92.8520833333333,2.11,0.0104145833333333,0,0.0868,12.0224,0,316.7487,49.0527,6.88,0.0021,120.9013,0.2905,0.3845,0.0497,0.0099,14.1882,20.5729,1.2933,2.5866,0.0283,0.6597,191.5404,11.6395,0.2545,20.5729
2021-03-29,8.0757227101418,15.4525,-7.3767772898582,8.085,270.18625,276.0925,39.4729166666667,3.16541666666667,0,0,0.0879,10.229,0,330.1855,48.9765,6.88,0.0024,120.9013,0.2927,0.3948,0.051,0.0102,14.055,20.3797,1.287,2.574,0.0282,0.6586,189.7419,11.5829,0.254,20.3797
2021-03-30,7.36326787967862,15.7895070422535,-8.42623916257488,10.5591666666667,265.5375,289.8825,54.8425,2.73375,0,0,0.0841,11.0827,0,323.666,48.9003,6.88,0.0027,120.9013,0.2949,0.4052,0.0522,0.0104,13.9217,20.1865,1.2807,2.5614,0.0282,0.6574,187.9434,11.5264,0.2536,20.1865
2021-03-31,7.66905568924819,16.0804895104895,-8.41143382124131,14.11625,52.1954166666667,362.285,82.84375,1.74875,0.0127008333333333,0,0.0901,11.7903,0,318.4326,48.8241,6.88,0.0031,120.9013,0.2971,0.4155,0.0535,0.0107,13.7885,19.9933,1.2744,2.5489,0.0281,0.6563,186.1449,11.4698,0.2531,19.9933
2021-04-01,7.45721705921163,15.2372027972028,-7.77998573799117,5.16,220.098333333333,306.631666666667,55.03375,5.19333333333333,0.0007625,0,0.092,9.1117,0,339.0737,48.748,6.88,0.0034,120.9013,0.2993,0.4258,0.0548,0.011,13.6553,19.8002,1.2681,2.5363,0.0281,0.6551,184.3464,11.4133,0.2527,19.8002
2021-04-02,7.70045769674117,16.2315972291667,-8.53113953242553,0.0770833333333333,284.5325,240.42875,43.7645833333333,5.20375,0,0,0.0862,7.8597,0,349.5421,48.6718,6.88,0.0038,120.9013,0.3016,0.4361,0.056,0.0112,13.5221,19.607,1.2619,2.5237,0.028,0.654,182.5479,11.3567,0.2522,19.607
2021-04-03,7.56225699228456,19.4367605633803,-11.8745035710957,5.04,274.730833333333,252.332083333333,33.4241666666667,2.56375,0,0,0.08,8.6579,0,342.8038,48.5956,6.88,0.0041,120.9013,0.3038,0.4465,0.0573,0.0115,13.3888,19.4138,1.2556,2.5112,0.028,0.6528,180.7494,11.3002,0.2518,19.4138
2021-04-04,7.77527444887743,14.7316083846154,-6.95633393573797,11.7558333333333,220.9975,294.615416666667,35.73,2.7725,0,0,0.0764,9.8,0,333.5491,48.5195,6.88,0.0044,120.9013,0.306,0.4568,0.0585,0.0117,13.2556,19.2206,1.2493,2.4986,0.0279,0.6517,178.9509,11.2436,0.2514,19.2206
2021-04-05,7.68217146038898,14.7040277847222,-7.02185632433322,14.6945833333333,267.487083333333,314.400833333333,45.0129166666667,2.2925,0,0,0.0723,11.3571,0,321.6188,48.4433,6.88,0.0048,120.9013,0.3082,0.4671,0.0598,0.012,13.1224,19.0275,1.243,2.486,0.0279,0.6505,177.1524,11.1871,0.2509,19.0275
2021-04-06,7.8875315856299,13.3813888958333,-5.4938573102034,16.8375,247.549166666667,329.711666666667,42.2508333333333,2.45625,0,0,0.0695,12.7764,0,311.3856,48.3671,6.88,0.0051,120.9013,0.3104,0.4774,0.0611,0.0122,12.9892,18.8343,1.2367,2.4735,0.0278,0.6493,175.3539,11.1305,0.2505,18.8343
2021-04-07,7.78916339618141,14.8382517552448,-7.04908835906339,17.4870833333333,238.625833333333,342.01125,48.5795833333333,2.56708333333333,0,0,0.0668,13.9924,0,303.0683,48.291,6.88,0.0055,120.9013,0.3126,0.4877,0.0623,0.0125,12.856,18.6411,1.2304,2.4609,0.0278,0.6482,173.5554,11.074,0.25,18.6411
2021-04-08,8.02151871924919,15.0953846223776,-7.07386590312841,16.8575,199.239583333333,352.7475,62.6325,2.59416666666667,0,0,0.0643,14.6518,0,298.7222,48.2148,6.88,0.0058,120.9013,0.3149,0.4981,0.0636,0.0127,12.7227,18.448,1.2242,2.4483,0.0277,0.647,171.7569,11.0175,0.2496,18.448
2021-04-09,7.87586903286665,16.3075,-8.43163096713335,15.3441666666667,88.2279166666667,390.716666666667,92.43875,1.59833333333333,0.00101583333333333,0,0.0636,14.3076,0,300.9767,48.1386,6.88,0.0062,120.9013,0.3171,0.5084,0.0649,0.013,12.5895,18.2548,1.2179,2.4358,0.0277,0.6459,169.9584,10.9609,0.2491,18.2548
2021-04-10,8.10921067240958,17.1978321678322,-9.08862149542262,13.9783333333333,91.5929166666667,383.440416666667,98.8470833333333,1.645,0.00660416666666667,0,0.0662,14.035,0,302.7841,48.0625,6.88,0.0065,120.9013,0.3193,0.5187,0.0661,0.0132,12.4563,18.0616,1.2116,2.4232,0.0276,0.6447,168.1599,10.9044,0.2487,18.0616
2021-04-11,7.94668484426821,16.4802097832168,-8.53352493894859,16.7108333333333,267.119166666667,358.1425,70.4958333333333,2.815,0.0111758333333333,0,0.079,14.6281,0,298.8761,47.9863,6.88,0.0068,120.9013,0.3215,0.529,0.0674,0.0135,12.3231,17.8684,1.2053,2.4106,0.0276,0.6436,166.3614,10.8478,0.2482,17.8684
2021-04-12,7.89192837051946,15.3123610972222,-7.42043272670274,14.7208333333333,253.774166666667,321.821666666667,52.3516666666667,2.895,0,0,0.0712,14.0425,0,302.7341,47.9101,6.88,0.0072,120.9013,0.3237,0.5394,0.0687,0.0137,12.1898,17.6753,1.199,2.3981,0.0275,0.6424,164.5629,10.7913,0.2478,17.6753
2021-04-13,7.93778127073731,13.7406293916084,-5.80284812087109,15.9916666666667,217.09875,326.62875,46.9608333333333,2.50791666666667,0,0,0.066,14.2234,0,301.5327,47.834,6.88,0.0075,120.9013,0.3259,0.5497,0.0699,0.014,12.0566,17.4821,1.1927,2.3855,0.0275,0.6412,162.7644,10.7347,0.2473,17.4821
2021-04-14,8.07950068201844,14.5566666666667,-6.47716598464826,15.6808333333333,167.499166666667,357.115416666667,58.6595833333333,1.9125,0.000254166666666667,0,0.0625,14.6559,0,298.6951,47.7578,6.88,0.0079,120.9013,0.3282,0.56,0.0712,0.0142,11.9234,17.2889,1.1865,2.3729,0.0274,0.6401,160.9659,10.6782,0.2469,17.2889
2021-04-15,8.18437202834242,14.3962937062937,-6.21192167795128,13.12375,199.120416666667,357.617083333333,68.14375,2.33,0.00431833333333333,0,0.0628,13.7456,0,304.7239,47.6816,6.88,0.0082,120.9013,0.3304,0.5703,0.0724,0.0145,11.7902,17.0958,1.1802,2.3604,0.0274,0.6389,159.1674,10.6216,0.2464,17.0958
2021-04-16,8.29862288997058,13.3239130507246,-5.02529016075402,10.2975,293.790416666667,287.639166666667,43.38125,2.52791666666667,0,0,0.0582,13.0408,0,309.5423,47.6054,6.88,0.0085,120.9013,0.3326,0.5806,0.0737,0.0147,11.657,16.9026,1.1739,2.3478,0.0273,0.6378,157.3689,10.5651,0.246,16.9026
2021-04-17,8.32057304609061,12.6643661971831,-4.34379315109249,10.7654166666667,175.93125,314.325833333333,52.0979166666667,2.26375,0,0,0.0536,12.336,0,314.4979,47.7007,6.88,0.0089,120.9013,0.3355,0.6278,0.0751,0.015,11.657,16.9026,1.173,2.346,0.0274,0.6385,157.3689,10.557,0.2463,16.9026
2021-04-18,8.40135038909006,11.8455944055944,-3.44424401650434,12.22375,229.71375,320.255833333333,51.9629166666667,2.03166666666667,0,0,0.0521,12.7982,0,311.2324,47.7959,6.88,0.0093,120.9013,0.3384,0.6749,0.0765,0.0153,11.657,16.9026,1.1721,2.3442,0.0274,0.6392,157.3689,10.549,0.2466,16.9026
2021-04-19,8.36284660103658,12.8513986083916,-4.48855200735502,12.5145833333333,176.182916666667,348.162916666667,61.9545833333333,1.68166666666667,0.00711208333333333,0,0.054,13.0204,0,309.6839,47.8911,6.88,0.0096,120.9013,0.3413,0.722,0.0779,0.0156,11.657,16.9026,1.1712,2.3424,0.0274,0.64,157.3689,10.5409,0.2468,16.9026
2021-04-20,8.46271027982078,13.8273426573427,-5.36463237752191,13.7720833333333,286.605,311.010416666667,52.0075,2.94541666666667,0,0,0.0522,13.7371,0,304.7815,47.9863,6.88,0.01,120.9013,0.3443,0.7691,0.0792,0.0158,11.657,16.9026,1.1703,2.3406,0.0275,0.6407,157.3689,10.5328,0.2471,16.9026
2021-04-21,8.48408259460596,12.2654545664336,-3.78137197182764,11.5795833333333,250.448333333333,325.4925,57.42,2.29083333333333,0,0,0.0504,12.5142,0,313.2322,48.0815,6.88,0.0103,120.9013,0.3472,0.8162,0.0806,0.0161,11.657,16.9026,1.1694,2.3388,0.0275,0.6414,157.3689,10.5248,0.2474,16.9026
2021-04-22,8.62679792327698,13.5991666666667,-4.97236874338972,4.61583333333333,213.9575,275.546666666667,45.3475,2.33333333333333,0,0,0.0469,9.9941,0,332.02,48.1767,6.88,0.0107,120.9013,0.3501,0.8633,0.082,0.0164,11.657,16.9026,1.1685,2.337,0.0275,0.6421,157.3689,10.5167,0.2477,16.9026
2021-04-23,8.63825301241824,14.6893055555556,-6.05105254313736,7.79833333333333,194.6725,288.002916666667,46.5041666666667,1.8475,0,0,0.0449,10.2125,0,330.3135,48.2719,6.88,0.0111,120.9013,0.353,0.9104,0.0834,0.0167,11.657,16.9026,1.1676,2.3353,0.0276,0.6429,157.3689,10.5087,0.248,16.9026
2021-04-24,8.6994189927786,15.1261805555556,-6.426761562777,8.00583333333333,50.54875,325.099166666667,72.585,1.81041666666667,0.01244625,0,0.0482,10.2736,0,329.8385,48.3671,6.88,0.0114,120.9013,0.3559,0.9576,0.0848,0.017,11.657,16.9026,1.1667,2.3335,0.0276,0.6436,157.3689,10.5006,0.2482,16.9026
2021-04-25,8.8582319699619,14.4997902097902,-5.6415582398283,11.10375,259.135416666667,352.9075,77.3420833333333,3.66708333333333,0.00304833333333333,0,0.0529,11.7584,0,318.6651,48.4623,6.88,0.0118,120.9013,0.3589,1.0047,0.0862,0.0172,11.657,16.9026,1.1658,2.3317,0.0276,0.6443,157.3689,10.4925,0.2485,16.9026
2021-04-26,9.02047401248724,15.0256589147287,-6.00518490224146,14.6729166666667,301.598333333333,310.255416666667,50.7954166666667,2.43208333333333,0,0,0.0501,12.8911,0,310.5831,48.5576,6.88,0.0121,120.9013,0.3618,1.0518,0.0876,0.0175,11.657,16.9026,1.1649,2.3299,0.0276,0.645,157.3689,10.4845,0.2488,16.9026
2021-04-27,8.8995786672138,13.8077083333333,-4.9081296661195,18.2170833333333,298.535,338.054583333333,54.8058333333333,2.28791666666667,0,0,0.0488,14.7789,0,297.8973,48.6528,6.88,0.0125,120.9013,0.3647,1.0989,0.0889,0.0178,11.657,16.9026,1.164,2.3281,0.0277,0.6458,157.3689,10.4764,0.2491,16.9026
2021-04-28,9.03716638489044,11.8170422605634,-2.77987587567296,22.4633333333333,272.92,379.263333333333,56.9595833333333,1.85916666666667,0,0,0.0476,16.4809,0,287.2296,48.748,6.88,0.0129,120.9013,0.3676,1.146,0.0903,0.0181,11.657,16.9026,1.1632,2.3263,0.0277,0.6465,157.3689,10.4684,0.2494,16.9026
2021-04-29,9.13299366614535,10.2599295774648,-1.12693591131945,22.8658333333333,181.135833333333,406.838333333333,57.63875,2.04208333333333,0,0,0.0463,17.0839,0,283.6133,48.8432,6.88,0.0132,120.9013,0.3705,1.1931,0.0917,0.0183,11.657,16.9026,1.1623,2.3245,0.0277,0.6472,157.3689,10.4603,0.2496,16.9026
2021-04-30,9.33969778854617,10.1181944583333,-0.778496669787131,18.0770833333333,315.564166666667,344.28,47.8804166666667,3.63875,0,0,0.044,15.0197,0,296.3452,48.9384,6.88,0.0136,120.9013,0.3734,1.2402,0.0931,0.0186,11.657,16.9026,1.1614,2.3227,0.0278,0.6479,157.3689,10.4522,0.2499,16.9026
2021-05-01,9.44598687232771,9.91062500694444,-0.464638134616729,13.65875,320.59375,295.534583333333,31.2933333333333,3.61125,0,0,0.0406,13.1795,0,308.5838,49.0336,6.88,0.0139,120.9013,0.3764,1.2874,0.0945,0.0189,11.657,16.9026,1.1605,2.3209,0.0278,0.6487,157.3689,10.4442,0.2502,16.9026
2021-05-02,9.628875377635,9.35580418881119,0.273071188823808,18.0970833333333,276.069166666667,341.22625,36.69125,2.33958333333333,0,0,0.0396,14.6995,0,298.412,49.1288,6.88,0.0143,120.9013,0.3793,1.3345,0.0959,0.0192,11.657,16.9026,1.1596,2.3191,0.0278,0.6494,157.3689,10.4361,0.2505,16.9026
2021-05-03,8.79916077944032,10.8464583472222,-2.04729756778188,18.3808333333333,70.1141666666667,406.452916666667,87.1429166666667,1.85416666666667,0.00330333333333333,0,0.0416,15.5875,0,292.7424,49.224,6.88,0.0147,120.9013,0.3822,1.3816,0.0973,0.0195,11.657,16.9026,1.1587,2.3173,0.0279,0.6501,157.3689,10.4281,0.2508,16.9026
2021-05-04,8.91822188828476,10.3664583194444,-1.44823643115964,19.91875,199.8675,387.985416666667,89.2808333333333,1.73208333333333,0.001525,0,0.0527,16.368,0,287.9161,49.3192,6.88,0.015,120.9013,0.3851,1.4287,0.0986,0.0197,11.657,16.9026,1.1578,2.3156,0.0279,0.6508,157.3689,10.42,0.251,16.9026
2021-05-05,8.79659611808971,10.1796478802817,-1.38305176219199,19.42375,243.07,385.379166666667,75.6329166666667,2.27875,0.000508333333333333,0,0.0531,16.4696,0,287.2985,49.4145,6.88,0.0154,120.9013,0.388,1.4758,0.1,0.02,11.657,16.9026,1.1569,2.3138,0.0279,0.6516,157.3689,10.4119,0.2513,16.9026
2021-05-06,8.97926467523046,7.88977441353383,1.08949026169663,12.9425,314.726666666667,311.017916666667,53.6695833333333,2.64041666666667,0.000254166666666667,0,0.0478,14.4119,0,300.2905,49.5097,6.88,0.0157,120.9013,0.3909,1.5229,0.1014,0.0203,11.657,16.9026,1.156,2.312,0.028,0.6523,157.3689,10.4039,0.2516,16.9026
2021-05-07,9.05374434308172,7.6764583125,1.37728603058172,10.4354166666667,169.139166666667,328.046666666667,70.9795833333333,1.94958333333333,0,0,0.0459,13.343,0,307.4599,50.0386,6.88,0.0163,120.9013,0.3939,1.57,0.1028,0.0206,11.4719,16.6343,1.1766,2.3532,0.0281,0.6566,154.8709,10.5896,0.2533,16.6343
2021-05-08,8.862766983516,6.88601398601399,1.97675299750201,11.0483333333333,331.8425,304.195833333333,52.9770833333333,2.67083333333333,0.000254166666666667,0,0.0437,12.9203,0,310.3798,50.5676,6.88,0.0168,120.9013,0.3968,1.6171,0.1042,0.0208,11.2869,16.366,1.1973,2.3945,0.0283,0.6609,152.373,10.7753,0.2549,16.366
2021-05-09,9.30870964539556,6.62545453846154,2.68325510693402,12.9729166666667,254.93,339.115,54.2095833333333,2.88291666666667,0,0,0.0421,13.4617,0,306.6491,51.0965,6.88,0.0173,120.9013,0.3997,1.6643,0.1056,0.0211,11.1019,16.0977,1.2179,2.4358,0.0285,0.6652,149.8751,10.961,0.2566,16.0977
2021-05-10,9.38967860901383,5.87298610416667,3.51669250484716,17.5945833333333,222.475,371.0975,63.2816666666667,2.66166666666667,0,0,0.0408,14.6698,0,298.605,51.6255,6.88,0.0179,120.9013,0.4026,1.7114,0.107,0.0214,10.9168,15.8294,1.2385,2.477,0.0287,0.6695,147.3772,11.1467,0.2582,15.8294
2021-05-11,9.40990405492435,6.08951048951049,3.32039356541386,13.91125,271.218333333333,350.62875,57.325,1.93541666666667,0,0,0.0384,13.8267,0,304.1784,52.1544,6.88,0.0184,120.9013,0.4055,1.7585,0.1083,0.0217,10.7318,15.5611,1.2591,2.5183,0.0289,0.6738,144.8793,11.3323,0.2599,15.5611
2021-05-12,9.45731048782314,5.24573426573427,4.21157622208887,11.4558333333333,158.880416666667,335.356666666667,46.0470833333333,3.04291666666667,0,0,0.0367,12.2333,0,315.2318,52.6834,6.88,0.0189,120.9013,0.4084,1.8056,0.1097,0.0219,10.5468,15.2928,1.2798,2.5596,0.0291,0.6781,142.3813,11.518,0.2616,15.2928
2021-05-13,9.52350510160473,5.77573426573427,3.74777083587046,10.8341666666667,289.021666666667,301.91625,63.005,2.53,0,0,0.035,12.3241,0,314.5833,53.2123,6.88,0.0194,120.9013,0.4114,1.8527,0.1111,0.0222,10.3617,15.0245,1.3004,2.6008,0.0292,0.6824,139.8834,11.7037,0.2632,15.0245
2021-05-14,9.67426769725695,5.84288732394366,3.83138037331329,13.3133333333333,221.862083333333,331.679583333333,52.2129166666667,1.49666666666667,0,0,0.0331,12.7219,0,311.7677,53.7413,6.88,0.02,120.9013,0.4143,1.8998,0.1125,0.0225,10.1767,14.7562,1.321,2.6421,0.0294,0.6867,137.3855,11.8894,0.2649,14.7562
2021-05-15,9.77498389159469,5.19604166666667,4.57894222492802,13.4283333333333,303.91,314.445833333333,56.37375,2.15166666666667,0,0,0.0317,13.0172,0,309.7063,54.2702,6.88,0.0205,120.9013,0.4172,1.9469,0.1139,0.0228,9.9917,14.4879,1.3417,2.6834,0.0296,0.691,134.8876,12.0751,0.2665,14.4879
2021-05-16,10.0358166943664,6.61020979020979,3.42560690415657,12.94375,80.74375,365.294583333333,76.2025,1.26583333333333,0.000254166666666667,0,0.0309,13.0647,0,309.377,54.7992,6.88,0.021,120.9013,0.4201,1.9941,0.1153,0.0231,9.8066,14.2196,1.3623,2.7246,0.0298,0.6953,132.3897,12.2608,0.2682,14.2196
2021-05-17,10.0466674906902,7.27791666666667,2.7687508240235,13.8458333333333,103.083333333333,380.162916666667,87.4391666666667,1.02583333333333,0,0,0.0305,13.3327,0,307.5305,55.3281,6.88,0.0215,120.9013,0.423,2.0412,0.1167,0.0233,9.6216,13.9513,1.3829,2.7659,0.03,0.6996,129.8918,12.4465,0.2699,13.9513
2021-05-18,10.3070543772756,6.54384613986014,3.7632082374155,15.2195833333333,202.347916666667,378.999166666667,85.8116666666667,1.51375,0,0,0.0299,13.9266,0,303.5084,55.8571,6.88,0.0221,120.9013,0.426,2.0883,0.118,0.0236,9.4366,13.683,1.4036,2.8072,0.0302,0.7039,127.3938,12.6322,0.2715,13.683
2021-05-19,10.2675174181187,5.59014084507042,4.67737657304826,17.4108333333333,294.013333333333,352.830416666667,77.3875,1.605,0,0,0.0293,14.8205,0,297.6277,56.386,6.88,0.0226,120.9013,0.4289,2.1354,0.1194,0.0239,9.2515,13.4147,1.4242,2.8484,0.0304,0.7082,124.8959,12.8179,0.2732,13.4147
2021-05-20,10.290872987868,5.80673611805556,4.48413686981249,18.89375,327.0625,346.5825,67.7529166666667,2.02958333333333,0,0,0.0278,15.5302,0,293.1024,56.915,6.88,0.0231,120.9013,0.4318,2.1825,0.1208,0.0242,9.0665,13.1465,1.4448,2.8897,0.0305,0.7125,122.398,13.0036,0.2748,13.1465
2021-05-21,10.1121702272585,4.97597222222222,5.13619800503629,19.9675,321.27125,355.054583333333,60.41,1.70666666666667,0,0,0.0262,15.9675,0,290.3748,57.4439,6.88,0.0237,120.9013,0.4347,2.2296,0.1222,0.0244,8.8815,12.8782,1.4655,2.9309,0.0307,0.7169,119.9001,13.1893,0.2765,12.8782
2021-05-22,10.1830332325269,4.80111111111111,5.38192212141576,20.1520833333333,245.390833333333,366.75625,66.2545833333333,2.14416666666667,0,0,0.0249,16.1788,0,289.0733,57.9729,6.88,0.0242,120.9013,0.4376,2.2767,0.1236,0.0247,8.6965,12.6099,1.4861,2.9722,0.0309,0.7212,117.4022,13.3749,0.2782,12.6099
2021-05-23,10.0165673473371,4.69826388888889,5.31830345844816,24.0908333333333,264.057916666667,396.904166666667,50.8395833333333,2.94375,0,0,0.0233,17.1884,0,282.9943,58.5018,6.88,0.0247,120.9013,0.4405,2.3239,0.125,0.025,8.5114,12.3416,1.5067,3.0135,0.0311,0.7255,114.9042,13.5606,0.2798,12.3416
2021-05-24,9.08733101109387,6.37638297163121,2.71094803946266,23.4195833333333,139.889166666667,400.522916666667,64.4645833333333,2.76916666666667,0,0,0.0215,17.1045,0,283.491,59.0308,6.88,0.0252,120.9013,0.4435,2.371,0.1264,0.0253,8.3264,12.0733,1.5274,3.0547,0.0313,0.7298,112.4063,13.7463,0.2815,12.0733
2021-05-25,9.15620939481926,8.33734267832168,0.818866716497579,20.2766666666667,190.922083333333,411.207083333333,90.555,1.635,0,0,0.0203,16.937,0,284.4867,59.5748,6.88,0.0234,120.9013,0.4355,2.3491,0.1294,0.0259,8.2669,11.987,1.498,2.9959,0.0307,0.7175,111.6034,13.4817,0.2767,11.987
2021-05-26,9.22079085511162,11.171958020979,-1.95116716586738,24.0483333333333,249.947916666667,410.80375,74.4429166666667,1.44291666666667,0,0,0.0197,17.749,0,279.7174,60.1189,6.88,0.0216,120.9013,0.4276,2.3272,0.1324,0.0265,8.2074,11.9008,1.4686,2.9371,0.0302,0.7052,110.8005,13.2171,0.272,11.9008
2021-05-27,9.35746398415695,13.8664084507042,-4.50894446654725,23.33375,255.65875,391.03875,58.2866666666667,2.06083333333333,0,0,0.0183,17.6639,0,280.2105,60.6629,6.88,0.0198,120.9013,0.4197,2.3053,0.1354,0.0271,8.148,11.8146,1.4392,2.8783,0.0297,0.6929,109.9976,12.9524,0.2673,11.8146
2021-05-28,9.51644676673945,17.6240277777778,-8.10758101103835,20.1775,167.839166666667,401.457083333333,84.2183333333333,1.63583333333333,0,0,0.0204,16.9974,0,284.1269,61.207,6.88,0.018,120.9013,0.4118,2.2834,0.1384,0.0277,8.0885,11.7283,1.4098,2.8195,0.0292,0.6807,109.1947,12.6878,0.2625,11.7283
2021-05-29,9.50533075210665,19.7009090909091,-10.1955783388024,17.5566666666667,89.0508333333333,410.951666666667,93.9904166666667,1.96083333333333,0,0,0.0246,15.7741,0,291.5757,61.7511,6.88,0.0162,120.9013,0.4039,2.2615,0.1414,0.0283,8.029,11.6421,1.3804,2.7607,0.0286,0.6684,108.3918,12.4232,0.2578,11.6421
2021-05-30,9.73345820850026,14.92875,-5.19529179149974,11.7354166666667,184.01,373.421666666667,88.65625,2.27333333333333,0,0,0.0262,13.4747,0,306.5603,62.2951,6.88,0.0144,120.9013,0.3959,2.2396,0.1444,0.0289,7.9695,11.5558,1.3509,2.7019,0.0281,0.6561,107.5889,12.1585,0.2531,11.5558
2021-05-31,9.5819564434184,17.4546043165468,-7.8726478731284,14.725,300.963333333333,337.10625,74.6241666666667,2.07166666666667,0,0,0.0223,14.0453,0,302.7153,62.8392,6.88,0.0126,120.9013,0.388,2.2177,0.1474,0.0295,7.9101,11.4696,1.3215,2.6431,0.0276,0.6438,106.786,11.8939,0.2483,11.4696
2021-06-01,9.77604083900403,16.7963194444444,-7.02027860544037,17.1816666666667,256.2125,350.14,78.7595833333333,1.35958333333333,0,0,0.0198,14.9254,0,296.951,63.3833,6.88,0.0108,120.9013,0.3801,2.1959,0.1504,0.0301,7.8506,11.3834,1.2921,2.5843,0.0271,0.6315,105.9831,11.6293,0.2436,11.3834
2021-06-02,9.56242023545847,18.0561805555556,-8.49376032009713,19.6633333333333,217.642916666667,385.108333333333,76.1691666666667,1.63916666666667,0,0,0.0187,15.9315,0,290.5979,63.9273,6.88,0.009,120.9013,0.3722,2.174,0.1534,0.0307,7.7911,11.2971,1.2627,2.5255,0.0265,0.6193,105.1802,11.3646,0.2389,11.2971
2021-06-03,9.63101361684527,15.8431654676259,-6.21215185078063,21.2770833333333,215.983333333333,409.69625,82.18875,1.7125,0,0,0.0183,16.7761,0,285.4487,64.4714,6.88,0.0072,120.9013,0.3643,2.1521,0.1564,0.0313,7.7317,11.2109,1.2333,2.4667,0.026,0.607,104.3773,11.1,0.2341,11.2109
2021-06-04,9.6005075764279,12.6002777847222,-2.9997702082943,22.17,303.462083333333,394.26,73.49125,1.85125,0,0,0.0176,17.2428,0,282.6734,65.0154,6.88,0.0054,120.9013,0.3564,2.1302,0.1594,0.0319,7.6722,11.1247,1.2039,2.4079,0.0255,0.5947,103.5744,10.8354,0.2294,11.1247
2021-06-05,9.66998596991252,10.5593706293706,-0.889384659458079,22.7916666666667,323.265416666667,375.053333333333,60.59875,2.69583333333333,0,0,0.0168,17.5733,0,280.7368,65.5595,6.88,0.0036,120.9013,0.3484,2.1083,0.1625,0.0325,7.6127,11.0384,1.1745,2.349,0.025,0.5824,102.7715,10.5707,0.2247,11.0384
2021-06-06,9.9364630290531,7.38496504895105,2.55149798010205,24.4204166666667,282.36875,406.155833333333,72.0166666666667,1.26083333333333,0,0,0.0162,18.4627,0,275.6417,66.1036,6.88,0.0018,120.9013,0.3405,2.0864,0.1655,0.0331,7.5532,10.9522,1.1451,2.2902,0.0244,0.5702,101.9686,10.3061,0.2199,10.9522
2021-06-07,10.1717290339896,5.44475,4.72697903398965,23.6575,200.952916666667,425.90875,88.3708333333333,1.395,0,0,0.0167,18.5193,0,275.3232,66.6476,6.88,0,120.9013,0.3326,2.0645,0.1685,0.0337,7.4938,10.8659,1.1157,2.2314,0.0239,0.5579,101.1657,10.0415,0.2152,10.8659
2021-06-08,10.0482244338032,4.80590278472222,5.24232164908097,23.1079166666667,273.4,424.004166666667,87.84,1.61166666666667,0,0,0.0207,18.5433,0,275.188,65.9675,6.88,0,120.9013,0.3326,2.0922,0.1677,0.0335,7.3748,10.6935,1.1075,2.2149,0.0236,0.5515,99.5599,9.9671,0.2127,10.6935
2021-06-09,10.1964685414558,3.34545454545455,6.85101399600123,23.1183333333333,186.940833333333,430.499166666667,89.8770833333333,1.67541666666667,0,0,0.0234,18.2574,0,276.8032,65.2875,6.88,0,120.9013,0.3326,2.1198,0.167,0.0334,7.2559,10.521,1.0992,2.1984,0.0234,0.5451,97.9541,9.8928,0.2102,10.521
2021-06-10,10.0486668433137,2.41840277777778,7.63026406553596,22.7679166666667,163.837916666667,437.345833333333,96.0229166666667,0.970416666666667,0,0,0.0254,18.2378,0,276.9144,64.6074,6.88,0,120.9013,0.3326,2.1475,0.1662,0.0332,7.1369,10.3485,1.0909,2.1819,0.0231,0.5386,96.3483,9.8185,0.2078,10.3485
2021-06-11,10.2015877860845,2.28223776223776,7.91935002384671,22.5766666666667,147.453333333333,441.897083333333,94.7704166666667,1.24291666666667,0,0,0.0331,18.652,0,274.5787,63.9273,6.88,0,120.9013,0.3326,2.1751,0.1655,0.0331,7.018,10.176,1.0827,2.1654,0.0228,0.5322,94.7425,9.7442,0.2053,10.176
2021-06-12,10.023754117679,1.48755244755245,8.53620167012653,21.315,200.993333333333,424.437083333333,93.10875,1.66041666666667,0.000508333333333333,0,0.0441,19.8065,0,268.2499,63.2472,6.88,0,120.9013,0.3326,2.2028,0.1647,0.0329,6.899,10.0036,1.0744,2.1489,0.0225,0.5258,93.1367,9.6699,0.2028,10.0036
2021-06-13,10.0974151819903,1.49194444444444,8.60547073754584,21.55875,243.78875,416.583333333333,90.67375,1.51583333333333,0.00177916666666667,0,0.0454,20.2236,0,266.0265,62.5672,6.88,0,120.9013,0.3326,2.2304,0.164,0.0328,6.7801,9.8311,1.0662,2.1324,0.0223,0.5194,91.5309,9.5956,0.2003,9.8311
2021-06-14,9.99035529490513,1.71867132867133,8.2716839662338,22.42125,309.571666666667,394.4425,80.6841666666667,1.96791666666667,0.00177916666666667,0,0.0486,20.631,0,263.8867,61.8871,6.88,0,120.9013,0.3326,2.2581,0.1632,0.0326,6.6611,9.6586,1.0579,2.1158,0.022,0.513,89.9251,9.5213,0.1979,9.6586
2021-06-15,10.1143752816009,1.52493975903614,8.5894355225648,22.1875,278.709166666667,370.224583333333,69.6483333333333,3.17791666666667,0.00127083333333333,0,0.0427,20.2341,0,265.9714,61.207,6.88,0,120.9013,0.3326,2.2857,0.1625,0.0325,6.5422,9.4861,1.0497,2.0993,0.0217,0.5066,88.3193,9.447,0.1954,9.4861
2021-06-16,10.3125449137277,1.81104827473158,8.50149663899612,20.6166666666667,342.985416666667,347.2225,51.0666666666667,2.52916666666667,0,0,0.0381,18.9096,0,273.1435,60.5269,6.88,0,120.9013,0.3326,2.3134,0.1617,0.0323,6.4232,9.3137,1.0414,2.0828,0.0214,0.5001,86.7135,9.3727,0.1929,9.3137
2021-06-17,10.4620363652821,2.09715679042701,8.36487957485507,19.175,339.75,332.260833333333,49.0575,3.15583333333333,0,0,0.0335,18.1256,0,277.5532,59.8468,6.88,0,120.9013,0.3326,2.341,0.161,0.0322,6.3043,9.1412,1.0332,2.0663,0.0212,0.4937,85.1076,9.2984,0.1904,9.1412
2021-06-18,10.3432350860225,2.38326530612245,7.95996977990007,20.3679166666667,312.583333333333,355.47875,67.6075,1.81791666666667,0,0,0.0291,18.5383,0,275.2161,59.1668,6.88,0,120.9013,0.3326,2.3687,0.1602,0.032,6.1853,8.9687,1.0249,2.0498,0.0209,0.4873,83.5018,9.2241,0.188,8.9687
2021-06-19,10.4126708291193,2.03902777777778,8.37364305134154,25.3433333333333,262.534166666667,403.40625,62.9291666666667,1.82583333333333,0,0,0.0261,19.8384,0,268.0783,58.4867,6.88,0,120.9013,0.3326,2.3963,0.1594,0.0319,6.0664,8.7962,1.0166,2.0333,0.0206,0.4809,81.896,9.1497,0.1855,8.7962
2021-06-20,10.341670237683,3.05909722222222,7.28257301546076,24.19125,217.709583333333,396.973333333333,79.61875,1.36208333333333,0,0,0.0233,19.8075,0,268.2443,57.8066,6.88,0,120.9013,0.3326,2.424,0.1587,0.0317,5.9474,8.6238,1.0084,2.0168,0.0203,0.4745,80.2902,9.0754,0.183,8.6238
2021-06-21,10.4566080293087,4.10842856428571,6.34817946502295,25.9695833333333,276.922083333333,407.434583333333,76.62875,1.82583333333333,0.000762083333333333,0,0.0212,20.3832,0,265.1846,57.1265,6.88,0,120.9013,0.3326,2.4516,0.1579,0.0316,5.8285,8.4513,1.0001,2.0003,0.0201,0.4681,78.6844,9.0011,0.1805,8.4513
2021-06-22,10.4879088438938,4.26753521126761,6.22037363262618,22.86,172.865416666667,396.10375,78.4095833333333,2.58875,0.0121920833333333,0,0.0222,18.5639,0,275.0727,57.3986,6.88,3e-04,120.9013,0.3458,2.4793,0.1599,0.032,5.9078,8.5663,1.0174,2.0348,0.0203,0.4747,79.755,9.1567,0.1831,8.5663
2021-06-23,10.6426100858338,3.23538462237762,7.40722546345623,17.36,253.649166666667,348.594583333333,74.29375,2.15916666666667,0,0,0.0189,16.509,0,287.0597,57.6706,6.88,7e-04,120.9013,0.359,2.5069,0.162,0.0324,5.9871,8.6813,1.0347,2.0694,0.0206,0.4814,80.8255,9.3123,0.1857,8.6813
2021-06-24,10.1609515939781,3.19992957746479,6.96102201651327,18.395,228.707083333333,368.425416666667,66.2154166666667,1.15833333333333,0,0,0.0159,16.2143,0,288.8555,57.9426,6.88,0.001,120.9013,0.3722,2.5346,0.164,0.0328,6.0664,8.7962,1.052,2.104,0.0209,0.4881,81.896,9.4679,0.1883,8.7962
2021-06-25,10.3066650209952,3.57,6.73666502099522,19.1820833333333,323.54875,353.933333333333,71.3295833333333,1.4975,0,0,0.0148,16.7661,0,285.5087,58.2147,6.88,0.0014,120.9013,0.3854,2.5622,0.166,0.0332,6.1457,8.9112,1.0693,2.1386,0.0212,0.4947,82.9666,9.6235,0.1908,8.9112
2021-06-26,10.3772076073232,4.00838027464789,6.3688273326753,23.175,275.246666666667,400.827916666667,74.5525,1.31208333333333,0,0,0.0141,18.4329,0,275.8097,58.4867,6.88,0.0017,120.9013,0.3986,2.5899,0.168,0.0336,6.225,9.0262,1.0866,2.1731,0.0215,0.5014,84.0371,9.7791,0.1934,9.0262
2021-06-27,10.4986549702013,6.39293706293706,4.10571790726421,24.3770833333333,212.36625,411.855,85.82875,1.37875,0.0147320833333333,0,0.016,19.1099,0,272.0368,58.7587,6.88,0.0021,120.9013,0.4118,2.6175,0.17,0.034,6.3043,9.1412,1.1039,2.2077,0.0218,0.5081,85.1076,9.9347,0.196,9.1412
2021-06-28,10.5967554371118,4.83889705882353,5.75785837828825,25.2604166666667,258.228333333333,434.140416666667,85.93875,1.33833333333333,0.000254166666666667,0,0.0156,19.5496,0,269.6354,59.0308,6.88,0.0024,120.9013,0.425,2.6452,0.172,0.0344,6.3836,9.2562,1.1211,2.2423,0.0221,0.5147,86.1782,10.0903,0.1985,9.2562
2021-06-29,10.710858620973,5.35048610416667,5.36037251680631,24.7354166666667,299.032083333333,399.847083333333,79.8554166666667,1.4825,0,0,0.014,20.0401,0,267.0006,59.3028,6.88,0.0028,120.9013,0.4382,2.6728,0.174,0.0348,6.4629,9.3712,1.1384,2.2769,0.0223,0.5214,87.2487,10.2458,0.2011,9.3712
2021-06-30,9.7038219360187,5.87090278472222,3.83291915129648,25.2695833333333,278.6925,405.300833333333,79.8220833333333,1.46458333333333,0,0,0.0137,20.3693,0,265.2581,59.5748,6.88,0.0031,120.9013,0.4514,2.7005,0.176,0.0352,6.5422,9.4861,1.1557,2.3114,0.0226,0.5281,88.3193,10.4014,0.2037,9.4861
2021-07-01,9.61519333239056,4.91922535211268,4.69596798027788,24.7920833333333,156.660416666667,424.687916666667,81.7179166666667,1.96875,0.01397,0,0.0157,19.9153,0,267.6666,59.8468,6.88,0.0034,120.9013,0.4646,2.7281,0.178,0.0356,6.6215,9.6011,1.173,2.346,0.0229,0.5347,89.3898,10.557,0.2063,9.6011
2021-07-02,9.83604164441861,5.7897916875,4.04624995691861,22.6933333333333,214.796666666667,416.064166666667,83.1570833333333,1.73208333333333,0.0104145833333333,0,0.0173,18.6321,0,274.6901,60.1189,6.88,0.0038,120.9013,0.4778,2.7558,0.18,0.036,6.7008,9.7161,1.1903,2.3806,0.0232,0.5414,90.4603,10.7126,0.2088,9.7161
2021-07-03,9.78284225395206,5.9178169084507,3.86502534550136,20.7225,298.20375,350.570833333333,60.6666666666667,3.56,0,0,0.0136,17.21,0,282.867,60.3909,6.88,0.0041,120.9013,0.491,2.7834,0.182,0.0364,6.7801,9.8311,1.2076,2.4152,0.0235,0.5481,91.5309,10.8682,0.2114,9.8311
2021-07-04,9.86982822729596,4.94472221527778,4.92510601201818,22.0908333333333,300.820416666667,364.87,64.5204166666667,1.91291666666667,0,0,0.0131,17.8388,0,279.1987,60.6629,6.88,0.0045,120.9013,0.5042,2.8111,0.184,0.0368,6.8594,9.9461,1.2249,2.4497,0.0238,0.5548,92.6014,11.0238,0.214,9.9461
2021-07-05,9.89356178070392,5.71819445138889,4.17536732931503,24.49125,294.388333333333,388.416666666667,76.2829166666667,1.79708333333333,0,0,0.0129,19.1297,0,271.9279,60.935,6.88,0.0048,120.9013,0.5174,2.8387,0.186,0.0372,6.9387,10.0611,1.2422,2.4843,0.0241,0.5614,93.6719,11.1794,0.2165,10.0611
2021-07-06,10.1563398610356,5.69377623076923,4.46256363026633,25.5725,303.245,394.169583333333,73.21125,1.68291666666667,0,0,0.0127,19.8832,0,267.8382,61.207,6.88,0.0052,120.9013,0.5306,2.8664,0.188,0.0376,7.018,10.176,1.2594,2.5189,0.0243,0.5681,94.7425,11.335,0.2191,10.176
2021-07-07,10.374108362582,5.05985915492958,5.31424920765244,25.59625,233.47,408.402083333333,74.6804166666667,1.69,0,0,0.0126,20.147,0,266.4326,61.479,6.88,0.0055,120.9013,0.5438,2.894,0.19,0.038,7.0973,10.291,1.2767,2.5535,0.0246,0.5748,95.813,11.4905,0.2217,10.291
2021-07-08,10.3479955043696,5.20090909090909,5.14708641346055,23.7691666666667,119.617916666667,423.270416666667,88.2129166666667,1.79875,0.00152375,0,0.013,19.3927,0,270.4879,61.7511,6.88,0.0059,120.9013,0.557,2.9217,0.192,0.0384,7.1766,10.406,1.294,2.588,0.0249,0.5814,96.8835,11.6461,0.2243,10.406
2021-07-09,10.4504243133633,6.07451388888889,4.37591042447442,23.85875,205.953333333333,400.80375,82.28625,2.05625,0,0,0.0129,19.7336,0,268.6413,62.0231,6.88,0.0062,120.9013,0.5702,2.9493,0.194,0.0388,7.2559,10.521,1.3113,2.6226,0.0252,0.5881,97.9541,11.8017,0.2268,10.521
2021-07-10,10.5830669880215,8.06812500694445,2.51494198107707,24.1329166666667,266.42375,394.16375,78.7179166666667,2.25708333333333,0.00228625,0,0.0123,19.6222,0,269.2425,62.2951,6.88,0.0065,120.9013,0.5834,2.977,0.196,0.0392,7.3352,10.636,1.3286,2.6572,0.0255,0.5948,99.0246,11.9573,0.2294,10.636
2021-07-11,10.6749121977783,8.78048613194444,1.8944260658339,24.01625,283.1525,425.327083333333,87.4183333333333,1.8475,0.000254166666666667,0,0.0127,20.0649,0,266.8687,62.5672,6.88,0.0069,120.9013,0.5966,3.0046,0.1981,0.0396,7.4145,10.751,1.3459,2.6918,0.0258,0.6014,100.0952,12.1129,0.232,10.751
2021-07-12,10.9145022471331,10.0224647957746,0.892037451358544,25.4795833333333,226.351666666667,418.235416666667,81.94,1.35708333333333,0,0,0.0121,20.7158,0,263.4452,62.8392,6.88,0.0072,120.9013,0.6098,3.0323,0.2001,0.04,7.4938,10.8659,1.3632,2.7263,0.0261,0.6081,101.1657,12.2685,0.2346,10.8659
2021-07-13,11.2667613724735,10.3323776083916,0.934383764081947,25.3245833333333,281.862916666667,401.127083333333,77.1745833333333,1.92458333333333,0,0,0.0117,20.873,0,262.6302,63.4739,6.88,0.0064,120.9013,0.579,2.9803,0.2036,0.0407,7.4938,10.8659,1.3198,2.6396,0.0257,0.5986,101.1657,11.8782,0.2309,10.8659
2021-07-14,11.5688087512444,7.97034719444444,3.59846155679997,24.67875,238.8225,410.635,80.6766666666667,1.64833333333333,0.00558791666666667,0,0.0125,20.5255,0,264.438,64.1087,6.88,0.0056,120.9013,0.5482,2.9283,0.2071,0.0414,7.4938,10.8659,1.2764,2.5529,0.0252,0.5891,101.1657,11.4879,0.2272,10.8659
2021-07-15,12.2550939557852,8.03763888888889,4.21745506689629,24.62625,248.57125,406.277083333333,84.915,1.47333333333333,0.000507916666666667,0,0.012,20.5082,0,264.5285,64.7434,6.88,0.0048,120.9013,0.5174,2.8763,0.2106,0.0421,7.4938,10.8659,1.2331,2.4661,0.0248,0.5796,101.1657,11.0976,0.2236,10.8659
2021-07-16,12.2531228242935,8.29409722222222,3.95902560207132,25.40125,234.135833333333,405.627916666667,76.85125,1.84333333333333,0,0,0.0117,20.7339,0,263.3515,65.3781,6.88,0.004,120.9013,0.4866,2.8244,0.2141,0.0428,7.4938,10.8659,1.1897,2.3794,0.0244,0.5701,101.1657,10.7073,0.2199,10.8659
2021-07-17,12.3230872836052,9.43809859859155,2.88498868501369,25.2241666666667,196.484583333333,412.742083333333,84.01375,1.88833333333333,0.00736583333333333,0,0.0132,20.7514,0,263.2606,66.0129,6.88,0.0032,120.9013,0.4558,2.7724,0.2176,0.0435,7.4938,10.8659,1.1463,2.2927,0.024,0.5607,101.1657,10.317,0.2163,10.8659
2021-07-18,12.2924942577405,12.0139160909091,0.278578166831368,25.1291666666667,260.806666666667,418.02125,78.58,2.32166666666667,0,0,0.0119,20.4088,0,265.0504,66.6476,6.88,0.0024,120.9013,0.425,2.7204,0.2211,0.0442,7.4938,10.8659,1.103,2.2059,0.0236,0.5512,101.1657,9.9267,0.2126,10.8659
2021-07-19,12.4825434144022,12.4395833125,0.0429601019021835,23.5620833333333,238.164166666667,411.303333333333,79.505,1.48291666666667,0.000254166666666667,0,0.0112,19.9154,0,267.666,67.2824,6.88,0.0016,120.9013,0.3942,2.6685,0.2246,0.0449,7.4938,10.8659,1.0596,2.1192,0.0232,0.5417,101.1657,9.5363,0.2089,10.8659
2021-07-20,12.2571185074635,13.9581944444444,-1.70107593698085,22.88,201.156666666667,383.117083333333,83.8770833333333,1.85916666666667,0,0,0.011,19.5384,0,269.6958,67.9171,6.88,8e-04,120.9013,0.3634,2.6165,0.2281,0.0456,7.4938,10.8659,1.0162,2.0325,0.0228,0.5322,101.1657,9.146,0.2053,10.8659
2021-07-21,12.1672727095352,15.515,-3.34772729046475,25.1529166666667,264.638333333333,389.52125,70.9004166666667,2.16083333333333,0,0,0.011,19.465,0,270.0947,68.5518,6.88,0,120.9013,0.3326,2.5645,0.2316,0.0463,7.4938,10.8659,0.9729,1.9457,0.0224,0.5227,101.1657,8.7557,0.2016,10.8659
2021-07-22,12.1910571086853,15.0623776223776,-2.87132051369231,23.9720833333333,254.427083333333,378.227083333333,63.9566666666667,2.07583333333333,0,0,0.0109,19.3915,0,270.4946,68.7105,6.88,0.0025,120.9013,0.3372,2.5739,0.2299,0.046,7.5631,10.9666,0.9881,1.9761,0.0228,0.5311,102.1024,8.8925,0.2048,10.9666
2021-07-23,12.3456775206048,11.0307692097902,1.31490831081457,22.9891666666667,238.90125,384.9,76.9604166666667,1.38,0,0,0.0109,19.318,0,270.8955,68.8692,6.88,0.005,120.9013,0.3418,2.5833,0.2281,0.0456,7.6325,11.0672,1.0033,2.0065,0.0231,0.5395,103.0391,9.0293,0.2081,11.0672
2021-07-24,12.349910215052,7.79354163194444,4.55636858310761,24.21875,257.387916666667,397.949583333333,82.4133333333333,1.72666666666667,0,0,0.0109,19.2445,0,271.2976,69.0279,6.88,0.0074,120.9013,0.3465,2.5927,0.2264,0.0453,7.7019,11.1678,1.0185,2.0369,0.0235,0.5479,103.9759,9.1661,0.2113,11.1678
2021-07-25,12.734243428903,6.89295773943662,5.84128568946639,24.7541666666667,213.277083333333,439.744166666667,88.13875,1.31541666666667,0.00685833333333333,0,0.0108,19.171,0,271.7006,69.1866,6.88,0.0099,120.9013,0.3511,2.6022,0.2246,0.0449,7.7713,11.2684,1.0337,2.0673,0.0238,0.5562,104.9126,9.3029,0.2146,11.2684
2021-07-26,12.8201049178322,8.64907142857143,4.17103348926072,24.99875,192.665,423.305,89.74,1.60541666666667,0.03556,0,0.0108,19.0976,0,272.1048,69.3453,6.88,0.0124,120.9013,0.3557,2.6116,0.2229,0.0446,7.8407,11.369,1.0489,2.0977,0.0242,0.5646,105.8493,9.4397,0.2178,11.369
2021-07-27,13.3519145930399,9.3700699020979,3.98184469094203,24.2320833333333,273.071666666667,429.045,84.7991666666667,2.12708333333333,0.00127,0,0.0107,19.0241,0,272.51,69.504,6.88,0.0149,120.9013,0.3603,2.621,0.2211,0.0442,7.9101,11.4696,1.0641,2.1281,0.0246,0.573,106.786,9.5765,0.221,11.4696
2021-07-28,12.9001354231403,11.7872916944444,1.11284372869588,25.4466666666667,292.487916666667,397.42375,76.8383333333333,2.00208333333333,0,0,0.0107,18.9506,0,272.9163,69.6626,6.88,0.0173,120.9013,0.3649,2.6304,0.2194,0.0439,7.9795,11.5702,1.0793,2.1585,0.0249,0.5814,107.7227,9.7133,0.2243,11.5702
2021-07-29,12.9570130858813,15.913125,-2.95611191411868,24.97,246.048333333333,400.776666666667,80.0608333333333,1.90833333333333,0,0,0.0107,18.8771,0,273.3237,69.8213,6.88,0.0198,120.9013,0.3695,2.6398,0.2176,0.0435,8.0488,11.6708,1.0945,2.1889,0.0253,0.5898,108.6595,9.8501,0.2275,11.6708
2021-07-30,13.1042153820048,16.3999290780142,-3.29571369600943,27.02125,285.438333333333,415.419166666667,61.8645833333333,2.26166666666667,0,0,0.0106,18.8036,0,273.7322,69.98,6.88,0.0223,120.9013,0.3742,2.6492,0.2159,0.0432,8.1182,11.7714,1.1097,2.2193,0.0256,0.5982,109.5962,9.9869,0.2307,11.7714
2021-07-31,13.8230188669733,16.2713194444444,-2.44830057747114,24.1975,229.856666666667,392.61875,69.2854166666667,1.90375,0,0,0.0106,18.7301,0,274.1418,70.1387,6.88,0.0248,120.9013,0.3788,2.6586,0.2141,0.0428,8.1876,11.8721,1.1249,2.2497,0.026,0.6066,110.5329,10.1237,0.234,11.8721
2021-08-01,13.9242579745303,11.4016083706294,2.52264960390088,23.6908333333333,219.080416666667,420.354583333333,81.0966666666667,1.88958333333333,0.000762083333333333,0,0.0106,18.6567,0,274.5524,70.2974,6.88,0.0272,120.9013,0.3834,2.668,0.2123,0.0425,8.257,11.9727,1.1401,2.2801,0.0264,0.6149,111.4696,10.2605,0.2372,11.9727
2021-08-02,15.2388086590086,8.76928057553957,6.46952808346902,22.9133333333333,287.582916666667,368.312083333333,63.1983333333333,2.5,0,0,0.0105,18.5832,0,274.9642,70.4561,6.88,0.0297,120.9013,0.388,2.6774,0.2106,0.0421,8.3264,12.0733,1.1553,2.3105,0.0267,0.6233,112.4063,10.3973,0.2404,12.0733
2021-08-03,15.379926169544,7.85055946853147,7.52936670101248,22.37,216.852916666667,390.244166666667,69.2545833333333,1.09625,0,0,0.0105,18.5097,0,275.377,69.2319,6.88,0.0299,120.9013,0.3841,2.5968,0.2121,0.0424,9.6943,14.0567,1.1755,2.351,0.0272,0.6349,130.8731,10.5794,0.2449,14.0567
2021-08-04,17.1598863366396,5.85440559440559,11.305480742234,21.3120833333333,296.475416666667,377.031666666667,74.1441666666667,1.57041666666667,0,0,0.0104,18.4362,0,275.791,68.0078,6.88,0.03,120.9013,0.3801,2.5161,0.2136,0.0427,11.0622,16.0402,1.1957,2.3914,0.0277,0.6464,149.3398,10.7615,0.2493,16.0402
2021-08-05,16.3455894514799,5.75520834027778,10.5903811112021,22.0658333333333,287.887083333333,377.01625,69.30625,1.44291666666667,0,0,0.0104,18.3627,0,276.2061,66.7836,6.88,0.0301,120.9013,0.3761,2.4355,0.2151,0.043,12.4301,18.0237,1.216,2.4319,0.0282,0.658,167.8066,10.9436,0.2538,18.0237
2021-08-06,17.862240306757,5.35826389583333,12.5039764109237,23.04375,269.63375,375.04875,74.64,1.63625,0,0,0.0104,18.2893,0,276.6223,65.5595,6.88,0.0303,120.9013,0.3722,2.3548,0.2166,0.0433,13.798,20.0071,1.2362,2.4724,0.0287,0.6695,186.2733,11.1256,0.2582,20.0071
2021-08-07,17.9507891686539,7.3180985915493,10.6326905771046,23.19625,165.502083333333,392.900416666667,83.3754166666667,1.435,0,0,0.0103,18.2158,0,277.0396,64.3354,6.88,0.0304,120.9013,0.3682,2.2742,0.2181,0.0436,15.1659,21.9906,1.2564,2.5128,0.0292,0.681,204.7401,11.3077,0.2627,21.9906
2021-08-08,18.781520830115,7.93888112587413,10.8426397042408,24.1008333333333,273.3125,392.178333333333,75.7670833333333,1.69416666666667,0,0,0.0103,18.1423,0,277.4581,63.1112,6.88,0.0305,120.9013,0.3643,2.1935,0.2196,0.0439,16.5338,23.9741,1.2766,2.5533,0.0297,0.6926,223.2069,11.4898,0.2671,23.9741
2021-08-09,19.4952011461194,8.51350364233577,10.9816975037836,25.3916666666667,201.255,406.654583333333,76.4558333333333,1.62875,0,0,0.0103,18.0688,0,277.8777,61.8871,6.88,0.0307,120.9013,0.3603,2.1129,0.2211,0.0442,17.9017,25.9575,1.2969,2.5938,0.0302,0.7041,241.6736,11.6719,0.2716,25.9575
2021-08-10,20.4573931357851,9.83486111111111,10.622532024674,26.0191666666667,249.25125,421.430833333333,79.1425,1.47375,0.00127,0,0.0102,17.9953,0,278.2984,60.6629,6.88,0.0308,120.9013,0.3564,2.0323,0.2226,0.0445,19.2697,27.941,1.3171,2.6342,0.0307,0.7157,260.1404,11.854,0.276,27.941
2021-08-11,19.719038450023,11.7623404326241,7.95669801739886,25.44875,151.145,420.79375,87.6704166666667,1.88583333333333,0.00203208333333333,0,0.0102,17.9219,0,278.7202,59.4388,6.88,0.0309,120.9013,0.3524,1.9516,0.2241,0.0448,20.6376,29.9245,1.3373,2.6747,0.0312,0.7272,278.6071,12.036,0.2805,29.9245
2021-08-12,20.539287590091,12.6796478802817,7.85963970980931,25.6991666666667,175.80375,421.131666666667,87.02,2.11583333333333,0.00762,0,0.0101,17.8484,0,279.1432,58.2147,6.88,0.0311,120.9013,0.3484,1.871,0.2256,0.0451,22.0055,31.9079,1.3576,2.7151,0.0317,0.7387,297.0739,12.2181,0.2849,31.9079
2021-08-13,20.4221967733821,13.3320422605634,7.09015451281874,25.7991666666667,182.27875,428.313333333333,80.7175,2.11791666666667,0.00254,0,0.0101,17.7749,0,279.5674,56.9905,6.88,0.0312,120.9013,0.3445,1.7903,0.2271,0.0454,23.3734,33.8914,1.3778,2.7556,0.0322,0.7503,315.5406,12.4002,0.2894,33.8914
2021-08-14,22.4421086388852,13.4349305555556,9.00717808332958,25.645,269.129583333333,421.385416666667,81.5616666666667,2.55375,0,0,0.0101,17.7014,0,279.9927,55.7664,6.88,0.0313,120.9013,0.3405,1.7097,0.2286,0.0457,24.7413,35.8749,1.398,2.7961,0.0326,0.7618,334.0074,12.5823,0.2938,35.8749
2021-08-15,21.8648014019208,15.2246527777778,6.640148624143,24.13,174.889166666667,436.709583333333,90.1704166666667,1.63,0.00381,0,0.01,17.6279,0,280.4191,54.5422,6.88,0.0315,120.9013,0.3366,1.629,0.2301,0.046,26.1092,37.8583,1.4183,2.8365,0.0331,0.7734,352.4741,12.7643,0.2983,37.8583
2021-08-16,23.6443245883293,18.4338518518519,5.21047273647743,22.8845833333333,121.38375,439.462083333333,94.8329166666667,1.17583333333333,0.0591820833333333,0,0.01,17.5545,0,280.8468,53.3181,6.88,0.0316,120.9013,0.3326,1.5484,0.2316,0.0463,27.4771,39.8418,1.4385,2.877,0.0336,0.7849,370.9409,12.9464,0.3027,39.8418
2021-08-17,23.1446396944381,20.4909243697479,2.6537153246902,22.84125,99.5033333333333,438.978333333333,98.49625,1.31583333333333,0.00990625,0,0.01,17.481,0,281.2756,54.9684,6.88,0.0311,120.9013,0.3326,1.6011,0.2338,0.0468,26.4779,38.393,1.4432,2.8865,0.0334,0.7786,357.4521,12.989,0.3003,38.393
2021-08-18,24.2601036399802,18.9607638888889,5.29933975109128,24.635,168.452083333333,443.533333333333,87.90875,2.2925,0.0106679166666667,0,0.0099,17.4075,0,281.7055,56.6187,6.88,0.0307,120.9013,0.3326,1.6538,0.2359,0.0472,25.4788,36.9442,1.448,2.8959,0.0331,0.7723,343.9634,13.0317,0.2979,36.9442
2021-08-19,24.3472052355644,16.2323776223776,8.11482761318677,25.17625,205.54875,410.20375,82.71375,2.15208333333333,0.00889,0,0.0099,17.334,0,282.1366,58.2691,6.88,0.0302,120.9013,0.3326,1.7065,0.238,0.0476,24.4796,35.4954,1.4527,2.9054,0.0328,0.766,330.4746,13.0743,0.2955,35.4954
2021-08-20,24.5784518697137,12.9516417985075,11.6268100712062,23.0266666666667,161.832916666667,439.430833333333,93.7229166666667,2.40291666666667,0.0129541666666667,0,0.0099,17.2605,0,282.569,59.9194,6.88,0.0297,120.9013,0.3326,1.7591,0.2401,0.048,23.4804,34.0466,1.4574,2.9149,0.0326,0.7597,316.9858,13.1169,0.293,34.0466
2021-08-21,23.0823732544676,11.4625174545455,11.6198557999221,22.7008333333333,206.08625,412.51,91.0195833333333,1.9325,0,0,0.0098,17.1871,0,283.0025,61.5697,6.88,0.0293,120.9013,0.3326,1.8118,0.2422,0.0484,22.4813,32.5978,1.4622,2.9243,0.0323,0.7534,303.4971,13.1595,0.2906,32.5978
2021-08-22,22.884599145783,9.75722226388889,13.1273768818941,23.9716666666667,274.65625,391.271666666667,82.6858333333333,2.08041666666667,0,0,0.0098,17.1136,0,283.4372,63.22,6.88,0.0288,120.9013,0.3326,1.8645,0.2443,0.0489,21.4821,31.149,1.4669,2.9338,0.032,0.7471,290.0083,13.2022,0.2882,31.149
2021-08-23,22.6055103495283,8.46635715714286,14.1391531923854,24.7170833333333,262.248333333333,396.352083333333,84.09125,2.50041666666667,0,0,0.0097,17.0401,0,283.8731,64.8704,6.88,0.0283,120.9013,0.3326,1.9172,0.2464,0.0493,20.4829,29.7002,1.4716,2.9433,0.0317,0.7408,276.5196,13.2448,0.2857,29.7002
2021-08-24,22.32419292771,7.90971010869565,14.4144828190144,25.8933333333333,246.23875,403.995,83.4454166666667,2.09291666666667,0,0,0.0097,16.9666,0,284.3101,66.5207,6.88,0.0279,120.9013,0.3326,1.9699,0.2485,0.0497,19.4838,28.2515,1.4764,2.9528,0.0315,0.7345,263.0308,13.2874,0.2833,28.2515
2021-08-25,21.1255339103816,8.46090910489511,12.6646248054865,25.7766666666667,250.260416666667,411.47875,84.6866666666667,1.68833333333333,0,0,0.0097,16.8931,0,284.7484,68.171,6.88,0.0274,120.9013,0.3326,2.0226,0.2506,0.0501,18.4846,26.8027,1.4811,2.9622,0.0312,0.7282,249.542,13.33,0.2809,26.8027
2021-08-26,20.6298735622755,9.66524824822695,10.9646253140486,25.7716666666667,255.452916666667,415.76375,80.9291666666667,1.86333333333333,0,0,0.0096,16.8196,0,285.1879,69.8213,6.88,0.0269,120.9013,0.3326,2.0753,0.2527,0.0505,17.4854,25.3539,1.4859,2.9717,0.0309,0.7219,236.0533,13.3727,0.2785,25.3539
2021-08-27,20.0559321355347,10.9402797062937,9.11565242924099,25.7766666666667,178.266666666667,416.397916666667,89.2254166666667,1.34333333333333,0.000254166666666667,0,0.0096,16.7462,0,285.6287,71.4716,6.88,0.0265,120.9013,0.3326,2.128,0.2548,0.051,16.4863,23.9051,1.4906,2.9812,0.0307,0.7156,222.5645,13.4153,0.276,23.9051
2021-08-28,19.4428840972232,9.47288731690141,9.96999678032181,26.6958333333333,218.12,414.922083333333,84.4,1.63,0,0,0.0096,16.6727,0,286.0706,73.122,6.88,0.026,120.9013,0.3326,2.1806,0.2569,0.0514,15.4871,22.4563,1.4953,2.9907,0.0304,0.7093,209.0758,13.4579,0.2736,22.4563
2021-08-29,19.2954970570107,10.5210416805556,8.77445537645506,26.1958333333333,247.180416666667,409.74875,87.29375,1.45333333333333,0,0,0.0095,16.5992,0,286.5138,74.7723,6.88,0.0255,120.9013,0.3326,2.2333,0.259,0.0518,14.4879,21.0075,1.5001,3.0001,0.0301,0.703,195.587,13.5006,0.2712,21.0075
2021-08-30,19.5458988139445,9.16083329861111,10.3850655153334,25.6004166666667,235.165,430.277916666667,87.17375,2.00416666666667,0.00431791666666667,0,0.0095,16.5257,0,286.9582,76.4226,6.88,0.0251,120.9013,0.3326,2.286,0.2611,0.0522,13.4888,19.5587,1.5048,3.0096,0.0299,0.6967,182.0983,13.5432,0.2687,19.5587
2021-08-31,19.847464156252,9.02985293382353,10.8176112224285,24.3008333333333,94.6445833333333,411.910416666667,92.41125,1.63333333333333,0.000507916666666667,0,0.0094,16.4522,0,287.4038,78.0729,6.88,0.0246,120.9013,0.3326,2.3387,0.2632,0.0526,12.4896,18.1099,1.5095,3.0191,0.0296,0.6905,168.6095,13.5858,0.2663,18.1099
2021-09-01,21.2611207058203,8.78566434265734,12.475456363163,23.3183333333333,75.7366666666667,441.017916666667,95.69875,2.20208333333333,0.0358141666666667,0,0.0094,16.3788,0,287.8506,77.9369,6.88,0.0243,120.9013,0.3286,2.3733,0.264,0.0528,12.1327,17.5925,1.4819,2.9638,0.0292,0.6806,163.7921,13.3371,0.2625,17.5925
2021-09-02,21.3042606814316,7.63472222916667,13.6695384522649,20.11,278.017083333333,347.267916666667,67.5829166666667,3.82708333333333,0,0,0.0094,16.3053,0,288.2988,77.8009,6.88,0.024,120.9013,0.3247,2.4078,0.2647,0.0529,11.7759,17.0751,1.4543,2.9085,0.0287,0.6707,158.9747,13.0884,0.2587,17.0751
2021-09-03,22.4747597023901,7.9311971971831,14.543562505207,17.8225,267.675833333333,336.102083333333,79.7304166666667,1.96083333333333,0,0,0.0093,16.2318,0,288.7481,77.6649,6.88,0.0237,120.9013,0.3207,2.4424,0.2655,0.0531,11.4191,16.5576,1.4266,2.8533,0.0283,0.6608,154.1572,12.8397,0.2549,16.5576
2021-09-04,22.7907924543846,8.64979020979021,14.1410022445944,20.5083333333333,250.591666666667,358.194583333333,81.995,1.47875,0,0,0.0093,16.1583,0,289.1987,77.5289,6.88,0.0233,120.9013,0.3168,2.477,0.2662,0.0532,11.0622,16.0402,1.399,2.798,0.0279,0.6509,149.3398,12.5909,0.2511,16.0402
2021-09-05,24.4870328316342,7.92041667361111,16.5666161580231,23.3429166666667,203.157083333333,399.022083333333,83.6733333333333,1.34333333333333,0,0,0.0093,16.0848,0,289.6506,77.3929,6.88,0.023,120.9013,0.3128,2.5115,0.267,0.0534,10.7054,15.5228,1.3714,2.7427,0.0275,0.641,144.5224,12.3422,0.2472,15.5228
2021-09-06,24.3723882553228,7.80884894964029,16.5635393056825,22.6820833333333,253.92625,408.285416666667,77.35,1.98208333333333,0.000762083333333333,0,0.0092,16.0114,0,290.1037,77.2568,6.88,0.0227,120.9013,0.3088,2.5461,0.2677,0.0535,10.3485,15.0054,1.3437,2.6874,0.027,0.6311,139.705,12.0935,0.2434,15.0054
2021-09-07,26.1104213437393,6.63132869230769,19.4790926514316,21.1233333333333,253.629166666667,352.2625,80.1258333333333,2.34958333333333,0,0,0.0092,15.9379,0,290.5581,77.1208,6.88,0.0224,120.9013,0.3049,2.5806,0.2685,0.0537,9.9917,14.4879,1.3161,2.6322,0.0266,0.6212,134.8876,11.8448,0.2396,14.4879
2021-09-08,26.0104689412397,6.86146853846154,19.1490004027781,22.8620833333333,199.28375,388.812916666667,88.2458333333333,1.5125,0,0,0.0091,15.8644,0,291.0138,76.9848,6.88,0.0221,120.9013,0.3009,2.6152,0.2693,0.0539,9.6348,13.9705,1.2885,2.5769,0.0262,0.6113,130.0702,11.5961,0.2358,13.9705
2021-09-09,28.5452908334737,5.27930070629371,23.26599012718,22.5733333333333,137.670833333333,393.502916666667,79.68875,2.51,0,0,0.0091,15.7909,0,291.4708,76.8488,6.88,0.0218,120.9013,0.297,2.6498,0.27,0.054,9.278,13.4531,1.2608,2.5216,0.0258,0.6014,125.2528,11.3474,0.232,13.4531
2021-09-10,28.1478355246749,4.64736110416667,23.5004744205082,19.8266666666667,246.0625,336.54375,62.7145833333333,2.76083333333333,0,0,0.0091,15.7174,0,291.929,76.7128,6.88,0.0214,120.9013,0.293,2.6843,0.2708,0.0542,8.9211,12.9356,1.2332,2.4664,0.0254,0.5915,120.4354,11.0986,0.2282,12.9356
2021-09-11,29.342849141909,6.13673611111111,23.2061130307979,18.5841666666667,219.115416666667,344.38,82.2279166666667,2.11666666666667,0,0,0.009,15.644,0,292.3885,76.5768,6.88,0.0211,120.9013,0.289,2.7189,0.2715,0.0543,8.5643,12.4182,1.2055,2.4111,0.0249,0.5817,115.6179,10.8499,0.2244,12.4182
2021-09-12,27.9848335613167,6.18521127464789,21.7996222866688,22.8279166666667,218.3925,373.426666666667,75.87375,2.22,0,0,0.009,15.5705,0,292.8493,76.4407,6.88,0.0208,120.9013,0.2851,2.7535,0.2723,0.0545,8.2074,11.9008,1.1779,2.3558,0.0245,0.5718,110.8005,10.6012,0.2205,11.9008
2021-09-13,28.6491353912731,7.81553191489362,20.8336034763795,24.8825,216.370416666667,382.851666666667,73.9170833333333,2.97083333333333,0,0,0.009,15.497,0,293.3115,76.3047,6.88,0.0205,120.9013,0.2811,2.788,0.273,0.0546,7.8506,11.3834,1.1503,2.3006,0.0241,0.5619,105.9831,10.3525,0.2167,11.3834
2021-09-14,28.6772197298411,8.23108696376812,20.446132766073,24.12,223.553333333333,380.9625,85.5675,2.11541666666667,0,0,0.0089,15.4235,0,293.7749,76.1687,6.88,0.0202,120.9013,0.2772,2.8226,0.2738,0.0548,7.4938,10.8659,1.1226,2.2453,0.0237,0.552,101.1657,10.1038,0.2129,10.8659
2021-09-15,28.6763193658301,9.73461538461538,18.9417039812147,23.26,168.244166666667,388.281666666667,87.2354166666667,1.31958333333333,0,0,0.0089,15.35,0,294.2396,75.4363,6.88,0.02,120.9013,0.2857,2.7295,0.2689,0.0538,7.9421,11.516,1.0816,2.1632,0.0232,0.5404,107.2183,9.7345,0.2085,11.516
2021-09-16,28.4810873540442,8.5511805625,19.9299067915442,22.7383333333333,123.119166666667,407.885,90.3979166666667,1.4425,0,0,0.0089,15.2765,0,294.7057,74.7039,6.88,0.0198,120.9013,0.2942,2.6365,0.264,0.0528,8.3904,12.1661,1.0406,2.0811,0.0227,0.5289,113.271,9.3652,0.204,12.1661
2021-09-17,28.1863636974937,8.62486109722222,19.5615026002715,22.155,110.264166666667,432.119583333333,92.7845833333333,1.11791666666667,0.00381,0,0.0088,15.2031,0,295.173,73.9715,6.88,0.0197,120.9013,0.3027,2.5434,0.2592,0.0518,8.8388,12.8162,0.9995,1.9991,0.0222,0.5173,119.3236,8.9959,0.1995,12.8162
2021-09-18,27.8971352499779,6.64388888888889,21.253246361089,23.1933333333333,187.87125,402.783333333333,88.41125,1.39458333333333,0,0,0.0088,15.1296,0,295.6417,73.2391,6.88,0.0195,120.9013,0.3113,2.4504,0.2543,0.0509,9.2871,13.4663,0.9585,1.917,0.0217,0.5058,125.3763,8.6266,0.1951,13.4663
2021-09-19,27.6804726948148,8.02993055555556,19.6505421392593,23.5933333333333,202.81375,390.669583333333,86.1470833333333,1.98625,0,0,0.0087,15.0561,0,296.1118,72.5068,6.88,0.0193,120.9013,0.3198,2.3573,0.2495,0.0499,9.7355,14.1164,0.9175,1.8349,0.0212,0.4942,131.4289,8.2573,0.1906,14.1164
2021-09-20,26.9429323482948,9.20737587943262,17.7355564688622,23.43,118.0075,424.812916666667,89.69375,1.57791666666667,0.000254166666666667,0,0.0087,14.9826,0,296.5831,71.7744,6.88,0.0191,120.9013,0.3283,2.2643,0.2446,0.0489,10.1838,14.7665,0.8764,1.7529,0.0207,0.4827,137.4816,7.888,0.1862,14.7665
2021-09-21,26.5391833510095,7.65378571428571,18.8853976367238,19.9645833333333,29.2595833333333,407.819166666667,95.6804166666667,1.4875,0.02032,0,0.0087,14.9091,0,297.0558,71.042,6.88,0.019,120.9013,0.3369,2.1712,0.2397,0.0479,10.6322,15.4166,0.8354,1.6708,0.0202,0.4711,143.5342,7.5187,0.1817,15.4166
2021-09-22,26.2363302140577,16.2944366056338,9.94189360842391,21.2608333333333,58.14,431.089166666667,99.7958333333333,2.58166666666667,0.0962666666666667,0,0.0086,14.8357,0,297.5299,70.3096,6.88,0.0188,120.9013,0.3454,2.0782,0.2349,0.047,11.0805,16.0667,0.7944,1.5887,0.0197,0.4596,149.5869,7.1494,0.1773,16.0667
2021-09-23,25.9839192667815,12.2467832237762,13.7371360430053,16.56,220.12375,358.359583333333,78.5754166666667,3.02583333333333,0.00177791666666667,0,0.0086,14.7622,0,298.0053,69.5772,6.88,0.0186,120.9013,0.3539,1.9851,0.23,0.046,11.5289,16.7168,0.7533,1.5067,0.0192,0.448,155.6395,6.7801,0.1728,16.7168
2021-09-24,25.6983195318618,10.4026760704225,15.2956434614393,12.7608333333333,230.69375,307.048333333333,81.4583333333333,2.24833333333333,0,0,0.0086,14.6887,0,298.482,68.8448,6.88,0.0184,120.9013,0.3624,1.8921,0.2252,0.045,11.9772,17.3669,0.7123,1.4246,0.0187,0.4365,161.6922,6.4108,0.1684,17.3669
2021-09-25,25.4062516991541,10.7944055804196,14.6118461187345,14.28625,201.661666666667,324.285833333333,82.9216666666667,2.10083333333333,0,0,0.0085,14.6152,0,298.9602,68.1124,6.88,0.0183,120.9013,0.371,1.799,0.2203,0.0441,12.4255,18.017,0.6713,1.3425,0.0182,0.4249,167.7448,6.0415,0.1639,18.017
2021-09-26,25.10113896109,14.5151748251748,10.5859641359152,16.0233333333333,224.781666666667,321.999166666667,72.4004166666667,2.72583333333333,0,0,0.0085,14.5417,0,299.4397,67.38,6.88,0.0181,120.9013,0.3795,1.706,0.2154,0.0431,12.8739,18.6671,0.6302,1.2605,0.0177,0.4134,173.7975,5.6722,0.1594,18.6671
2021-09-27,24.8558492488289,12.8222463623188,12.0336028865101,17.9904166666667,217.787083333333,333.30875,73.9925,2.52916666666667,0,0,0.0084,14.4683,0,299.9205,66.6476,6.88,0.0179,120.9013,0.388,1.6129,0.2106,0.0421,13.3222,19.3172,0.5892,1.1784,0.0172,0.4018,179.8501,5.3029,0.155,19.3172
2021-09-28,24.520404583793,10.0295774647887,14.4908271190043,20.6775,135.9925,363.623333333333,78.9795833333333,2.49416666666667,0,0,0.0084,14.3948,0,300.4028,67.5997,6.88,0.0177,120.9013,0.3761,1.5599,0.2098,0.042,13.1438,19.0585,0.6057,1.2113,0.0176,0.4106,177.4414,5.451,0.1584,19.0585
2021-09-29,24.307317377613,8.25401409859155,16.0533032790214,20.1741666666667,204.142916666667,367.82375,86.5279166666667,2.36958333333333,0,0,0.0084,14.3213,0,300.8864,68.5518,6.88,0.0175,120.9013,0.3643,1.5069,0.2091,0.0418,12.9654,18.7998,0.6221,1.2443,0.018,0.4193,175.0327,5.5992,0.1617,18.7998
2021-09-30,23.9838581330208,7.12701390277778,16.856844230243,18.44,210.277083333333,356.103333333333,83.99,1.20416666666667,0,0,0.0083,14.2478,0,301.3714,69.504,6.88,0.0173,120.9013,0.3524,1.4539,0.2083,0.0417,12.787,18.5411,0.6386,1.2772,0.0183,0.4281,172.624,5.7473,0.1651,18.5411
2021-10-01,23.7893766306967,7.42204224647887,16.3673343842178,16.6375,210.27625,328.916666666667,81.6175,2.04333333333333,0,0,0.0083,14.1743,0,301.8579,70.4561,6.88,0.0171,120.9013,0.3405,1.4009,0.2076,0.0415,12.6085,18.2824,0.6551,1.3101,0.0187,0.4369,170.2153,5.8955,0.1685,18.2824
2021-10-02,23.5737378307571,6.955625,16.6181128307571,17.4308333333333,192.245,349.06,89.7933333333333,1.56541666666667,0,0,0.0083,14.1009,0,302.3457,71.4082,6.88,0.0169,120.9013,0.3286,1.3479,0.2068,0.0414,12.4301,18.0237,0.6715,1.343,0.0191,0.4456,167.8066,6.0436,0.1719,18.0237
2021-10-03,23.2633856603543,7.57493053472222,15.6884551256321,20.87625,159.124583333333,386.8175,87.5729166666667,1.63166666666667,0,0,0.0082,14.0274,0,302.8349,72.3603,6.88,0.0167,120.9013,0.3168,1.2949,0.2061,0.0412,12.2517,17.765,0.688,1.3759,0.0195,0.4544,165.3979,6.1917,0.1753,17.765
2021-10-04,22.990263487064,7.19800000714286,15.7922634799212,21.1895833333333,152.070833333333,414.740833333333,91.7720833333333,1.05791666666667,0.00635,0,0.0082,13.9539,0,303.3255,73.3124,6.88,0.0165,120.9013,0.3049,1.2419,0.2053,0.0411,12.0733,17.5062,0.7044,1.4089,0.0198,0.4632,162.9892,6.3399,0.1786,17.5062
2021-10-05,22.7910227277106,7.3988194375,15.3922032902106,21.255,124.885833333333,401.369583333333,94.4554166666667,1.12125,0,0,0.0081,13.8804,0,303.8176,74.2645,6.88,0.0163,120.9013,0.293,1.1889,0.2046,0.0409,11.8948,17.2475,0.7209,1.4418,0.0202,0.4719,160.5805,6.488,0.182,17.2475
2021-10-06,22.4567518418383,8.38426574825175,14.0724860935866,21.3679166666667,64.9108333333333,422.402916666667,99.2016666666667,1.14416666666667,0.00863625,0,0.0081,13.8069,0,304.3111,75.2166,6.88,0.016,120.9013,0.2811,1.1359,0.2038,0.0408,11.7164,16.9888,0.7374,1.4747,0.0206,0.4807,158.1718,6.6362,0.1854,16.9888
2021-10-07,22.2337857957861,9.02069931468532,13.2130864811008,19.1708333333333,49.8970833333333,417.740416666667,99.0520833333333,1.22416666666667,0.00279458333333333,0,0.0081,13.7335,0,304.806,76.1687,6.88,0.0158,120.9013,0.2692,1.0829,0.2031,0.0406,11.538,16.7301,0.7538,1.5076,0.021,0.4894,155.7631,6.7843,0.1888,16.7301
2021-10-08,22.0402176897375,8.64854166666667,13.3916760230709,17.8875,57.2479166666667,410.836666666667,95.87,0.812083333333333,0.000254166666666667,0,0.008,13.66,0,305.3023,77.1208,6.88,0.0156,120.9013,0.2574,1.03,0.2023,0.0405,11.3596,16.4714,0.7703,1.5405,0.0214,0.4982,153.3543,6.9325,0.1922,16.4714
2021-10-09,21.8096453126071,10.4092957816901,11.400349530917,17.4408333333333,50.5166666666667,413.10875,95.7183333333333,1.14166666666667,0.00101625,0,0.008,13.5865,0,305.8001,78.0729,6.88,0.0154,120.9013,0.2455,0.977,0.2016,0.0403,11.1812,16.2127,0.7867,1.5735,0.0217,0.507,150.9456,7.0806,0.1955,16.2127
2021-10-10,21.5466374476407,11.0056337676056,10.5410036800351,17.4579166666667,111.8,380.770833333333,91.6883333333333,2.30916666666667,0,0,0.008,13.513,0,306.2994,79.025,6.88,0.0152,120.9013,0.2336,0.924,0.2008,0.0402,11.0027,15.954,0.8032,1.6064,0.0221,0.5157,148.5369,7.2288,0.1989,15.954
2021-10-11,21.2942317708095,12.1762411347518,9.11799063605774,17.2608333333333,58.13875,385.422083333333,93.8875,1.26916666666667,0,0,0.0079,13.4395,0,306.8001,79.9771,6.88,0.015,120.9013,0.2217,0.871,0.2001,0.04,10.8243,15.6953,0.8197,1.6393,0.0225,0.5245,146.1282,7.3769,0.2023,15.6953
2021-10-12,21.061575529967,12.6002777777778,8.46129775218924,18.2045833333333,142.880416666667,394.16625,89.8520833333333,0.846666666666667,0,0,0.0079,13.366,0,307.3022,79.9771,6.88,0.0143,120.9013,0.2574,0.8111,0.2038,0.0408,11.3001,16.3852,0.8234,1.6468,0.0234,0.5461,152.5514,7.4104,0.2106,16.3852
2021-10-13,20.8202753730162,11.5725174615385,9.24775791147775,19.6854166666667,189.41625,387.91375,86.7570833333333,1.32583333333333,0,0,0.0079,13.2926,0,307.8058,79.9771,6.88,0.0135,120.9013,0.293,0.7512,0.2076,0.0415,11.7759,17.0751,0.8271,1.6542,0.0243,0.5676,158.9747,7.4439,0.2189,17.0751
2021-10-14,20.6319521886681,10.0504894755245,10.5814627131436,19.3820833333333,151.544583333333,359.1875,88.9233333333333,2.48625,0,0,0.0078,13.2191,0,308.3109,79.9771,6.88,0.0128,120.9013,0.3286,0.6912,0.2113,0.0423,12.2517,17.765,0.8308,1.6617,0.0253,0.5892,165.3979,7.4774,0.2273,17.765
2021-10-15,20.4521447918054,9.89718309859155,10.5549616932139,21.2566666666667,150.2075,385.739166666667,90.19125,1.71333333333333,0,0,0.0078,13.1456,0,308.8175,79.9771,6.88,0.012,120.9013,0.3643,0.6313,0.2151,0.043,12.7275,18.4549,0.8345,1.6691,0.0262,0.6108,171.8211,7.5109,0.2356,18.4549
2021-10-16,20.2548088729728,9.61356647552448,10.6412423974483,18.6883333333333,62.61,366.829166666667,89.66375,1.85375,0.00127041666666667,0,0.0077,13.0721,0,309.3255,79.9771,6.88,0.0113,120.9013,0.3999,0.5714,0.2189,0.0438,13.2033,19.1448,0.8383,1.6765,0.0271,0.6324,178.2443,7.5445,0.2439,19.1448
2021-10-17,20.0953253550175,9.61432620567376,10.4809991493438,15.0004166666667,172.550833333333,297.972083333333,55.4525,3.33291666666667,0,0,0.0077,12.9986,0,309.835,79.9771,6.88,0.0105,120.9013,0.4355,0.5115,0.2226,0.0445,13.6791,19.8347,0.842,1.684,0.028,0.654,184.6675,7.578,0.2522,19.8347
2021-10-18,19.91949391055,9.99721427857143,9.9222796319786,12.9554166666667,178.547083333333,296.311666666667,64.2929166666667,1.73083333333333,0,0,0.0077,12.9252,0,310.3461,79.9771,6.88,0.0098,120.9013,0.4712,0.4516,0.2264,0.0453,14.1549,20.5246,0.8457,1.6914,0.029,0.6756,191.0908,7.6115,0.2606,20.5246
2021-10-19,19.9461309044079,10.3817730638298,9.56435784057811,15.4983333333333,175.78375,306.157916666667,68.56125,2.21458333333333,0,0,0.0076,12.8517,0,310.8586,79.9771,6.88,0.0091,120.9013,0.5068,0.3917,0.2301,0.046,14.6307,21.2145,0.8494,1.6989,0.0299,0.6971,197.514,7.645,0.2689,21.2145
2021-10-20,19.3323317454261,9.32145830555556,10.0108734398706,16.3504166666667,173.907083333333,317.56375,70.83875,2.40958333333333,0,0,0.0076,12.7782,0,311.3726,79.9771,6.88,0.0083,120.9013,0.5424,0.3318,0.2339,0.0468,15.1065,21.9044,0.8532,1.7063,0.0308,0.7187,203.9372,7.6785,0.2772,21.9044
2021-10-21,19.2540509245332,9.17986016083916,10.0741907636941,17.4508333333333,121.685416666667,342.429583333333,75.01375,2.25875,0.000254166666666667,0,0.0076,12.7047,0,311.8882,79.9771,6.88,0.0076,120.9013,0.5781,0.2719,0.2377,0.0475,15.5823,22.5943,0.8569,1.7138,0.0317,0.7403,210.3604,7.712,0.2856,22.5943
2021-10-22,19.0823332709179,8.89638886111111,10.1859444098067,16.26125,145.132916666667,367.699166666667,80.3045833333333,2.28666666666667,0.00228583333333333,0,0.0075,12.6312,0,312.4052,79.9771,6.88,0.0068,120.9013,0.6137,0.212,0.2414,0.0483,16.058,23.2842,0.8606,1.7212,0.0327,0.7619,216.7836,7.7455,0.2939,23.2842
2021-10-23,18.9768132062416,9.60167825874126,9.37513494750032,15.0295833333333,169.09,314.267083333333,77.0354166666667,2.5575,0,0,0.0075,12.5578,0,312.9238,79.9771,6.88,0.0061,120.9013,0.6494,0.1521,0.2452,0.049,16.5338,23.9741,0.8643,1.7287,0.0336,0.7835,223.2069,7.779,0.3022,23.9741
2021-10-24,18.826942449803,9.41111110416667,9.41583134563633,16.2658333333333,163.000833333333,354.96625,82.8383333333333,1.76208333333333,0,0,0.0074,12.4843,0,313.4439,79.9771,6.88,0.0053,120.9013,0.685,0.0922,0.2489,0.0498,17.0096,24.664,0.8681,1.7361,0.0345,0.8051,229.6301,7.8125,0.3105,24.664
2021-10-25,18.7359566265543,9.81345586029412,8.92250076626017,17.6725,111.832083333333,363.34,85.4445833333333,1.81333333333333,0.00812791666666667,0,0.0074,12.4108,0,313.9656,79.9771,6.88,0.0046,120.9013,0.7206,0.0323,0.2527,0.0505,17.4854,25.3539,0.8718,1.7436,0.0354,0.8267,236.0533,7.8461,0.3189,25.3539
2021-10-26,18.4801649320734,10.169020972028,8.31114396004538,15.5929166666667,135.14625,344.779166666667,77.0204166666667,2.47208333333333,0,0,0.0074,12.3373,0,314.4888,79.4331,6.88,0.0043,120.9013,0.7048,0.0323,0.2512,0.0502,17.0691,24.7502,0.837,1.674,0.0342,0.7975,230.433,7.5331,0.3076,24.7502
2021-10-27,18.3044321904084,11.1097222152778,7.19470997513057,13.0658333333333,167.404166666667,302.677916666667,64.76875,4.98208333333333,0,0,0.0073,12.2638,0,315.0135,78.889,6.88,0.0039,120.9013,0.6889,0.0323,0.2497,0.0499,16.6528,24.1465,0.8022,1.6045,0.0329,0.7684,224.8127,7.2201,0.2964,24.1465
2021-10-28,17.8893285705479,9.78398605594406,8.10534251460385,14.1175,67.7708333333333,340.575416666667,91.8291666666667,1.86958333333333,0.000507916666666667,0,0.0073,12.1904,0,315.5398,78.345,6.88,0.0036,120.9013,0.6731,0.0323,0.2482,0.0496,16.2365,23.5429,0.7675,1.5349,0.0317,0.7392,219.1923,6.9071,0.2851,23.5429
2021-10-29,17.6949804015669,11.2673943380282,6.42758606353874,15.82875,142.626666666667,375.785833333333,90.9491666666667,2.16541666666667,0.02895625,0,0.0073,12.1169,0,316.0677,77.8009,6.88,0.0033,120.9013,0.6573,0.0323,0.2467,0.0493,15.8201,22.9392,0.7327,1.4654,0.0304,0.7101,213.572,6.5941,0.2739,22.9392
2021-10-30,17.5620239927908,13.5705594475524,3.99146454523843,14.2183333333333,68.42125,377.735833333333,94.8233333333333,0.984166666666667,0.00381041666666667,0,0.0072,12.0434,0,316.5971,77.2568,6.88,0.003,120.9013,0.6414,0.0323,0.2452,0.049,15.4038,22.3356,0.6979,1.3958,0.0292,0.681,207.9517,6.2811,0.2627,22.3356
2021-10-31,17.4671267092539,14.452027972028,3.01509873722594,13.98125,116.150416666667,359.281666666667,78.4091666666667,2.19625,0,0,0.0072,11.9699,0,317.1281,76.7128,6.88,0.0026,120.9013,0.6256,0.0323,0.2437,0.0487,14.9875,21.7319,0.6631,1.3262,0.0279,0.6518,202.3314,5.9681,0.2514,21.7319
2021-11-01,17.2961722606894,15.5629861111111,1.73318614957834,13.4241666666667,150.136666666667,310.439583333333,60.8729166666667,3.18166666666667,0,0,0.0071,11.8964,0,317.6607,76.1687,6.88,0.0023,120.9013,0.6098,0.0323,0.2422,0.0484,14.5712,21.1282,0.6283,1.2567,0.0267,0.6227,196.7111,5.6551,0.2402,21.1282
2021-11-02,17.2421831518397,13.2496503426573,3.99253280918238,8.87875,23.4116666666667,338.35125,83.605,2.78916666666667,0.00457208333333333,0,0.0071,11.823,0,318.1949,75.6247,6.88,0.002,120.9013,0.5939,0.0323,0.2407,0.0481,14.1549,20.5246,0.5936,1.1871,0.0254,0.5936,191.0908,5.3421,0.2289,20.5246
2021-11-03,17.123220530783,13.8464583263889,3.27676220439413,5.60916666666667,147.393333333333,274.617083333333,70.0083333333333,2.55666666666667,0,0,0.0071,11.7495,0,318.7306,75.0806,6.88,0.0016,120.9013,0.5781,0.0323,0.2392,0.0478,13.7386,19.9209,0.5588,1.1176,0.0242,0.5644,185.4704,5.0291,0.2177,19.9209
2021-11-04,17.0156780710039,11.2424999791667,5.7731780918372,5.97916666666667,115.026666666667,289.049166666667,63.715,1.11041666666667,0,0,0.007,11.676,0,319.268,74.5365,6.88,0.0013,120.9013,0.5622,0.0323,0.2377,0.0475,13.3222,19.3172,0.524,1.048,0.0229,0.5353,179.8501,4.7161,0.2065,19.3172
2021-11-05,16.8566596049257,11.9065734685315,4.95008613639417,4.26708333333333,152.024583333333,260.942916666667,78.7891666666667,2.33416666666667,0,0,0.007,11.6025,0,319.8069,73.9925,6.88,0.001,120.9013,0.5464,0.0323,0.2362,0.0472,12.9059,18.7136,0.4892,0.9785,0.0217,0.5061,174.2298,4.4031,0.1952,18.7136
2021-11-06,16.791730682453,14.0816666666667,2.71006401578632,4.79125,152.089583333333,263.2725,72.7429166666667,1.83458333333333,0,0,0.007,11.529,0,320.3475,73.4484,6.88,7e-04,120.9013,0.5306,0.0323,0.2347,0.0469,12.4896,18.1099,0.4545,0.9089,0.0204,0.477,168.6095,4.0901,0.184,18.1099
2021-11-07,16.6403766650682,14.3424305347222,2.29794613034602,9.58083333333333,156.782083333333,290.65375,59.4120833333333,2.88458333333333,0,0,0.0069,11.4555,0,320.8897,72.9043,6.88,3e-04,120.9013,0.5147,0.0323,0.2332,0.0466,12.0733,17.5062,0.4197,0.8394,0.0192,0.4479,162.9892,3.7771,0.1727,17.5062
2021-11-08,16.5257907061898,18.2118309859155,-1.68604027972571,13.3020833333333,152.8625,290.332083333333,47.8575,4.78375,0,0,0.0069,11.3821,0,321.4335,72.3603,6.88,0,120.9013,0.4989,0.0323,0.2316,0.0463,11.657,16.9026,0.3849,0.7698,0.0179,0.4187,157.3689,3.4641,0.1615,16.9026
2021-11-09,16.413391310173,17.8363194444444,-1.42292813427137,16.1554166666667,149.89375,307.929583333333,47.5620833333333,2.88625,0,0,0.0068,11.3086,0,321.979,72.0882,6.88,0.001,120.9013,0.4791,0.03,0.2301,0.046,11.538,16.7301,0.3832,0.7663,0.0181,0.4219,155.7631,3.4486,0.1627,16.7301
2021-11-10,16.3752032822659,21.2514685314685,-4.8762652492026,17.2395833333333,145.16125,327.360833333333,41.9254166666667,2.31083333333333,0,0,0.0068,11.2351,0,322.5261,71.8162,6.88,0.002,120.9013,0.4593,0.0276,0.2286,0.0457,11.4191,16.5576,0.3814,0.7629,0.0182,0.425,154.1572,3.433,0.1639,16.5576
2021-11-11,16.2412775319884,24.4966666666667,-8.25538913467827,13.8691666666667,120.175,324.4775,72.25125,1.84958333333333,0,0,0.0065,11.1938,0,322.8347,71.5442,6.88,0.0029,120.9013,0.4395,0.0253,0.2271,0.0454,11.3001,16.3852,0.3797,0.7594,0.0184,0.4282,152.5514,3.4174,0.1652,16.3852
2021-11-12,16.194842411041,30.9575177304965,-14.7626753194555,14.66,146.421666666667,352.222916666667,74.4504166666667,2.23458333333333,0.02006625,0,0.0136,11.2239,0,322.61,71.2722,6.88,0.0039,120.9013,0.4197,0.023,0.2256,0.0451,11.1812,16.2127,0.378,0.756,0.0185,0.4313,150.9456,3.4019,0.1664,16.2127
2021-11-13,15.9097820963756,21.6738888888889,-5.76410679251328,8.19458333333333,139.904166666667,286.009166666667,67.21375,2.19208333333333,0,0,0.0076,8.3584,0,345.3052,71.0001,6.88,0.0049,120.9013,0.3999,0.0207,0.2241,0.0448,11.0622,16.0402,0.3763,0.7525,0.0186,0.4345,149.3398,3.3863,0.1676,16.0402
2021-11-14,15.8199624646808,22.7958333402778,-6.97587087559696,4.3375,95.2604166666667,273.437916666667,59.4404166666667,1.93875,0,0,0.007,6.2521,0,363.8321,70.7281,6.88,0.0059,120.9013,0.3801,0.0184,0.2226,0.0445,10.9433,15.8677,0.3745,0.7491,0.0188,0.4376,147.734,3.3707,0.1688,15.8677
2021-11-15,15.6519759433382,20.8682269503546,-5.21625100701645,6.63791666666667,144.898333333333,261.902083333333,50.17125,2.59625,0,0,0.0072,5.4672,0,371.1793,70.4561,6.88,0.0068,120.9013,0.3603,0.0161,0.2211,0.0442,10.8243,15.6953,0.3728,0.7456,0.0189,0.4408,146.1282,3.3552,0.17,15.6953
2021-11-16,15.5422877045026,27.3110416666667,-11.7687539621641,8.60083333333333,125.04375,299.440416666667,57.8054166666667,1.74625,0,0,0.0069,6.9645,0,357.3773,70.184,6.88,0.0078,120.9013,0.3405,0.0138,0.2196,0.0439,10.7054,15.5228,0.3711,0.7421,0.019,0.4439,144.5224,3.3396,0.1712,15.5228
2021-11-17,15.4178835517364,21.5957638888889,-6.17788033715246,13.27875,132.670833333333,320.234166666667,75.13625,1.86708333333333,0,0,0.0069,9.0103,0,339.9007,69.912,6.88,0.0088,120.9013,0.3207,0.0115,0.2181,0.0436,10.5864,15.3503,0.3693,0.7387,0.0192,0.4471,142.9166,3.324,0.1725,15.3503
2021-11-18,15.4185819133362,26.0013286713287,-10.5827467579925,15.0383333333333,98.42625,330.81375,78.8075,2.2975,0,0,0.0071,10.0178,0,331.8337,69.64,6.88,0.0098,120.9013,0.3009,0.0092,0.2166,0.0433,10.4675,15.1778,0.3676,0.7352,0.0193,0.4502,141.3108,3.3085,0.1737,15.1778
2021-11-19,15.2955694911239,18.0555943986014,-2.7600249074775,8.5525,138.258333333333,262.230833333333,55.1608333333333,3.60375,0,0,0.0071,5.9752,0,366.3952,69.3679,6.88,0.0107,120.9013,0.2811,0.0069,0.2151,0.043,10.3485,15.0054,0.3659,0.7318,0.0194,0.4534,139.705,3.2929,0.1749,15.0054
2021-11-20,15.2911364702838,21.8604929577465,-6.56935648746266,3.795,115.04625,250.3325,66.9104166666667,1.39375,0,0,0.0067,4.61,0,379.4977,69.0959,6.88,0.0117,120.9013,0.2613,0.0046,0.2136,0.0427,10.2296,14.8329,0.3641,0.7283,0.0196,0.4566,138.0992,3.2773,0.1761,14.8329
2021-11-21,15.1216710509168,24.4394444513889,-9.31777340047205,5.65083333333333,54.2983333333333,285.01625,70.6058333333333,1.4125,0,0,0.0069,5.1902,0,373.8329,68.8239,6.88,0.0127,120.9013,0.2415,0.0023,0.2121,0.0424,10.1106,14.6604,0.3624,0.7248,0.0197,0.4597,136.4934,3.2618,0.1773,14.6604
2021-11-22,15.0446229423376,25.9594326241135,-10.9148096817759,10.45,77.12125,329.154166666667,65.5279166666667,2.7275,0,0,0.0066,6.6491,0,360.2107,68.5518,6.88,0.0137,120.9013,0.2217,0,0.2106,0.0421,9.9917,14.4879,0.3607,0.7214,0.0198,0.4629,134.8876,3.2462,0.1785,14.4879
2021-11-23,14.8070371932759,20.9427777847222,-6.13574059144633,5.03375,134.540833333333,243.162083333333,49.1095833333333,2.99708333333333,0,0,0.006,3.5543,0,390.1867,68.6015,6.88,0.0136,120.9013,0.2217,3e-04,0.2096,0.0419,10.0206,14.5299,0.3621,0.7242,0.0197,0.4594,135.2786,3.2588,0.1772,14.5299
2021-11-24,14.8384579310332,19.8151408450704,-4.97668291403724,4.86833333333333,129.40375,251.585416666667,52.64,2.05166666666667,0,0,0.0058,3.3395,0,392.4238,68.6512,6.88,0.0135,120.9013,0.2217,6e-04,0.2086,0.0417,10.0496,14.5719,0.3635,0.727,0.0195,0.4559,135.6696,3.2715,0.1758,14.5719
2021-11-25,14.710226795278,16.8337313507463,-2.12350455546832,10.2604166666667,128.167916666667,294.27625,45.2883333333333,2.45208333333333,0,0,0.006,5.7639,0,368.3726,68.7009,6.88,0.0134,120.9013,0.2217,8e-04,0.2076,0.0415,10.0786,14.6139,0.3649,0.7298,0.0194,0.4523,136.0605,3.2841,0.1745,14.6139
2021-11-26,14.7392872944431,15.3495139166667,-0.61022662222358,9.36291666666667,106.413333333333,300.649583333333,59.0083333333333,3.03083333333333,0,0,0.0061,5.0217,0,375.4635,68.7505,6.88,0.0133,120.9013,0.2217,0.0011,0.2066,0.0413,10.1075,14.6559,0.3663,0.7326,0.0192,0.4488,136.4515,3.2968,0.1731,14.6559
2021-11-27,14.6067609146131,19.5086013986014,-4.90184048398826,4.19958333333333,121.324583333333,250.8325,53.84625,2.03541666666667,0,0,0.0059,2.9311,0,396.7366,68.8002,6.88,0.0132,120.9013,0.2217,0.0014,0.2056,0.0411,10.1365,14.6979,0.3677,0.7354,0.0191,0.4453,136.8425,3.3094,0.1718,14.6979
2021-11-28,14.6223226920612,21.8781118881119,-7.25578919605066,8.96416666666667,52.7579166666667,287.11125,45.89875,2.81291666666667,0,0,0.006,4.8329,0,377.3041,68.8499,6.88,0.0132,120.9013,0.2217,0.0017,0.2045,0.0409,10.1654,14.7399,0.3691,0.7382,0.0189,0.4418,137.2335,3.3221,0.1704,14.7399
2021-11-29,14.4628990473308,22.376170212766,-7.91327116543519,7.05958333333333,118.736666666667,255.284166666667,51.28,3.29166666666667,0,0,0.006,3.2606,0,393.2505,68.8996,6.88,0.0131,120.9013,0.2217,0.002,0.2035,0.0407,10.1944,14.7819,0.3705,0.7411,0.0188,0.4383,137.6244,3.3347,0.1691,14.7819
2021-11-30,14.4295785271863,18.4676223776224,-4.03804385043612,8.51833333333333,122.728333333333,281.165,51.0729166666667,1.99041666666667,0,0,0.0059,4.3557,0,382.0264,68.9492,6.88,0.013,120.9013,0.2217,0.0022,0.2025,0.0405,10.2234,14.8239,0.3719,0.7439,0.0186,0.4348,138.0154,3.3474,0.1677,14.8239
2021-12-01,14.3159361812298,20.8927272727273,-6.57679109149752,9.245,41.0375,306.785416666667,62.1158333333333,2.39791666666667,0,0,0.006,5.5964,0,369.9528,68.9989,6.88,0.0129,120.9013,0.2217,0.0025,0.2015,0.0403,10.2523,14.8659,0.3733,0.7467,0.0185,0.4313,138.4064,3.36,0.1664,14.8659
2021-12-02,14.3595073373341,15.3767832167832,-1.01727587944911,13.25625,112.902083333333,314.85625,65.34,2.51541666666667,0,0,0.0064,7.7416,0,350.5589,69.0486,6.88,0.0128,120.9013,0.2217,0.0028,0.2005,0.0401,10.2813,14.9079,0.3747,0.7495,0.0183,0.4278,138.7974,3.3727,0.165,14.9079
2021-12-03,14.2484982747264,12.2573239507042,1.99117432402224,15.97875,113.564166666667,310.921666666667,50.8145833333333,2.09625,0,0,0.0061,8.1699,0,346.8963,69.0983,6.88,0.0127,120.9013,0.2217,0.0031,0.1995,0.0399,10.3102,14.9499,0.3761,0.7523,0.0182,0.4243,139.1884,3.3853,0.1637,14.9499
2021-12-04,14.2814840943196,12.7843055555556,1.497178538764,13.29125,89.1979166666667,312.670416666667,70.6695833333333,2.19041666666667,0,0,0.0061,8.3091,0,345.7206,69.1479,6.88,0.0126,120.9013,0.2217,0.0034,0.1985,0.0397,10.3392,14.9919,0.3776,0.7551,0.018,0.4208,139.5793,3.398,0.1623,14.9919
2021-12-05,14.1606452624151,19.5743749930556,-5.41372973064054,9.50333333333333,53.7158333333333,321.415416666667,65.52375,1.91416666666667,0,0,0.0061,7.4424,0,353.157,69.1976,6.88,0.0125,120.9013,0.2217,0.0036,0.1975,0.0395,10.3682,15.0338,0.379,0.7579,0.0179,0.4173,139.9703,3.4106,0.161,15.0338
2021-12-06,14.2387662923377,21.9331690140845,-7.69440272174685,13.44,63.1229166666667,357.669583333333,63.4083333333333,2.12541666666667,0,0,0.0067,8.599,0,343.2937,69.2473,6.88,0.0125,120.9013,0.2217,0.0039,0.1965,0.0393,10.3971,15.0758,0.3804,0.7607,0.0177,0.4138,140.3613,3.4233,0.1596,15.0758
2021-12-07,14.2191900223368,14.1732167692308,0.0459732531059576,5.75666666666667,121.395833333333,259.741666666667,49.7395833333333,2.76041666666667,0,0,0.0066,8.1293,0,347.2402,69.297,6.88,0.0124,120.9013,0.2217,0.0042,0.1955,0.0391,10.4261,15.1178,0.3818,0.7635,0.0176,0.4103,140.7523,3.4359,0.1583,15.1178
2021-12-08,14.1015260068671,14.6668794326241,-0.565353425756966,5.88125,71.7916666666667,297.352916666667,51.0895833333333,1.28583333333333,0,0,0.0066,7.6597,0,351.2663,69.3466,6.88,0.0123,120.9013,0.2217,0.0045,0.1945,0.0389,10.4551,15.1598,0.3832,0.7663,0.0174,0.4068,141.1433,3.4486,0.1569,15.1598
2021-12-09,13.9876266888636,10.9420979020979,3.04552878676568,3.62416666666667,63.4683333333333,261.324583333333,62.5066666666667,2.42125,0,0,0.0065,7.1901,0,355.3741,69.3963,6.88,0.0122,120.9013,0.2217,0.0048,0.1935,0.0387,10.484,15.2018,0.3846,0.7692,0.0173,0.4033,141.5342,3.4612,0.1556,15.2018
2021-12-10,14.0175773165429,16.6808391608392,-2.66326184429627,6.39875,42.7920833333333,326.749583333333,72.7079166666667,1.1375,0.00533375,0,0.0064,6.7205,0,359.5657,69.446,6.88,0.0121,120.9013,0.2217,0.005,0.1925,0.0385,10.513,15.2438,0.386,0.772,0.0171,0.3998,141.9252,3.4738,0.1542,15.2438
2021-12-11,13.9094542305996,16.4547916736111,-2.54533744301154,13.2704166666667,43.7683333333333,377.625416666667,94.1179166666667,2.33916666666667,0.000508333333333333,0,0.0063,6.2509,0,363.8433,69.4957,6.88,0.012,120.9013,0.2217,0.0053,0.1915,0.0383,10.5419,15.2858,0.3874,0.7748,0.017,0.3963,142.3162,3.4865,0.1529,15.2858
2021-12-12,13.922705487086,15.1268749930556,-1.20416950596956,7.80625,119.809583333333,280.783333333333,56.5241666666667,3.70625,0.000254166666666667,0,0.0063,5.7812,0,368.2092,69.5453,6.88,0.0119,120.9013,0.2217,0.0056,0.1904,0.0381,10.5709,15.3278,0.3888,0.7776,0.0168,0.3928,142.7072,3.4991,0.1515,15.3278
2021-12-13,13.8302950795308,12.5157142747253,1.31458080480551,5.34708333333333,116.940833333333,257.69,61.59125,2.53458333333333,0,0,0.0062,5.3116,0,372.6656,69.595,6.88,0.0118,120.9013,0.2217,0.0059,0.1894,0.0379,10.5999,15.3698,0.3902,0.7804,0.0167,0.3893,143.0981,3.5118,0.1502,15.3698
2021-12-14,13.8953545676687,24.8136842105263,-10.9183296428576,8.72833333333333,116.05875,270.193333333333,56.6158333333333,2.52791666666667,0,0,0.0061,4.842,0,377.215,69.6447,6.88,0.0118,120.9013,0.2217,0.0062,0.1884,0.0377,10.6288,15.4118,0.3916,0.7832,0.0165,0.3858,143.4891,3.5244,0.1488,15.4118
2021-12-15,13.7578700540598,18.9737323943662,-5.21586234030641,6.98916666666667,112.933333333333,272.105,71.7829166666667,2.09666666666667,0,0,0.006,4.3724,0,381.8597,69.6944,6.88,0.0117,120.9013,0.2217,0.0065,0.1874,0.0375,10.6578,15.4538,0.393,0.786,0.0164,0.3823,143.8801,3.5371,0.1475,15.4538
2021-12-16,13.8056565598944,13.9831250069444,-0.177468447050044,9.93125,113.109583333333,290.710416666667,77.81375,1.84416666666667,0,0,0.0063,5.7289,0,368.7019,69.744,6.88,0.0116,120.9013,0.2217,0.0067,0.1864,0.0373,10.6867,15.4958,0.3944,0.7888,0.0162,0.3788,144.2711,3.5497,0.1461,15.4958
2021-12-17,13.6943792770176,13.7297916597222,-0.0354123827046138,15.1416666666667,35.6945833333333,369.09375,80.9370833333333,2.03708333333333,0,0,0.0063,9.1559,0,338.7136,69.7937,6.88,0.0115,120.9013,0.2217,0.007,0.1854,0.0371,10.7157,15.5378,0.3958,0.7916,0.0161,0.3753,144.6621,3.5624,0.1448,15.5378
2021-12-18,13.7389360785864,19.8022222222222,-6.06328614363582,12.0341666666667,30.2933333333333,361.31625,97.3341666666667,1.5025,0.00228583333333333,0,0.0065,9.1995,0,338.36,69.8434,6.88,0.0114,120.9013,0.2217,0.0073,0.1844,0.0369,10.7447,15.5798,0.3972,0.7944,0.0159,0.3718,145.053,3.575,0.1434,15.5798
2021-12-19,13.6362532498789,11.8653472569444,1.77090599293451,9.05375,51.6954166666667,340.032083333333,74.97375,4.39458333333333,0,0,0.0067,7.3868,0,353.6437,69.8931,6.88,0.0113,120.9013,0.2217,0.0076,0.1834,0.0367,10.7736,15.6218,0.3986,0.7973,0.0158,0.3683,145.444,3.5877,0.1421,15.6218
2021-12-20,13.6349819812091,10.9541666944444,2.68081528676471,0.931666666666667,113.745416666667,237.380416666667,70.5816666666667,2.46916666666667,0,0,0.0061,3.1483,0,394.4328,69.9427,6.88,0.0112,120.9013,0.2217,0.0079,0.1824,0.0365,10.8026,15.6638,0.4,0.8001,0.0156,0.3648,145.835,3.6003,0.1407,15.6638
2021-12-21,13.530816790822,13.6590908951049,-0.128274104282943,2.14708333333333,63.9225,282.47625,69.0179166666667,1.71458333333333,0,0,0.006,3.8816,0,386.819,69.9924,6.88,0.0111,120.9013,0.2217,0.0081,0.1814,0.0363,10.8316,15.7058,0.4014,0.8029,0.0155,0.3613,146.226,3.613,0.1394,15.7058
2021-12-22,13.6262223752926,10.9528472152778,2.67337516001484,6.67208333333333,117.630833333333,280.51625,51.4141666666667,4.2775,0,0,0.0065,4.0064,0,385.5478,70.0421,6.88,0.0111,120.9013,0.2217,0.0084,0.1804,0.0361,10.8605,15.7477,0.4028,0.8057,0.0153,0.3578,146.6169,3.6256,0.138,15.7477
2021-12-23,13.5217405375111,9.9855943986014,3.53614613890966,4.6075,117.473333333333,253.180833333333,45.74125,3.69083333333333,0,0,0.0063,2.6857,0,399.3671,70.0918,6.88,0.011,120.9013,0.2217,0.0087,0.1794,0.0359,10.8895,15.7897,0.4043,0.8085,0.0152,0.3543,147.0079,3.6383,0.1366,15.7897
2021-12-24,13.3356143678492,10.5361805208333,2.79943384701587,8.6325,86.9366666666667,303.00125,54.6058333333333,1.57208333333333,0,0,0.0061,4.7507,0,378.1103,70.1415,6.88,0.0109,120.9013,0.2217,0.009,0.1784,0.0357,10.9184,15.8317,0.4057,0.8113,0.015,0.3508,147.3989,3.6509,0.1353,15.8317
2021-12-25,13.1459092143377,8.99734266433566,4.14856655000202,13.055,66.9791666666667,341.033333333333,65.8158333333333,2.14708333333333,0,0,0.0065,8.1717,0,346.8813,70.1911,6.88,0.0108,120.9013,0.2217,0.0093,0.1774,0.0355,10.9474,15.8737,0.4071,0.8141,0.0149,0.3473,147.7899,3.6635,0.1339,15.8737
2021-12-26,13.1283893595027,7.26312498611111,5.86526437339159,16.5104166666667,118.269583333333,329.04875,60.79,2.4225,0,0,0.0061,9.1345,0,338.888,70.2408,6.88,0.0107,120.9013,0.2217,0.0095,0.1763,0.0353,10.9764,15.9157,0.4085,0.8169,0.0147,0.3438,148.1809,3.6762,0.1326,15.9157
2021-12-27,13.0024466620688,6.69678320979021,6.30566345227862,10.3829166666667,62.14375,330.827083333333,71.5775,2.17583333333333,0,0,0.0059,7.7454,0,350.5256,70.2905,6.88,0.0106,120.9013,0.2217,0.0098,0.1753,0.0351,11.0053,15.9577,0.4099,0.8197,0.0146,0.3403,148.5718,3.6888,0.1312,15.9577
2021-12-28,13.0230785880857,6.55819446527778,6.46488412280795,14.4308333333333,56.92875,355.89875,69.0404166666667,2.13375,0,0,0.0062,9.7479,0,333.9615,70.3402,6.88,0.0105,120.9013,0.2217,0.0101,0.1743,0.0349,11.0343,15.9997,0.4113,0.8226,0.0144,0.3368,148.9628,3.7015,0.1299,15.9997
2021-12-29,12.9587540983215,7.53597220833333,5.42278188998817,13.575,24.75625,373.189166666667,93.525,1.98,0.00279416666666667,0,0.007,10.4255,0,328.6641,70.3898,6.88,0.0104,120.9013,0.2217,0.0104,0.1733,0.0347,11.0632,16.0417,0.4127,0.8254,0.0143,0.3333,149.3538,3.7141,0.1285,16.0417
2021-12-30,12.9806786885237,8.35293707692308,4.62774161160059,12.6291666666667,41.5941666666667,389.230416666667,99.7579166666667,1.35958333333333,0.00355625,0,0.0074,10.8729,0,325.2469,70.4395,6.88,0.0104,120.9013,0.2217,0.0107,0.1723,0.0345,11.0922,16.0837,0.4141,0.8282,0.0141,0.3298,149.7448,3.7268,0.1272,16.0837
2021-12-31,12.8702795462916,8.44248224822695,4.42779729806467,11.8033333333333,41.2804166666667,383.63625,96.5929166666667,1.13375,0.000508333333333333,0,0.0066,10.0697,0,331.4274,70.4892,6.88,0.0103,120.9013,0.2217,0.0109,0.1713,0.0343,11.1212,16.1257,0.4155,0.831,0.014,0.3263,150.1358,3.7394,0.1258,16.1257
2022-01-01,NA,NA,NA,14.2716666666667,64.9516666666667,382.941666666667,92.7741666666667,2.11208333333333,0.00330208333333333,0,0.0072,11.7433,0,318.7754,70.5389,6.88,0.0102,120.9013,0.2217,0.0112,0.1703,0.0341,11.1501,16.1677,0.4169,0.8338,0.0138,0.3228,150.5267,3.7521,0.1245,16.1677
2022-01-02,NA,NA,NA,15.3766666666667,26.0141666666667,386.650833333333,88.9691666666667,2.66125,0.0185425,0,0.015,11.7701,0,318.58,70.5885,6.88,0.0101,120.9013,0.2217,0.0115,0.1693,0.0339,11.1791,16.2097,0.4183,0.8366,0.0137,0.3193,150.9177,3.7647,0.1231,16.2097
2022-01-03,NA,NA,NA,3.82833333333333,61.64,329.020833333333,94.3941666666667,4.87458333333333,0.0149858333333333,0,0.0163,6.0356,0,365.8332,70.6382,6.88,0.01,120.9013,0.2217,0.0118,0.1683,0.0337,11.2081,16.2517,0.4197,0.8394,0.0135,0.3157,151.3087,3.7774,0.1218,16.2517
2022-01-04,NA,NA,NA,-2.15458333333333,124.802916666667,230.726666666667,69.76125,3.145,0.00177833333333333,0,0.0099,3.0901,0,395.0482,70.6879,6.88,0.0099,120.9013,0.2217,0.0121,0.1673,0.0335,11.237,16.2937,0.4211,0.8422,0.0134,0.3122,151.6997,3.79,0.1204,16.2937
2022-01-05,NA,NA,NA,0.954166666666667,54.3708333333333,274.044166666667,72.9833333333333,1.47416666666667,0.00253958333333333,0,0.0084,3.7692,0,387.9699,70.7376,6.88,0.0098,120.9013,0.2217,0.0123,0.1663,0.0333,11.266,16.3357,0.4225,0.845,0.0132,0.3087,152.0906,3.8027,0.1191,16.3357
2022-01-06,NA,NA,NA,6.14666666666667,79.3516666666667,292.745416666667,44.0733333333333,2.53583333333333,0,0,0.0084,4.5303,0,380.2871,70.7872,6.88,0.0097,120.9013,0.2217,0.0126,0.1653,0.0331,11.2949,16.3777,0.4239,0.8478,0.0131,0.3052,152.4816,3.8153,0.1177,16.3777
2022-01-07,NA,NA,NA,-3.15833333333333,125.102083333333,282.397083333333,64.4445833333333,2.83916666666667,0.000254166666666667,0,0.0089,1.612,0,411.2264,70.8369,6.88,0.0097,120.9013,0.2217,0.0129,0.1643,0.0329,11.3239,16.4197,0.4253,0.8507,0.0129,0.3017,152.8726,3.828,0.1164,16.4197
2022-01-08,NA,NA,NA,-5.76208333333333,123.45625,225.950416666667,56.5525,2.58666666666667,0,0,0.0072,0.0333,0,429.7545,70.8866,6.88,0.0096,120.9013,0.2217,0.0132,0.1633,0.0327,11.3529,16.4616,0.4267,0.8535,0.0128,0.2982,153.2636,3.8406,0.115,16.4616
2022-01-09,NA,NA,NA,1.30625,32.005,298.52625,77.875,1.42,0.00431833333333333,0,0.0085,2.1214,0,405.5284,70.9363,6.88,0.0095,120.9013,0.2217,0.0135,0.1622,0.0324,11.3818,16.5036,0.4281,0.8563,0.0126,0.2947,153.6546,3.8532,0.1137,16.5036
2022-01-10,NA,NA,NA,1.81375,128.455416666667,269.873333333333,46.0658333333333,3.3,0.000254166666666667,0,0.0096,1.8002,0,409.1054,70.9859,6.88,0.0094,120.9013,0.2217,0.0137,0.1612,0.0322,11.4108,16.5456,0.4295,0.8591,0.0125,0.2912,154.0455,3.8659,0.1123,16.5456
2022-01-11,NA,NA,NA,-3.01875,128.9,222.216666666667,42.2141666666667,2.24416666666667,0,0,0.0078,0.1498,0,428.3411,71.0356,6.88,0.0093,120.9013,0.2217,0.014,0.1602,0.032,11.4397,16.5876,0.4309,0.8619,0.0123,0.2877,154.4365,3.8785,0.111,16.5876
2022-01-12,NA,NA,NA,-0.214166666666667,124.473333333333,249.1575,56.4483333333333,1.60166666666667,0,0,0.0069,0.8401,0,420.1177,71.0853,6.88,0.0092,120.9013,0.2217,0.0143,0.1592,0.0318,11.4687,16.6296,0.4324,0.8647,0.0122,0.2842,154.8275,3.8912,0.1096,16.6296
2022-01-13,NA,NA,NA,4.65833333333333,56.7116666666667,292.69875,52.30125,2.37,0,0,0.0064,2.6233,0,400.0406,71.135,6.88,0.0091,120.9013,0.2217,0.0146,0.1582,0.0316,11.4977,16.6716,0.4338,0.8675,0.012,0.2807,155.2185,3.9038,0.1083,16.6716
2022-01-14,NA,NA,NA,3.2475,119.09,283.4775,77.3141666666667,3.64416666666667,0,0,0.0065,2.919,0,396.8665,71.1846,6.88,0.009,120.9013,0.2217,0.0149,0.1572,0.0314,11.5266,16.7136,0.4352,0.8703,0.0119,0.2772,155.6095,3.9165,0.1069,16.7136
2022-01-15,NA,NA,NA,0.0895833333333333,41.5716666666667,284.274166666667,66.9295833333333,2.545,0,0,0.006,1.7939,0,409.1767,71.2343,6.88,0.009,120.9013,0.2217,0.0151,0.1562,0.0312,11.5556,16.7556,0.4366,0.8731,0.0117,0.2737,156.0004,3.9291,0.1056,16.7556
2022-01-16,NA,NA,NA,-4.64791666666667,10.0245833333333,300.56,67.5466666666667,2.10625,0,0,0.0089,0.1626,0,428.1861,71.284,6.88,0.0089,120.9013,0.2217,0.0154,0.1552,0.031,11.5845,16.7976,0.438,0.8759,0.0116,0.2702,156.3914,3.9418,0.1042,16.7976
2022-01-17,NA,NA,NA,-1.42958333333333,55.225,318.955416666667,74.1333333333333,3.19041666666667,0,0,0.0082,0.1338,0,428.5354,71.3337,6.88,0.0088,120.9013,0.2217,0.0157,0.1542,0.0308,11.6135,16.8396,0.4394,0.8788,0.0114,0.2667,156.7824,3.9544,0.1029,16.8396
2022-01-18,NA,NA,NA,-1.385,142.760416666667,297.14125,60.9583333333333,2.38208333333333,0.00965208333333333,0,0.0061,0.2536,0,427.0871,71.3833,6.88,0.0087,120.9013,0.2217,0.016,0.1532,0.0306,11.6425,16.8816,0.4408,0.8816,0.0113,0.2632,157.1734,3.9671,0.1015,16.8816
2022-01-19,NA,NA,NA,-0.371666666666667,63.0379166666667,288.5025,76.07875,1.84208333333333,0.00558791666666667,0,0.0063,0.5796,0,423.1904,71.433,6.88,0.0086,120.9013,0.2217,0.0163,0.1522,0.0304,11.6714,16.9236,0.4422,0.8844,0.0111,0.2597,157.5643,3.9797,0.1002,16.9236
2022-01-20,NA,NA,NA,2.16041666666667,24.3691666666667,322.755416666667,80.7066666666667,3.72125,0.00177833333333333,0,0.0115,1.5926,0,411.4458,71.4827,6.88,0.0085,120.9013,0.2217,0.0165,0.1512,0.0302,11.7004,16.9656,0.4436,0.8872,0.011,0.2562,157.9553,3.9924,0.0988,16.9656
2022-01-21,NA,NA,NA,-4.84458333333333,89.0620833333333,278.735416666667,56.0245833333333,4.19916666666667,0.000254166666666667,0,0.0078,0.4136,0,425.167,71.5324,6.88,0.0084,120.9013,0.2217,0.0168,0.1502,0.03,11.7294,17.0076,0.445,0.89,0.0108,0.2527,158.3463,4.005,0.0975,17.0076
2022-01-22,NA,NA,NA,-6.51041666666667,149.77,215.09625,46.6845833333333,2.83166666666667,0,0,0.0093,-0.0209,0,430.4157,71.582,6.88,0.0083,120.9013,0.2217,0.0171,0.1492,0.0298,11.7583,17.0496,0.4464,0.8928,0.0107,0.2492,158.7373,4.0177,0.0961,17.0496
2022-01-23,NA,NA,NA,-0.889583333333333,123.944583333333,248.285416666667,53.60625,2.49333333333333,0,0,0.0063,0.0874,0,429.0974,71.6317,6.88,0.0083,120.9013,0.2217,0.0174,0.1481,0.0296,11.7873,17.0916,0.4478,0.8956,0.0105,0.2457,159.1283,4.0303,0.0948,17.0916
2022-01-24,NA,NA,NA,2.07458333333333,120.034583333333,264.789583333333,52.10625,2.06041666666667,0,0,0.0057,0.514,0,423.9703,71.6814,6.88,0.0082,120.9013,0.2217,0.0177,0.1471,0.0294,11.8162,17.1335,0.4492,0.8984,0.0104,0.2422,159.5192,4.0429,0.0934,17.1335
2022-01-25,NA,NA,NA,4.5675,135.585,294.130833333333,63.78375,2.47875,0,0,0.0072,2.0863,0,405.9168,71.7311,6.88,0.0081,120.9013,0.2217,0.018,0.1461,0.0292,11.8452,17.1755,0.4506,0.9012,0.0102,0.2387,159.9102,4.0556,0.0921,17.1755
2022-01-26,NA,NA,NA,-1.5325,151.708333333333,236.0375,53.3425,3.89791666666667,0,0,0.0064,0.4143,0,425.1595,71.7807,6.88,0.008,120.9013,0.2217,0.0182,0.1451,0.029,11.8742,17.2175,0.452,0.9041,0.0101,0.2352,160.3012,4.0682,0.0907,17.2175
2022-01-27,NA,NA,NA,-3.83083333333333,147.299583333333,226.44875,53.83625,1.78833333333333,0,0,0.008,0.0704,0,429.3036,71.8304,6.88,0.0079,120.9013,0.2217,0.0185,0.1441,0.0288,11.9031,17.2595,0.4573,0.9147,0.0101,0.236,160.6922,4.1159,0.091,17.2595
2022-01-28,NA,NA,NA,0.1325,49.0966666666667,297.522916666667,71.4225,1.49041666666667,0.000762083333333333,0,0.006,0.4916,0,424.237,71.8801,6.88,0.0078,120.9013,0.2217,0.0188,0.1431,0.0286,11.9321,17.3015,0.4626,0.9252,0.0102,0.2369,161.0832,4.1636,0.0914,17.3015
2022-01-29,NA,NA,NA,-4.07916666666667,153.09625,281.925833333333,62.7683333333333,4.20291666666667,0,0,0.0073,0.0135,0,429.9954,71.9298,6.88,0.0077,120.9013,0.2217,0.0191,0.1421,0.0284,11.961,17.3435,0.4679,0.9358,0.0102,0.2377,161.4741,4.2113,0.0917,17.3435
2022-01-30,NA,NA,NA,-6.57625,115.882083333333,229.70375,47.9670833333333,2.0725,0,0,0.0106,0.1035,0,428.9015,71.9794,6.88,0.0076,120.9013,0.2217,0.0194,0.1411,0.0282,11.99,17.3855,0.4732,0.9464,0.0102,0.2386,161.8651,4.259,0.092,17.3855
2022-01-31,NA,NA,NA,-3.66208333333333,118.914166666667,253.760833333333,64.9420833333333,1.86416666666667,0.000762083333333333,0,0.0061,0.0753,0,429.2441,72.0291,6.88,0.0076,120.9013,0.2217,0.0196,0.1401,0.028,12.019,17.4275,0.4785,0.957,0.0103,0.2394,162.2561,4.3067,0.0923,17.4275
2022-02-01,NA,NA,NA,-0.8575,119.887083333333,275.945416666667,71.605,1.52208333333333,0,0,0.0052,0.19,0,427.8549,72.0788,6.88,0.0075,120.9013,0.2217,0.0199,0.1391,0.0278,12.0479,17.4695,0.4838,0.9676,0.0103,0.2402,162.6471,4.3543,0.0927,17.4695
2022-02-02,NA,NA,NA,1.13041666666667,120.57,267.322083333333,73.4891666666667,1.53791666666667,0,0,0.0053,0.6185,0,422.7286,72.1285,6.88,0.0074,120.9013,0.2217,0.0202,0.1381,0.0276,12.0769,17.5115,0.4891,0.9782,0.0103,0.2411,163.038,4.402,0.093,17.5115
2022-02-03,NA,NA,NA,3.70708333333333,14.9270833333333,347.1575,96.3316666666667,1.78625,0.0241308333333333,0,0.0294,2.7193,0,399.0059,72.1781,6.88,0.0073,120.9013,0.2217,0.0205,0.1371,0.0274,12.1059,17.5535,0.4944,0.9888,0.0104,0.2419,163.429,4.4497,0.0933,17.5535
2022-02-04,NA,NA,NA,9.87958333333333,29.6958333333333,369.566666666667,93.1391666666667,3.16833333333333,0.0096525,0,0.0499,5.8008,0,368.0253,72.2278,6.88,0.0072,120.9013,0.2217,0.0208,0.1361,0.0272,12.1348,17.5955,0.4997,0.9994,0.0104,0.2428,163.82,4.4974,0.0936,17.5955
2022-02-05,NA,NA,NA,-1.65541666666667,169.657083333333,261.0075,57.3529166666667,3.64875,0,0,0.0239,2.8426,0,397.6823,72.2775,6.88,0.0071,120.9013,0.2217,0.021,0.1351,0.027,12.1638,17.6375,0.505,1.01,0.0104,0.2436,164.211,4.5451,0.094,17.6375
2022-02-06,NA,NA,NA,-3.34875,169.342916666667,229.28875,53.6320833333333,1.455,0,0,0.013,1.3491,0,414.2197,72.3272,6.88,0.007,120.9013,0.2217,0.0213,0.134,0.0268,12.1927,17.6795,0.5103,1.0206,0.0105,0.2444,164.602,4.5927,0.0943,17.6795
2022-02-07,NA,NA,NA,-2.62833333333333,50.865,270.222916666667,78.7320833333333,1.95958333333333,0.00203208333333333,0,0.0104,1.1835,0,416.1227,72.3768,6.88,0.0069,120.9013,0.2217,0.0216,0.133,0.0266,12.2217,17.7215,0.5156,1.0312,0.0105,0.2453,164.9929,4.6404,0.0946,17.7215
2022-02-08,NA,NA,NA,1.66875,175.615416666667,258.630833333333,68.1479166666667,2.45916666666667,0,0,0.0089,2.0104,0,406.7581,72.4265,6.88,0.0069,120.9013,0.2217,0.0219,0.132,0.0264,12.2507,17.7635,0.5209,1.0418,0.0105,0.2461,165.3839,4.6881,0.0949,17.7635
2022-02-09,NA,NA,NA,4.44083333333333,171.099166666667,263.521666666667,57.9095833333333,2.25166666666667,0,0,0.0078,2.8875,0,397.2023,72.4762,6.88,0.0068,120.9013,0.2217,0.0222,0.131,0.0262,12.2796,17.8055,0.5262,1.0524,0.0106,0.247,165.7749,4.7358,0.0953,17.8055
2022-02-10,NA,NA,NA,6.53458333333333,168.356666666667,273.926666666667,54.1845833333333,2.1025,0,0,0.0072,4.0303,0,385.3046,72.5259,6.88,0.0067,120.9013,0.2217,0.0224,0.13,0.026,12.3086,17.8474,0.5315,1.063,0.0106,0.2478,166.1659,4.7835,0.0956,17.8474
2022-02-11,NA,NA,NA,8.06,170.032916666667,277.44,49.66875,3.00333333333333,0,0,0.0066,4.7292,0,378.3223,72.5755,6.88,0.0066,120.9013,0.2217,0.0227,0.129,0.0258,12.3375,17.8894,0.5368,1.0736,0.0107,0.2486,166.5569,4.8312,0.0959,17.8894
2022-02-12,NA,NA,NA,9.08916666666667,91.2683333333333,310.84625,55.2704166666667,1.99583333333333,0,0,0.0062,5.916,0,366.9469,72.6252,6.88,0.0065,120.9013,0.2217,0.023,0.128,0.0256,12.3665,17.9314,0.5421,1.0842,0.0107,0.2495,166.9478,4.8788,0.0962,17.9314
2022-02-13,NA,NA,NA,3.24416666666667,78.735,315.040833333333,72.1404166666667,4.3675,0.00228625,0,0.0066,3.478,0,390.9784,72.6749,6.88,0.0064,120.9013,0.2217,0.0233,0.127,0.0254,12.3955,17.9734,0.5474,1.0948,0.0107,0.2503,167.3388,4.9265,0.0966,17.9734
2022-02-14,NA,NA,NA,-1.93333333333333,125.273333333333,251.125,52.0441666666667,2.18916666666667,0,0,0.0059,1.0479,0,417.6928,72.7246,6.88,0.0063,120.9013,0.2217,0.0236,0.126,0.0252,12.4244,18.0154,0.5527,1.1054,0.0108,0.2512,167.7298,4.9742,0.0969,18.0154
2022-02-15,NA,NA,NA,-1.62083333333333,179.2775,233.601666666667,61.2358333333333,1.97375,0,0,0.0066,0.936,0,418.9954,72.7742,6.88,0.0062,120.9013,0.2217,0.0238,0.125,0.025,12.4534,18.0574,0.558,1.116,0.0108,0.252,168.1208,5.0219,0.0972,18.0574
2022-02-16,NA,NA,NA,3.26875,105.588333333333,288.572083333333,61.05875,1.7325,0,0,0.0058,2.9855,0,396.1577,72.8239,6.88,0.0062,120.9013,0.2217,0.0241,0.124,0.0248,12.4824,18.0994,0.5633,1.1266,0.0108,0.2528,168.5117,5.0696,0.0975,18.0994
2022-02-17,NA,NA,NA,11.2420833333333,23.9395833333333,363.597916666667,86.86375,3.805,0,0,0.0059,7.5297,0,352.3955,72.8736,6.88,0.0061,120.9013,0.2217,0.0244,0.123,0.0246,12.5113,18.1414,0.5686,1.1372,0.0109,0.2537,168.9027,5.1173,0.0978,18.1414
2022-02-18,NA,NA,NA,9.54708333333333,161.997083333333,333.137083333333,68.80375,3.96333333333333,0.0104141666666667,0,0.0099,6.7607,0,359.2032,72.9233,6.88,0.006,120.9013,0.2217,0.0247,0.122,0.0244,12.5403,18.1834,0.5739,1.1478,0.0109,0.2545,169.2937,5.1649,0.0982,18.1834
2022-02-19,NA,NA,NA,1.01291666666667,184.75375,237.332083333333,50.1583333333333,3.26166666666667,0,0,0.0071,2.8832,0,397.2479,72.9729,6.88,0.0059,120.9013,0.2217,0.025,0.121,0.0242,12.5692,18.2254,0.5792,1.1584,0.0109,0.2554,169.6847,5.2126,0.0985,18.2254
2022-02-20,NA,NA,NA,0.685,188.76875,235.5875,35.1620833333333,2.57875,0,0,0.0066,2.2553,0,404.0517,73.0226,6.88,0.0058,120.9013,0.2217,0.0252,0.1199,0.024,12.5982,18.2674,0.5845,1.169,0.011,0.2562,170.0757,5.2603,0.0988,18.2674
2022-02-21,NA,NA,NA,5.39166666666667,178.068333333333,269.123333333333,52.685,2.41708333333333,0,0,0.0064,4.1956,0,383.6333,73.0723,6.88,0.0057,120.9013,0.2217,0.0255,0.1189,0.0238,12.6272,18.3094,0.5898,1.1796,0.011,0.257,170.4666,5.308,0.0991,18.3094
2022-02-22,NA,NA,NA,12.3991666666667,11.0270833333333,374.424583333333,90.4304166666667,2.67375,0.00685833333333333,0,0.0073,7.6532,0,351.3225,73.122,6.88,0.0056,120.9013,0.2217,0.0258,0.1179,0.0236,12.6561,18.3514,0.5951,1.1901,0.0111,0.2579,170.8576,5.3557,0.0995,18.3514
2022-02-23,NA,NA,NA,14.4845833333333,131.408333333333,366.624583333333,82.74625,1.65041666666667,0.00406416666666667,0,0.0081,9.7646,0,333.8295,73.1716,6.88,0.0055,120.9013,0.2217,0.0261,0.1169,0.0234,12.6851,18.3934,0.6004,1.2007,0.0111,0.2587,171.2486,5.4034,0.0998,18.3934
2022-02-24,NA,NA,NA,6.87125,15.5425,341.365416666667,90.3425,2.68541666666667,0.02057375,0,0.0175,6.7976,0,358.8715,73.2213,6.88,0.0055,120.9013,0.2217,0.0264,0.1159,0.0232,12.714,18.4354,0.6057,1.2113,0.0111,0.2596,171.6396,5.451,0.1001,18.4354
2022-02-25,NA,NA,NA,5.02666666666667,178.34375,317.373333333333,82.365,2.83166666666667,0.00254041666666667,0,0.018,6.4174,0,362.3165,73.271,6.88,0.0054,120.9013,0.2217,0.0266,0.1149,0.023,12.743,18.4774,0.611,1.2219,0.0112,0.2604,172.0306,5.4987,0.1004,18.4774
2022-02-26,NA,NA,NA,3.43,138.320833333333,299.069583333333,62.23,3.40791666666667,0,0,0.0129,5.4974,0,370.8918,73.3207,6.88,0.0053,120.9013,0.2217,0.0269,0.1139,0.0228,12.772,18.5193,0.6163,1.2325,0.0112,0.2613,172.4215,5.5464,0.1008,18.5193
2022-02-27,NA,NA,NA,6.15458333333333,130.459166666667,306.578333333333,40.1629166666667,2.06291666666667,0,0,0.0104,5.5003,0,370.8641,73.3703,6.88,0.0052,120.9013,0.2217,0.0272,0.1129,0.0226,12.8009,18.5613,0.6216,1.2431,0.0112,0.2621,172.8125,5.5941,0.1011,18.5613
2022-02-28,NA,NA,NA,7.30583333333333,202.13875,265.24375,33.9466666666667,2.91083333333333,0,0,0.0089,5.2988,0,372.7892,73.42,6.88,0.0051,120.9013,0.2217,0.0275,0.1119,0.0224,12.8299,18.6033,0.6269,1.2537,0.0113,0.2629,173.2035,5.6418,0.1014,18.6033
2022-03-01,NA,NA,NA,7.49666666666667,201.382083333333,278.7625,55.9475,1.48583333333333,0,0,0.008,6.0844,0,365.3809,73.4697,6.88,0.005,120.9013,0.2217,0.0278,0.1109,0.0222,12.8588,18.6453,0.6322,1.2643,0.0113,0.2638,173.5945,5.6894,0.1017,18.6453
2022-03-02,NA,NA,NA,13.2245833333333,201.74125,297.82375,33.5091666666667,2.30541666666667,0,0,0.0074,7.6301,0,351.5229,73.5194,6.88,0.0049,120.9013,0.2217,0.0281,0.1099,0.022,12.8878,18.6873,0.6375,1.2749,0.0113,0.2646,173.9854,5.7371,0.1021,18.6873
2022-03-03,NA,NA,NA,14.9641666666667,202.395833333333,316.484583333333,41.37125,2.31791666666667,0,0,0.0071,9.0143,0,339.8684,73.569,6.88,0.0048,120.9013,0.2217,0.0283,0.1089,0.0218,12.9168,18.7293,0.6428,1.2855,0.0114,0.2655,174.3764,5.7848,0.1024,18.7293
2022-03-04,NA,NA,NA,6.86041666666667,211.938333333333,284.92125,36.2025,2.56083333333333,0,0,0.0062,6.6105,0,360.5595,73.6187,6.88,0.0048,120.9013,0.2217,0.0286,0.1079,0.0216,12.9457,18.7713,0.6481,1.2961,0.0114,0.2663,174.7674,5.8325,0.1027,18.7713
2022-03-05,NA,NA,NA,10.1716666666667,207.937083333333,302.814166666667,54.2245833333333,2.15541666666667,0,0,0.006,8.1682,0,346.9104,73.6684,6.88,0.0047,120.9013,0.2217,0.0289,0.1069,0.0214,12.9747,18.8133,0.6534,1.3067,0.0114,0.2671,175.1584,5.8802,0.103,18.8133
2022-03-06,NA,NA,NA,16.9770833333333,90.3875,363.199583333333,72.4383333333333,2.62208333333333,0,0,0.0063,10.9554,0,324.6236,73.7181,6.88,0.0046,120.9013,0.2217,0.0292,0.1058,0.0212,13.0037,18.8553,0.6587,1.3173,0.0115,0.268,175.5494,5.9279,0.1034,18.8553
2022-03-07,NA,NA,NA,17.5233333333333,111.176666666667,360.685416666667,75.8754166666667,3.635,0.00177791666666667,0,0.0068,11.7192,0,318.952,73.7677,6.88,0.0045,120.9013,0.2217,0.0295,0.1048,0.021,13.0326,18.8973,0.6639,1.3279,0.0115,0.2688,175.9403,5.9755,0.1037,18.8973
2022-03-08,NA,NA,NA,9.84125,224.535416666667,299.45,55.82125,3.58833333333333,0.000508333333333333,0,0.0064,9.237,0,338.056,73.8174,6.88,0.0044,120.9013,0.2217,0.0297,0.1038,0.0208,13.0616,18.9393,0.6692,1.3385,0.0116,0.2697,176.3313,6.0232,0.104,18.9393
2022-03-09,NA,NA,NA,7.47791666666667,88.3066666666667,349.160833333333,87.3120833333333,1.86791666666667,0.01828875,0,0.0144,8.2953,0,345.8365,73.8671,6.88,0.0043,120.9013,0.2217,0.03,0.1028,0.0206,13.0905,18.9813,0.6745,1.3491,0.0116,0.2705,176.7223,6.0709,0.1043,18.9813
2022-03-10,NA,NA,NA,6.005,165.301666666667,310.2525,78.2029166666667,2.36083333333333,0,0,0.0093,7.6243,0,351.5735,73.9168,6.88,0.0042,120.9013,0.2217,0.0303,0.1018,0.0204,13.1195,19.0233,0.6798,1.3597,0.0116,0.2713,177.1133,6.1186,0.1047,19.0233
2022-03-11,NA,NA,NA,7.33333333333333,210.920833333333,287.49625,78.34,1.98416666666667,0,0,0.0083,8.0834,0,347.6302,73.9664,6.88,0.0041,120.9013,0.2217,0.0306,0.1008,0.0202,13.1485,19.0653,0.6851,1.3703,0.0117,0.2722,177.5043,6.1663,0.105,19.0653
2022-03-12,NA,NA,NA,3.23041666666667,80.8058333333333,309.380833333333,75.1629166666667,4.41083333333333,0.00990583333333333,0,0.0084,4.7049,0,378.5612,74.0161,6.88,0.0041,120.9013,0.2217,0.0309,0.0998,0.02,13.1774,19.1073,0.6904,1.3809,0.0117,0.273,177.8952,6.214,0.1053,19.1073
2022-03-13,NA,NA,NA,-2.4625,236.376666666667,229.103333333333,41.65,2.40083333333333,0.000254166666666667,0,0.0084,2.6131,0,400.1509,74.0658,6.88,0.004,120.9013,0.2217,0.0311,0.0988,0.0198,13.2064,19.1493,0.6957,1.3915,0.0117,0.2739,178.2862,6.2616,0.1056,19.1493
2022-03-14,NA,NA,NA,8.47333333333333,218.004166666667,276.526666666667,39.40125,2.57,0,0,0.0084,5.7964,0,368.0674,74.1155,6.88,0.0039,120.9013,0.2217,0.0314,0.0978,0.0196,13.2353,19.1913,0.701,1.4021,0.0118,0.2747,178.6772,6.3093,0.106,19.1913
2022-03-15,NA,NA,NA,10.29125,206.52,295.019166666667,53.865,2.26125,0,0,0.0082,7.4718,0,352.9004,74.1651,6.88,0.0038,120.9013,0.2217,0.0317,0.0968,0.0194,13.2643,19.2332,0.7063,1.4127,0.0118,0.2755,179.0682,6.357,0.1063,19.2332
2022-03-16,NA,NA,NA,11.46875,103.88375,332.314166666667,68.3816666666667,2.01166666666667,0.00152458333333333,0,0.0083,8.5636,0,343.5878,74.2148,6.88,0.0037,120.9013,0.2217,0.032,0.0958,0.0192,13.2933,19.2752,0.7116,1.4233,0.0118,0.2764,179.4591,6.4047,0.1066,19.2752
2022-03-17,NA,NA,NA,13.0683333333333,170.452916666667,371.3725,85.14875,2.73041666666667,0.00381041666666667,0,0.0089,10.5865,0,327.4276,74.2645,6.88,0.0036,120.9013,0.2217,0.0323,0.0948,0.019,13.3222,19.3172,0.7169,1.4339,0.0119,0.2772,179.8501,6.4524,0.1069,19.3172
2022-03-18,NA,NA,NA,13.8308333333333,143.689583333333,332.004166666667,76.6716666666667,3.26875,0,0,0.0079,10.7947,0,325.8399,73.9333,6.88,0.0035,120.9013,0.2229,0.0323,0.0959,0.0192,13.6118,19.7372,0.7119,1.4238,0.012,0.2791,183.7599,6.407,0.1076,19.7372
2022-03-19,NA,NA,NA,15.9079166666667,129.105416666667,358.199166666667,72.6883333333333,2.06416666666667,0,0,0.0074,11.5697,0,320.0482,73.6022,6.88,0.0034,120.9013,0.2241,0.0323,0.0971,0.0194,13.9015,20.1571,0.7068,1.4137,0.012,0.281,187.6697,6.3616,0.1084,20.1571
2022-03-20,NA,NA,NA,11.2866666666667,140.985416666667,312.6875,49.8745833333333,2.82083333333333,0,0,0.007,9.1617,0,338.667,73.271,6.88,0.0034,120.9013,0.2253,0.0323,0.0982,0.0196,14.1911,20.5771,0.7018,1.4036,0.0121,0.2828,191.5795,6.3162,0.1091,20.5771
2022-03-21,NA,NA,NA,12.9691666666667,232.851666666667,293.610833333333,36.7104166666667,3.15708333333333,0,0,0.0069,9.6201,0,334.9776,72.9398,6.88,0.0033,120.9013,0.2265,0.0323,0.0993,0.0199,14.4807,20.997,0.6968,1.3935,0.0122,0.2847,195.4893,6.2708,0.1098,20.997
2022-03-22,NA,NA,NA,13.0145833333333,151.06,316.79875,51.2720833333333,2.39875,0,0,0.0069,10.0347,0,331.7014,72.6087,6.88,0.0032,120.9013,0.2278,0.0323,0.1005,0.0201,14.7703,21.4169,0.6917,1.3834,0.0123,0.2866,199.3991,6.2254,0.1105,21.4169
2022-03-23,NA,NA,NA,13.5270833333333,35.9795833333333,365.179583333333,81.4991666666667,2.2675,0.0152408333333333,0,0.012,10.3559,0,329.2013,72.2775,6.88,0.0031,120.9013,0.229,0.0323,0.1016,0.0203,15.0599,21.8369,0.6867,1.3733,0.0124,0.2884,203.3088,6.1801,0.1113,21.8369
2022-03-24,NA,NA,NA,15.41375,107.259166666667,374.5775,79.2891666666667,1.86666666666667,0.0152404166666667,0,0.0174,11.254,0,322.3856,71.9463,6.88,0.003,120.9013,0.2302,0.0323,0.1028,0.0206,15.3495,22.2568,0.6816,1.3633,0.0124,0.2903,207.2186,6.1347,0.112,22.2568
2022-03-25,NA,NA,NA,10.7329166666667,151.1425,317.96875,54.1141666666667,2.76833333333333,0.000507916666666667,0,0.015,9.3555,0,337.0983,71.6151,6.88,0.0029,120.9013,0.2314,0.0323,0.1039,0.0208,15.6391,22.6768,0.6766,1.3532,0.0125,0.2922,211.1284,6.0893,0.1127,22.6768
2022-03-26,NA,NA,NA,5.645,149.9775,299.570416666667,56.185,3.42083333333333,0,0,0.0125,7.1659,0,355.5877,71.284,6.88,0.0028,120.9013,0.2326,0.0323,0.1051,0.021,15.9288,23.0967,0.6715,1.3431,0.0126,0.2941,215.0382,6.0439,0.1134,23.0967
2022-03-27,NA,NA,NA,2.375,264.4525,254.431666666667,46.2545833333333,3.18166666666667,0,0,0.0103,5.6165,0,369.7625,70.9528,6.88,0.0028,120.9013,0.2338,0.0323,0.1062,0.0212,16.2184,23.5166,0.6665,1.333,0.0127,0.2959,218.948,5.9985,0.1141,23.5166
2022-03-28,NA,NA,NA,2.24875,270.644166666667,239.032916666667,33.6291666666667,2.99541666666667,0,0,0.0087,4.5625,0,379.9679,70.6216,6.88,0.0027,120.9013,0.235,0.0323,0.1074,0.0215,16.508,23.9366,0.6615,1.3229,0.0128,0.2978,222.8578,5.9531,0.1149,23.9366
2022-03-29,NA,NA,NA,3.05666666666667,177.035833333333,263.66875,32.4229166666667,1.99958333333333,0,0,0.0075,5.0175,0,375.504,70.2905,6.88,0.0026,120.9013,0.2362,0.0323,0.1085,0.0217,16.7976,24.3565,0.6564,1.3128,0.0128,0.2997,226.7675,5.9078,0.1156,24.3565
2022-03-30,NA,NA,NA,9.64541666666667,242.904583333333,324.790416666667,47.8470833333333,2.56875,0,0,0.0071,8.671,0,342.6949,69.9593,6.88,0.0025,120.9013,0.2374,0.0323,0.1096,0.0219,17.0872,24.7765,0.6514,1.3027,0.0129,0.3015,230.6773,5.8624,0.1163,24.7765
2022-03-31,NA,NA,NA,16.87,54.54875,395.1675,82.83,4.41875,0.0045725,0,0.0081,11.7765,0,318.5337,69.6281,6.88,0.0025,120.9013,0.2386,0.0323,0.1108,0.0222,17.3768,25.1964,0.6463,1.2927,0.013,0.3034,234.5871,5.817,0.117,25.1964
2022-04-01,NA,NA,NA,10.085,194.792083333333,325.600416666667,56.7933333333333,2.71833333333333,0.000254166666666667,0,0.0076,9.0715,0,339.4014,69.297,6.88,0.0025,120.9013,0.2398,0.0323,0.1119,0.0224,17.6664,25.6163,0.6413,1.2826,0.0131,0.3053,238.4969,5.7716,0.1177,25.6163
2022-04-02,NA,NA,NA,6.93708333333333,268.652916666667,272.486666666667,49.8108333333333,2.3825,0,0,0.0067,8.4334,0,344.6758,68.9658,6.88,0.0024,120.9013,0.241,0.0323,0.1131,0.0226,17.9561,26.0363,0.6362,1.2725,0.0132,0.3071,242.4067,5.7262,0.1185,26.0363
2022-04-03,NA,NA,NA,12.6483333333333,275.222916666667,302.900416666667,41.6579166666667,2.9175,0,0,0.0069,9.5214,0,335.7664,68.6346,6.88,0.0024,120.9013,0.2422,0.0323,0.1142,0.0228,18.2457,26.4562,0.6312,1.2624,0.0132,0.309,246.3165,5.6808,0.1192,26.4562
2022-04-04,NA,NA,NA,8.6225,217.087916666667,293.084166666667,51.90125,2.39791666666667,0,0,0.0066,8.9839,0,340.1172,68.3035,6.88,0.0024,120.9013,0.2434,0.0323,0.1154,0.0231,18.5353,26.8762,0.6262,1.2523,0.0133,0.3109,250.2263,5.6354,0.1199,26.8762
2022-04-05,NA,NA,NA,13.58125,89.1120833333333,358.13375,65.1816666666667,1.59375,0.00558791666666667,0,0.0095,10.5091,0,328.0212,67.9723,6.88,0.0023,120.9013,0.2446,0.0323,0.1165,0.0233,18.8249,27.2961,0.6211,1.2422,0.0134,0.3128,254.136,5.5901,0.1206,27.2961
2022-04-06,NA,NA,NA,16.8491666666667,199.860416666667,359.435416666667,76.7341666666667,1.75833333333333,0.0139695833333333,0,0.015,12.4192,0,313.9061,67.6411,6.88,0.0023,120.9013,0.2458,0.0323,0.1177,0.0235,19.1145,27.716,0.6161,1.2322,0.0135,0.3146,258.0458,5.5447,0.1214,27.716
2022-04-07,NA,NA,NA,15.1383333333333,84.4941666666667,362.87625,79.04375,2.43833333333333,0.00787458333333333,0,0.0136,11.9307,0,317.4119,67.31,6.88,0.0023,120.9013,0.247,0.0323,0.1188,0.0238,19.4041,28.136,0.611,1.2221,0.0136,0.3165,261.9556,5.4993,0.1221,28.136
2022-04-08,NA,NA,NA,10.5983333333333,159.300416666667,293.673333333333,57.1770833333333,2.1425,0.000762083333333333,0,0.0119,9.4104,0,336.6563,66.9788,6.88,0.0022,120.9013,0.2482,0.0323,0.1199,0.024,19.6937,28.5559,0.606,1.212,0.0136,0.3184,265.8654,5.4539,0.1228,28.5559
2022-04-09,NA,NA,NA,5.68583333333333,159.009583333333,284.474583333333,61.03,2.38416666666667,0.00101583333333333,0,0.0109,7.7014,0,350.9061,66.6476,6.88,0.0022,120.9013,0.2494,0.0323,0.1211,0.0242,19.9833,28.9759,0.6009,1.2019,0.0137,0.3202,269.7752,5.4085,0.1235,28.9759
2022-04-10,NA,NA,NA,7.26166666666667,252.1675,283.167916666667,47.6779166666667,2.49583333333333,0,0,0.0094,8.2347,0,346.3481,66.3165,6.88,0.0022,120.9013,0.2507,0.0323,0.1222,0.0244,20.273,29.3958,0.5959,1.1918,0.0138,0.3221,273.685,5.3631,0.1242,29.3958
2022-04-11,NA,NA,NA,13.1458333333333,252.786666666667,298.652083333333,49.4795833333333,2.76583333333333,0,0,0.0089,10.5944,0,327.367,65.9853,6.88,0.0021,120.9013,0.2519,0.0323,0.1234,0.0247,20.5626,29.8157,0.5909,1.1817,0.0139,0.324,277.5948,5.3178,0.125,29.8157
2022-04-12,NA,NA,NA,19.3954166666667,143.219166666667,370.687083333333,48.9116666666667,1.56541666666667,0,0,0.0086,12.7497,0,311.5725,65.6541,6.88,0.0021,120.9013,0.2531,0.0323,0.1245,0.0249,20.8522,30.2357,0.5858,1.1716,0.014,0.3258,281.5045,5.2724,0.1257,30.2357
2022-04-13,NA,NA,NA,19.25375,204.688333333333,359.997083333333,66.4091666666667,2.86166666666667,0,0,0.0082,14.2062,0,301.6464,65.323,6.88,0.0021,120.9013,0.2543,0.0323,0.1257,0.0251,21.1418,30.6556,0.5808,1.1616,0.014,0.3277,285.4143,5.227,0.1264,30.6556
2022-04-14,NA,NA,NA,18.94125,138.050416666667,352.36625,60.3945833333333,3.1875,0,0,0.0081,13.8508,0,304.0161,64.9918,6.88,0.002,120.9013,0.2555,0.0323,0.1268,0.0254,21.4314,31.0756,0.5757,1.1515,0.0141,0.3296,289.3241,5.1816,0.1271,31.0756
2022-04-15,NA,NA,NA,14.2216666666667,293.08125,285.19125,26.7575,2.93208333333333,0,0,0.0072,12.2983,0,314.767,64.6606,6.88,0.002,120.9013,0.2567,0.0323,0.128,0.0256,21.721,31.4955,0.5707,1.1414,0.0142,0.3315,293.2339,5.1362,0.1278,31.4955
2022-04-16,NA,NA,NA,17.255,236.940833333333,332.290416666667,38.6466666666667,1.92291666666667,0,0,0.0072,13.5883,0,305.7876,64.3294,6.88,0.002,120.9013,0.2579,0.0323,0.1291,0.0258,22.0106,31.9154,0.5656,1.1313,0.0143,0.3333,297.1437,5.0908,0.1286,31.9154
2022-04-17,NA,NA,NA,15.2770833333333,289.64625,299.88125,41.01375,2.60458333333333,0,0,0.007,13.2511,0,308.0904,63.9983,6.88,0.0019,120.9013,0.2591,0.0323,0.1302,0.026,22.3003,32.3354,0.5606,1.1212,0.0144,0.3352,301.0535,5.0455,0.1293,32.3354
2022-04-18,NA,NA,NA,6.36333333333333,57.15625,331.090833333333,73.11625,2.7825,0.0228604166666667,0,0.0167,8.779,0,341.8018,63.6671,6.88,0.0019,120.9013,0.2603,0.0323,0.1314,0.0263,22.5899,32.7553,0.5556,1.1111,0.0144,0.3371,304.9633,5.0001,0.13,32.7553
2022-04-19,NA,NA,NA,5.3425,311.740416666667,278.436666666667,55.47625,3.05958333333333,0.000254166666666667,0,0.0128,8.687,0,342.5627,63.3359,6.88,0.0019,120.9013,0.2615,0.0323,0.1325,0.0265,22.8795,33.1753,0.5505,1.101,0.0145,0.3389,308.873,4.9547,0.1307,33.1753
2022-04-20,NA,NA,NA,8.29125,290.202916666667,266.127083333333,48.2454166666667,1.94166666666667,0,0,0.0104,9.6197,0,334.9809,63.0048,6.88,0.0019,120.9013,0.2627,0.0323,0.1337,0.0267,23.1691,33.5952,0.5854,1.1708,0.0154,0.3602,312.7828,5.2686,0.1389,33.5952
2022-04-21,NA,NA,NA,14.2104166666667,148.923333333333,329.8775,55.2325,2.2475,0,0,0.0092,10.8436,0,325.4685,62.6736,6.88,0.0019,120.9013,0.2639,0.0323,0.1348,0.027,23.4587,34.0151,0.6203,1.2406,0.0163,0.3815,316.6926,5.5825,0.1471,34.0151
2022-04-22,NA,NA,NA,18.1016666666667,294.338333333333,325.30125,66.03625,1.99583333333333,0,0,0.009,13.5654,0,305.9432,62.3424,6.88,0.002,120.9013,0.2651,0.0323,0.136,0.0272,23.7483,34.4351,0.6552,1.3103,0.0173,0.4028,320.6024,5.8965,0.1554,34.4351
2022-04-23,NA,NA,NA,19.5225,284.175416666667,337.567083333333,61.8908333333333,2.08,0,0,0.0087,15.1622,0,295.4336,62.0113,6.88,0.002,120.9013,0.2663,0.0323,0.1371,0.0274,24.0379,34.855,0.69,1.3801,0.0182,0.4241,324.5122,6.2104,0.1636,34.855
2022-04-24,NA,NA,NA,21.6170833333333,292.87,340.65375,60.8291666666667,2.35,0,0,0.0082,16.2658,0,288.5398,61.6801,6.88,0.0021,120.9013,0.2675,0.0323,0.1383,0.0277,24.3276,35.275,0.7249,1.4499,0.0191,0.4453,328.422,6.5243,0.1718,35.275
2022-04-25,NA,NA,NA,22.3166666666667,279.409583333333,344.318333333333,49.9216666666667,2.20625,0,0,0.0079,16.8191,0,285.1914,61.3489,6.88,0.0021,120.9013,0.2687,0.0323,0.1394,0.0279,24.6172,35.6949,0.7598,1.5196,0.02,0.4666,332.3318,6.8383,0.18,35.6949
2022-04-26,NA,NA,NA,19.04625,116.142916666667,356.00375,68.7304166666667,2.06125,0.000762083333333333,0,0.0074,15.2628,0,294.7929,61.0178,6.88,0.0022,120.9013,0.2699,0.0323,0.1405,0.0281,24.9068,36.1148,0.7947,1.5894,0.0209,0.4879,336.2415,7.1522,0.1882,36.1148
2022-04-27,NA,NA,NA,12.09875,309.99,277.9625,41.79,3.76,0,0,0.007,12.1093,0,316.1224,60.6866,6.88,0.0022,120.9013,0.2711,0.0323,0.1417,0.0283,25.1964,36.5348,0.8296,1.6591,0.0218,0.5092,340.1513,7.4661,0.1964,36.5348
2022-04-28,NA,NA,NA,12.98875,314.473333333333,279.7775,34.3358333333333,2.83416666666667,0,0,0.0066,11.9885,0,316.9933,60.3554,6.88,0.0023,120.9013,0.2723,0.0323,0.1428,0.0286,25.486,36.9547,0.8645,1.7289,0.0227,0.5305,344.0611,7.7801,0.2046,36.9547
2022-04-29,NA,NA,NA,12.5683333333333,166.271666666667,327.96,33.47875,1.7925,0,0,0.0063,11.5205,0,320.4102,60.0243,6.88,0.0023,120.9013,0.2735,0.0323,0.144,0.0288,25.7756,37.3747,0.8993,1.7987,0.0236,0.5517,347.9709,8.094,0.2128,37.3747
2022-04-30,NA,NA,NA,11.35375,56.2858333333333,350.574166666667,75.2445833333333,1.05416666666667,0.00482583333333333,0,0.007,11.2695,0,322.2699,59.6931,6.88,0.0023,120.9013,0.2748,0.0323,0.1451,0.029,26.0652,37.7946,0.9342,1.8684,0.0246,0.573,351.8807,8.4079,0.221,37.7946
2022-05-01,NA,NA,NA,12.3008333333333,113.254166666667,370.625,98.5533333333333,1.08833333333333,0.000254166666666667,0,0.0069,12.0379,0,316.6366,59.3619,6.88,0.0024,120.9013,0.276,0.0323,0.1463,0.0293,26.3548,38.2145,0.9691,1.9382,0.0255,0.5943,355.7905,8.7219,0.2292,38.2145
2022-05-02,NA,NA,NA,19.8908333333333,302.487916666667,335.498333333333,62.9775,1.79833333333333,0,0,0.0069,14.5264,0,299.5402,59.0308,6.88,0.0024,120.9013,0.2772,0.0323,0.1474,0.0295,26.6445,38.6345,1.004,2.008,0.0264,0.6156,359.7002,9.0358,0.2374,38.6345
2022-05-03,NA,NA,NA,18.4970833333333,240.1625,343.157916666667,62.4570833333333,2.38333333333333,0.00254,0,0.0068,14.9866,0,296.5578,62.5672,6.88,0.0025,120.9013,0.3247,0.0392,0.1459,0.0292,24.7413,35.8749,0.9266,1.8531,0.0233,0.5427,334.0074,8.3391,0.2093,35.8749
2022-05-04,NA,NA,NA,21.2879166666667,261.590833333333,387.842083333333,75.94875,1.72333333333333,0.0007625,0,0.0069,16.1352,0,289.3407,66.1036,6.88,0.0026,120.9013,0.3722,0.0461,0.1444,0.0289,22.8381,33.1153,0.8492,1.6983,0.0201,0.4698,308.3145,7.6424,0.1812,33.1153
2022-05-05,NA,NA,NA,18.2225,239.100833333333,340.405833333333,69.6979166666667,2.64875,0,0,0.006,15.3386,0,294.3117,69.64,6.88,0.0026,120.9013,0.4197,0.053,0.1429,0.0286,20.9349,30.3557,0.7717,1.5435,0.017,0.3969,282.6216,6.9457,0.1531,30.3557
2022-05-06,NA,NA,NA,17.2595833333333,34.7066666666667,393.7075,95.7945833333333,1.8175,0.00508041666666667,0,0.0105,14.3268,0,300.8503,73.1764,6.88,0.0027,120.9013,0.4672,0.0599,0.1414,0.0283,19.0318,27.5961,0.6943,1.3887,0.0139,0.324,256.9287,6.249,0.125,27.5961
2022-05-07,NA,NA,NA,12.2008333333333,74.4929166666667,371.861666666667,99.5145833333333,2.93083333333333,0.0190508333333333,0,0.0115,12.5995,0,312.6292,76.7128,6.88,0.0027,120.9013,0.5147,0.0668,0.1399,0.028,17.1286,24.8364,0.6169,1.2339,0.0108,0.2511,231.2359,5.5524,0.0969,24.8364
2022-05-08,NA,NA,NA,8.3275,151.884583333333,340.84125,83.3104166666667,4.54291666666667,0,0,0.0087,10.5714,0,327.5433,80.2492,6.88,0.0028,120.9013,0.5622,0.0737,0.1384,0.0277,15.2254,22.0768,0.5395,1.079,0.0076,0.1782,205.543,4.8557,0.0687,22.0768
2022-05-09,NA,NA,NA,11.2566666666667,327.829166666667,296.029166666667,67.9708333333333,2.23791666666667,0,0,0.0083,11.3659,0,321.5535,83.7856,6.88,0.0029,120.9013,0.6098,0.0806,0.1369,0.0274,13.3222,19.3172,0.4621,0.9242,0.0045,0.1053,179.8501,4.159,0.0406,19.3172
2022-05-10,NA,NA,NA,13.9066666666667,327.94375,289.453333333333,56.51,3.12416666666667,0,0,0.008,12.1604,0,315.7547,85.2137,6.88,0.0032,120.9013,0.5474,0.0726,0.1356,0.0271,13.4263,19.4682,0.5072,1.0144,0.0054,0.1252,181.2552,4.5647,0.0483,19.4682
2022-05-11,NA,NA,NA,16.33125,327.807083333333,303.971666666667,54.16375,2.56708333333333,0,0,0.0076,13.1044,0,309.1023,86.6419,6.88,0.0035,120.9013,0.485,0.0645,0.1343,0.0269,13.5304,19.6191,0.5523,1.1045,0.0062,0.145,182.6603,4.9704,0.0559,19.6191
2022-05-12,NA,NA,NA,17.7195833333333,184.542083333333,352.023333333333,73.2695833333333,2.10125,0.00228625,0,0.0073,13.8635,0,303.9308,88.0701,6.88,0.0039,120.9013,0.4227,0.0565,0.1329,0.0266,13.6345,19.77,0.5973,1.1947,0.0071,0.1649,184.0654,5.3761,0.0636,19.77
2022-05-13,NA,NA,NA,18.53625,188.170833333333,398.18375,95.5183333333333,1.84375,0.00406458333333333,0,0.0072,14.8245,0,297.6022,89.4982,6.88,0.0042,120.9013,0.3603,0.0484,0.1316,0.0263,13.7386,19.9209,0.6424,1.2849,0.0079,0.1847,185.4704,5.7819,0.0713,19.9209
2022-05-14,NA,NA,NA,19.18875,155.583333333333,401.2,93.735,1.045,0.00203166666666667,0,0.0083,15.0595,0,296.0902,90.9264,6.88,0.0045,120.9013,0.2979,0.0403,0.1303,0.0261,13.8426,20.0718,0.6875,1.375,0.0088,0.2046,186.8755,6.1876,0.0789,20.0718
2022-05-15,NA,NA,NA,19.7783333333333,260.04125,387.253333333333,83.3633333333333,1.71791666666667,0.000254166666666667,0,0.0074,15.7949,0,291.446,92.3546,6.88,0.0049,120.9013,0.2356,0.0323,0.129,0.0258,13.9467,20.2227,0.7326,1.4652,0.0096,0.2244,188.2806,6.5933,0.0866,20.2227
2022-05-16,NA,NA,NA,20.69375,232.55125,376.78,77.7595833333333,1.95958333333333,0,0,0.0069,16.2323,0,288.7451,93.7827,6.88,0.0052,120.9013,0.1732,0.0242,0.1277,0.0255,14.0508,20.3736,0.7777,1.5553,0.0105,0.2443,189.6857,6.999,0.0942,20.3736
2022-05-17,NA,NA,NA,19.72375,314.52125,323.989583333333,51.6375,2.07041666666667,0,0,0.0065,15.5692,0,292.8575,95.2109,6.88,0.0055,120.9013,0.1109,0.0161,0.1264,0.0253,14.1549,20.5246,0.8228,1.6455,0.0113,0.2642,191.0908,7.4048,0.1019,20.5246
2022-05-18,NA,NA,NA,19.49375,269.464583333333,337.612916666667,61.6991666666667,2.13291666666667,0,0,0.0061,15.7145,0,291.9474,89.1809,6.88,0.0093,120.9013,0.1755,0.0188,0.1158,0.0232,15.1263,21.9331,0.9263,1.8525,0.0133,0.3099,204.2048,8.3364,0.1196,21.9331
2022-05-19,NA,NA,NA,23.7804166666667,293.562083333333,382.01875,54.7991666666667,1.9325,0,0,0.0705,15.9573,0,290.4379,83.1508,6.88,0.0131,120.9013,0.2402,0.0215,0.1053,0.0211,16.0977,23.3417,1.0298,2.0596,0.0152,0.3557,217.3189,9.268,0.1372,23.3417
2022-05-20,NA,NA,NA,23.1920833333333,291.15375,392.580833333333,77.3854166666667,2.00583333333333,0.00152416666666667,0,0.1107,15.8232,0,291.2696,77.1208,6.88,0.0169,120.9013,0.3049,0.0242,0.0948,0.019,17.0691,24.7502,1.1333,2.2666,0.0172,0.4015,230.433,10.1996,0.1549,24.7502
2022-05-21,NA,NA,NA,24.2825,235.355416666667,370.9175,66.53375,1.275,0.00736583333333333,0,0.1115,15.9551,0,290.4515,71.0908,6.88,0.0207,120.9013,0.3695,0.0269,0.0842,0.0168,18.0405,26.1588,1.2368,2.4736,0.0192,0.4473,243.547,11.1312,0.1725,26.1588
2022-05-22,NA,NA,NA,21.9095833333333,244.948333333333,402.110833333333,87.0641666666667,1.62375,0.00584208333333333,0,0.1111,16.0631,0,289.7844,65.0608,6.88,0.0244,120.9013,0.4342,0.0296,0.0737,0.0147,19.0119,27.5673,1.3403,2.6806,0.0211,0.4931,256.6611,12.0629,0.1902,27.5673
2022-05-23,NA,NA,NA,18.835,62.0054166666667,390.45,97.5725,2.05625,0.0119383333333333,0,0.1269,15.7692,0,291.6062,59.0308,6.88,0.0282,120.9013,0.4989,0.0323,0.0632,0.0126,19.9833,28.9759,1.4438,2.8877,0.0231,0.5389,269.7752,12.9945,0.2079,28.9759
2022-05-24,NA,NA,NA,14.1408333333333,80.7979166666667,381.7675,98.9304166666667,2.10166666666667,0.05105375,0,0.1721,15.2067,0,295.1501,59.0308,6.88,0.0283,120.9013,0.485,0.0524,0.0658,0.0132,20.5037,29.7304,1.5118,3.0235,0.0231,0.5379,276.8006,13.6058,0.2075,29.7304
2022-05-25,NA,NA,NA,15.0308333333333,150.280416666667,384.322916666667,94.45625,1.34791666666667,0.000254166666666667,0,0.1297,15.625,0,292.5073,59.0308,6.88,0.0283,120.9013,0.4712,0.0726,0.0684,0.0137,21.0241,30.485,1.5797,3.1594,0.023,0.5369,283.826,14.2172,0.2071,30.485
2022-05-26,NA,NA,NA,14.7883333333333,66.8554166666667,387.108333333333,99.7683333333333,1.46333333333333,0.00304833333333333,0,0.1287,15.8756,0,290.9441,59.0308,6.88,0.0284,120.9013,0.4573,0.0927,0.0711,0.0142,21.5445,31.2396,1.6476,3.2952,0.023,0.5359,290.8514,14.8285,0.2067,31.2396
2022-05-27,NA,NA,NA,18.2729166666667,200.14875,391.583333333333,91.68,2.12333333333333,0.0350516666666667,0,0.1672,16.1403,0,289.3093,59.0308,6.88,0.0284,120.9013,0.4435,0.1129,0.0737,0.0147,22.0649,31.9942,1.7155,3.4311,0.0229,0.5349,297.8768,15.4399,0.2063,31.9942
2022-05-28,NA,NA,NA,17.9295833333333,232.940416666667,373.64,79.9258333333333,1.9125,0.000762083333333333,0,0.1455,16.1296,0,289.3753,59.0308,6.88,0.0285,120.9013,0.4296,0.1331,0.0763,0.0153,22.5853,32.7488,1.7835,3.5669,0.0229,0.5339,304.9022,16.0512,0.206,32.7488
2022-05-29,NA,NA,NA,19.0245833333333,314.8625,339.816666666667,79.6729166666667,2.21375,0,0,0.1257,16.6906,0,285.9626,59.0308,6.88,0.0286,120.9013,0.4157,0.1532,0.079,0.0158,23.1057,33.5033,1.8514,3.7028,0.0228,0.533,311.9276,16.6626,0.2056,33.5033
2022-05-30,NA,NA,NA,21.7683333333333,321.08375,355.08,79.6191666666667,1.67041666666667,0,0,0.1184,17.1664,0,283.1248,59.0308,6.88,0.0286,120.9013,0.4019,0.1734,0.0816,0.0163,23.6261,34.2579,1.9193,3.8386,0.0228,0.532,318.953,17.2739,0.2052,34.2579
2022-05-31,NA,NA,NA,23.7725,296.442916666667,370.585833333333,78.4358333333333,1.82958333333333,0,0,0.1156,17.4731,0,281.3214,59.0308,6.88,0.0287,120.9013,0.388,0.1935,0.0842,0.0168,24.1465,35.0125,1.9872,3.9745,0.0228,0.531,325.9784,17.8852,0.2048,35.0125
2022-06-01,NA,NA,NA,24.7191666666667,283.217916666667,375.935833333333,77.7775,2.45083333333333,0,0,0.1141,17.6464,0,280.3121,60.1189,6.88,0.0258,120.9013,0.4197,0.2327,0.0797,0.0159,24.1465,35.0125,1.9023,3.8045,0.0219,0.5115,325.9784,17.1204,0.1973,35.0125
2022-06-02,NA,NA,NA,25.5904166666667,278.972083333333,377.043333333333,70.9491666666667,2.23458333333333,0.000507916666666667,0,0.1131,17.7261,0,279.8494,61.207,6.88,0.0229,120.9013,0.4514,0.2719,0.0752,0.015,24.1465,35.0125,1.8173,3.6346,0.0211,0.4921,325.9784,16.3555,0.1898,35.0125
2022-06-03,NA,NA,NA,21.5033333333333,231.732083333333,373.454166666667,69.3720833333333,3.39,0,0,0.1119,17.3722,0,281.9125,62.2951,6.88,0.0199,120.9013,0.4831,0.3111,0.0707,0.0141,24.1465,35.0125,1.7323,3.4646,0.0203,0.4726,325.9784,15.5906,0.1823,35.0125
2022-06-04,NA,NA,NA,19.6404166666667,313.7725,328.130833333333,61.7375,2.18625,0,0,0.1104,17.2535,0,282.6102,63.3833,6.88,0.017,120.9013,0.5147,0.3502,0.0662,0.0132,24.1465,35.0125,1.6473,3.2946,0.0194,0.4532,325.9784,14.8258,0.1748,35.0125
2022-06-05,NA,NA,NA,19.7483333333333,332.42,330.584166666667,64.8441666666667,1.83208333333333,0,0,0.1094,17.3852,0,281.8365,64.4714,6.88,0.0141,120.9013,0.5464,0.3894,0.0617,0.0123,24.1465,35.0125,1.5623,3.1246,0.0186,0.4337,325.9784,14.0609,0.1673,35.0125
2022-06-06,NA,NA,NA,20.745,286.445,347.134583333333,71.9729166666667,1.69833333333333,0,0,0.109,17.5168,0,281.0666,65.5595,6.88,0.0112,120.9013,0.5781,0.4286,0.0572,0.0114,24.1465,35.0125,1.4773,2.9547,0.0178,0.4143,325.9784,13.296,0.1598,35.0125
2022-06-07,NA,NA,NA,20.1904166666667,100.108333333333,373.42625,83.97125,1.67,0,0,0.1089,17.6484,0,280.3004,66.6476,6.88,0.0083,120.9013,0.6098,0.4677,0.0526,0.0105,24.1465,35.0125,1.3924,2.7847,0.0169,0.3949,325.9784,12.5312,0.1523,35.0125
2022-06-08,NA,NA,NA,22.6145833333333,228.87375,382.904166666667,90.5979166666667,1.47,0.00660416666666667,0,0.1096,17.78,0,279.538,66.0129,6.88,0.0115,120.9013,0.7021,0.5323,0.0526,0.0105,23.4527,34.0064,1.4289,2.8578,0.0171,0.3982,316.6112,12.8599,0.1536,34.0064
2022-06-09,NA,NA,NA,22.48375,315.238333333333,379.783333333333,74.03125,2.185,0.00508,0,0.1075,17.9116,0,278.7793,65.3781,6.88,0.0146,120.9013,0.7945,0.5968,0.0526,0.0105,22.7588,33.0003,1.4654,2.9308,0.0172,0.4016,307.244,13.1887,0.1549,33.0003
2022-06-10,NA,NA,NA,19.275,242.825,331.998333333333,66.1879166666667,2.05791666666667,0,0,0.1061,18.0432,0,278.0242,64.7434,6.88,0.0178,120.9013,0.8869,0.6613,0.0526,0.0105,22.0649,31.9942,1.5019,3.0039,0.0174,0.405,297.8768,13.5174,0.1562,31.9942
2022-06-11,NA,NA,NA,20.4225,233.710833333333,372.310416666667,71.9254166666667,1.84958333333333,0,0,0.1058,18.1748,0,277.2728,64.1087,6.88,0.021,120.9013,0.9793,0.7258,0.0526,0.0105,21.3711,30.9881,1.5385,3.0769,0.0175,0.4084,288.5096,13.8462,0.1575,30.9881
2022-06-12,NA,NA,NA,23.1904166666667,220.997083333333,392.77375,83.55625,1.22166666666667,0.000254166666666667,0,0.1053,18.3064,0,276.525,63.4739,6.88,0.0242,120.9013,1.0717,0.7903,0.0526,0.0105,20.6772,29.982,1.575,3.15,0.0176,0.4118,279.1424,14.1749,0.1588,29.982
2022-06-13,NA,NA,NA,25.9283333333333,278.64,396.760416666667,81.3904166666667,1.94125,0.00127,0,0.1055,18.438,0,275.7808,62.8392,6.88,0.0274,120.9013,1.1641,0.8548,0.0526,0.0105,19.9833,28.9759,1.6115,3.223,0.0178,0.4152,269.7752,14.5037,0.1601,28.9759
2022-06-14,NA,NA,NA,25.5075,223.099166666667,403.452916666667,83.22625,2.30583333333333,0.0058425,0,0.1055,18.5696,0,275.0402,62.5672,6.88,0.0249,120.9013,1.2829,0.8618,0.0542,0.0108,21.8865,31.7355,1.8536,3.7072,0.0204,0.4755,295.4681,16.6824,0.1834,31.7355
2022-06-15,NA,NA,NA,27.1033333333333,311.16,404.32625,86.8541666666667,1.395,0,0,0.1034,18.7013,0,274.3031,62.2951,6.88,0.0224,120.9013,1.4016,0.8687,0.0557,0.0111,23.7897,34.4951,2.0957,4.1913,0.023,0.5358,321.1609,18.861,0.2067,34.4951
2022-06-16,NA,NA,NA,27.7191666666667,210.0025,405.835833333333,84.9129166666667,1.12916666666667,0,0,0.1027,18.8329,0,273.5695,62.0231,6.88,0.02,120.9013,1.5204,0.8756,0.0572,0.0114,25.6929,37.2547,2.3377,4.6755,0.0255,0.5961,346.8538,21.0397,0.2299,37.2547
2022-06-17,NA,NA,NA,26.4966666666667,233.9,395.76375,77.27125,2.57541666666667,0.03302,0,0.1119,18.9645,0,272.8395,61.7511,6.88,0.0175,120.9013,1.6392,0.8825,0.0587,0.0117,27.5961,40.0143,2.5798,5.1596,0.0281,0.6564,372.5467,23.2184,0.2532,40.0143
2022-06-18,NA,NA,NA,23.1054166666667,343.884583333333,339.348333333333,63.0129166666667,3.47583333333333,0,0,0.1013,19.0961,0,272.1129,61.479,6.88,0.0151,120.9013,1.758,0.8894,0.0602,0.012,29.4992,42.7739,2.8219,5.6438,0.0307,0.7167,398.2396,25.3971,0.2764,42.7739
2022-06-19,NA,NA,NA,19.7345833333333,347.593333333333,303.588333333333,41.4370833333333,6.16333333333333,0,0,0.1002,19.2277,0,271.3897,61.207,6.88,0.0126,120.9013,1.8768,0.8963,0.0617,0.0123,31.4024,45.5335,3.064,6.128,0.0333,0.777,423.9324,27.5758,0.2997,45.5335
2022-06-20,NA,NA,NA,20.4183333333333,216.493333333333,347.447916666667,51.435,2.53291666666667,0,0,0.1011,19.3593,0,270.67,60.935,6.88,0.0102,120.9013,1.9956,0.9032,0.0632,0.0126,33.3056,48.2931,3.3061,6.6121,0.0359,0.8373,449.6253,29.7545,0.3229,48.2931
2022-06-21,NA,NA,NA,22.0020833333333,311.518333333333,358.988333333333,63.07,1.92666666666667,0,0,0.1016,19.4909,0,269.9536,61.479,6.88,0.0178,120.9013,2.2727,1.0253,0.0662,0.0132,32.8298,47.6032,3.2218,6.4435,0.0362,0.8439,443.2021,28.9958,0.3255,47.6032
2022-06-22,NA,NA,NA,25.92,314.977083333333,367.125,62.45375,3.58375,0,0,0.1003,19.6225,0,269.2407,62.0231,6.88,0.0254,120.9013,2.5499,1.1475,0.0692,0.0138,32.354,46.9133,3.1375,6.2749,0.0364,0.8505,436.7789,28.2372,0.328,46.9133
2022-06-23,NA,NA,NA,26.2766666666667,301.336666666667,393.027916666667,76.8175,3.03833333333333,0.00127,0,0.0998,19.7541,0,268.5311,62.5672,6.88,0.033,120.9013,2.8271,1.2696,0.0722,0.0144,31.8782,46.2234,3.0532,6.1063,0.0367,0.8571,430.3557,27.4785,0.3306,46.2234
2022-06-24,NA,NA,NA,25.1433333333333,298.94125,384.53125,80.8025,1.24416666666667,0,0,0.099,19.8857,0,267.8248,63.1112,6.88,0.0406,120.9013,3.1042,1.3917,0.0752,0.015,31.4024,45.5335,2.9689,5.9378,0.037,0.8637,423.9324,26.7199,0.3332,45.5335
2022-06-25,NA,NA,NA,26.1129166666667,302.367916666667,376.975833333333,78.6254166666667,1.23458333333333,0,0,0.0982,20.0174,0,267.1218,63.6553,6.88,0.0482,120.9013,3.3814,1.5138,0.0782,0.0156,30.9266,44.8436,2.8846,5.7692,0.0373,0.8703,417.5092,25.9613,0.3357,44.8436
2022-06-26,NA,NA,NA,24.9841666666667,146.620416666667,394.52875,88.9258333333333,0.814166666666667,0.00254041666666667,0,0.0979,20.149,0,266.4221,64.1993,6.88,0.0558,120.9013,3.6585,1.6359,0.0812,0.0162,30.4508,44.1537,2.8003,5.6006,0.0376,0.8769,411.086,25.2026,0.3383,44.1537
2022-06-27,NA,NA,NA,25.46625,223.426666666667,399.26,83.1141666666667,2.10458333333333,0.00101583333333333,0,0.0921,20.2806,0,265.7256,64.7434,6.88,0.0634,120.9013,3.9357,1.7581,0.0842,0.0168,29.975,43.4638,2.716,5.432,0.0379,0.8836,404.6628,24.444,0.3408,43.4638
2022-06-28,NA,NA,NA,22.7254166666667,328.689583333333,333.741666666667,53.4933333333333,3.41125,0,0,0.0839,20.4122,0,265.0324,68.3138,6.88,0.3027,120.9013,3.6308,2.6028,0.0895,0.0179,28.2057,40.8982,2.7514,5.5027,0.0358,0.8355,380.7764,24.7623,0.3223,40.8982
2022-06-29,NA,NA,NA,22.18375,311.995416666667,357.35875,75.5,1.33875,0,0,0.0827,20.8543,0,262.7272,71.8842,6.88,0.5421,120.9013,3.3259,3.4476,0.0948,0.019,26.4363,38.3326,2.7867,5.5735,0.0337,0.7875,356.8901,25.0806,0.3037,38.3326
2022-06-30,NA,NA,NA,25.4804166666667,308.480416666667,377.3675,80.1958333333333,1.41708333333333,0,0,0.0829,21.4146,0,259.8561,75.4546,6.88,0.7814,120.9013,3.0211,4.2923,0.1,0.02,24.6669,35.7671,2.8221,5.6442,0.0317,0.7394,333.0037,25.3989,0.2852,35.7671
2022-07-01,NA,NA,NA,26.9879166666667,307.285833333333,383.040416666667,77.0741666666667,1.27583333333333,0,0,0.043,21.7919,0,257.954,79.025,6.88,1.0207,120.9013,2.7162,5.1371,0.1053,0.0211,22.8976,33.2015,2.8575,5.7149,0.0296,0.6914,309.1174,25.7172,0.2667,33.2015
2022-07-02,NA,NA,NA,25.96125,211.927916666667,391.287916666667,87.6516666666667,1.22416666666667,0.00889,0,0.0073,20.9845,0,262.055,82.5954,6.88,1.2601,120.9013,2.4113,5.9819,0.1106,0.0221,21.1282,30.6359,2.8928,5.7857,0.0276,0.6433,285.2311,26.0355,0.2481,30.6359
2022-07-03,NA,NA,NA,25.225,205.526666666667,391.349166666667,88.1504166666667,2.315,0.000254166666666667,0,0.0053,20.7699,0,263.1644,86.1659,6.88,1.4994,120.9013,2.1064,6.8266,0.1158,0.0232,19.3589,28.0704,2.9282,5.8564,0.0255,0.5953,261.3447,26.3538,0.2296,28.0704
2022-07-04,NA,NA,NA,24.6154166666667,273.8425,389.044166666667,79.44375,1.325,0,0,0.0048,20.6539,0,263.7678,89.7363,6.88,1.7388,120.9013,1.8016,7.6714,0.1211,0.0242,17.5895,25.5048,2.9636,5.9271,0.0235,0.5473,237.4584,26.6721,0.2111,25.5048
2022-07-05,NA,NA,NA,25.2308333333333,203.988333333333,389.126666666667,83.6495833333333,1.37291666666667,0.00660416666666667,0,0.0069,20.4584,0,264.7895,93.3067,6.88,1.9781,120.9013,1.4967,8.5161,0.1264,0.0253,15.8201,22.9392,2.9989,5.9979,0.0214,0.4992,213.572,26.9904,0.1926,22.9392
2022-07-06,NA,NA,NA,26.9445833333333,224.99875,394.974166666667,84.4525,3.01041666666667,0.0195579166666667,0,0.0082,20.8717,0,262.6372,93.7461,6.88,1.9537,120.9013,1.4583,8.1687,0.132,0.0264,15.6921,22.7535,2.9088,5.8177,0.0219,0.5099,211.8427,26.1795,0.1967,22.7535
2022-07-07,NA,NA,NA,25.9316666666667,256.78375,409.084583333333,88.1891666666667,2.04833333333333,0.00558833333333333,0,0.0065,21.2721,0,260.581,94.1855,6.88,1.9292,120.9013,1.4199,7.8213,0.1377,0.0275,15.564,22.5677,2.8187,5.6374,0.0223,0.5205,210.1134,25.3685,0.2008,22.5677
2022-07-08,NA,NA,NA,26.23,212.964166666667,410.40625,91.73,1.30791666666667,0.00431791666666667,0,0.0068,21.6232,0,258.8012,94.625,6.88,1.9048,120.9013,1.3815,7.4739,0.1434,0.0287,15.4359,22.382,2.7286,5.4572,0.0228,0.5311,208.384,24.5576,0.2049,22.382
2022-07-09,NA,NA,NA,23.84875,102.104166666667,419.951666666667,95.9766666666667,1.97833333333333,0.00533416666666667,0,0.0062,20.5522,0,264.2985,95.0644,6.88,1.8804,120.9013,1.3432,7.1266,0.149,0.0298,15.3078,22.1962,2.6385,5.277,0.0232,0.5418,206.6547,23.7466,0.209,22.1962
2022-07-10,NA,NA,NA,19.7279166666667,90.53875,408.19,96.4008333333333,1.34166666666667,0.0175266666666667,0,0.0107,18.7,0,274.3101,95.5038,6.88,1.856,120.9013,1.3048,6.7792,0.1547,0.0309,15.1797,22.0105,2.5484,5.0968,0.0237,0.5524,204.9254,22.9357,0.2131,22.0105
2022-07-11,NA,NA,NA,19.575,300.792083333333,373.622916666667,83.5854166666667,1.48083333333333,0,0,0.0062,18.2021,0,277.1176,95.9433,6.88,1.8316,120.9013,1.2664,6.4318,0.1604,0.0321,15.0516,21.8248,2.4583,4.9166,0.0241,0.563,203.1961,22.1247,0.2172,21.8248
2022-07-12,NA,NA,NA,25.23375,283.592083333333,375.112916666667,81.0808333333333,1.65666666666667,0,0,0.0072,20.034,0,267.0333,96.3827,6.88,1.8071,120.9013,1.228,6.0844,0.166,0.0332,14.9235,21.639,2.3682,4.7364,0.0246,0.5737,201.4667,21.3138,0.2213,21.639
2022-07-13,NA,NA,NA,25.41875,201.476666666667,397.115416666667,88.9141666666667,1.96625,0.0116845833333333,0,0.007,20.0038,0,267.1943,96.8222,6.88,1.7827,120.9013,1.1897,5.737,0.1717,0.0343,14.7954,21.4533,2.2781,4.5562,0.025,0.5843,199.7374,20.5028,0.2254,21.4533
2022-07-14,NA,NA,NA,23.8983333333333,258.749583333333,366.579583333333,87.25625,2.15708333333333,0.00254,0,0.0068,19.5028,0,269.8891,97.2616,6.88,1.7583,120.9013,1.1513,5.3896,0.1774,0.0355,14.6673,21.2675,2.188,4.376,0.0255,0.5949,198.0081,19.6919,0.2295,21.2675
2022-07-15,NA,NA,NA,24.3129166666667,245.175416666667,394.5,85.5554166666667,1.7225,0.000507916666666667,0,0.0057,19.9278,0,267.5997,97.701,6.88,1.7339,120.9013,1.1129,5.0422,0.1831,0.0366,14.5392,21.0818,2.0979,4.1958,0.026,0.6056,196.2787,18.8809,0.2336,21.0818
2022-07-16,NA,NA,NA,24.2875,215.294583333333,385.237083333333,89.81,1.22625,0,0,0.0052,20.2714,0,265.7743,98.1405,6.88,1.7095,120.9013,1.0745,4.6948,0.1887,0.0377,14.4111,20.896,2.0078,4.0156,0.0264,0.6162,194.5494,18.07,0.2377,20.896
2022-07-17,NA,NA,NA,24.4758333333333,217.394166666667,387.94375,90.5295833333333,1.12708333333333,0.00330208333333333,0,0.0054,20.3992,0,265.1008,98.5799,6.88,1.685,120.9013,1.0362,4.3474,0.1944,0.0389,14.283,20.7103,1.9177,3.8353,0.0269,0.6268,192.8201,17.259,0.2418,20.7103
2022-07-18,NA,NA,NA,24.30625,227.61875,397.8825,91.2429166666667,1.13916666666667,0.00609583333333333,0,0.0058,20.6682,0,263.6929,99.0193,6.88,1.6606,120.9013,0.9978,4,0.2001,0.04,14.1549,20.5246,1.8276,3.6551,0.0273,0.6375,191.0908,16.4481,0.2459,20.5246
2022-07-19,NA,NA,NA,25.0545833333333,258.3325,410.364583333333,83.8804166666667,1.81333333333333,0.000508333333333333,0,0.0056,20.7798,0,263.113,97.6592,6.88,1.6534,120.9013,1.0572,3.8917,0.2023,0.0405,14.8091,21.4732,1.8189,3.6378,0.0274,0.639,199.9227,16.37,0.2465,21.4732
2022-07-20,NA,NA,NA,26.02875,258.68625,381.824166666667,83.31375,1.52291666666667,0,0,0.005,21.1509,0,261.2001,96.299,6.88,1.6462,120.9013,1.1166,3.7834,0.2046,0.0409,15.4633,22.4218,1.8102,3.6204,0.0274,0.6405,208.7546,16.2919,0.247,22.4218
2022-07-21,NA,NA,NA,27.1225,234.33625,398.170833333333,80.87875,1.46,0,0,0.0049,21.8188,0,257.8195,94.9389,6.88,1.6389,120.9013,1.176,3.6751,0.2068,0.0414,16.1175,23.3704,1.8015,3.6031,0.0275,0.6419,217.5865,16.2137,0.2476,23.3704
2022-07-22,NA,NA,NA,26.5191666666667,274.654166666667,376.575,79.13125,2.02916666666667,0,0,0.0047,21.5057,0,259.3943,93.5787,6.88,1.6317,120.9013,1.2354,3.5668,0.2091,0.0418,16.7717,24.319,1.7928,3.5857,0.0276,0.6434,226.4185,16.1356,0.2482,24.319
2022-07-23,NA,NA,NA,26.4741666666667,297.498333333333,377.852083333333,77.8625,1.83333333333333,0,0,0.0045,21.7074,0,258.3778,92.2185,6.88,1.6245,120.9013,1.2947,3.4585,0.2113,0.0423,17.426,25.2676,1.7842,3.5683,0.0276,0.6449,235.2504,16.0575,0.2488,25.2676
2022-07-24,NA,NA,NA,26.8329166666667,261.657083333333,382.684583333333,69.8975,1.86833333333333,0,0,0.0043,21.4763,0,259.5435,90.8584,6.88,1.6173,120.9013,1.3541,3.3502,0.2136,0.0427,18.0802,26.2162,1.7755,3.551,0.0277,0.6464,244.0823,15.9794,0.2493,26.2162
2022-07-25,NA,NA,NA,26.7633333333333,210.215,400.757916666667,85.5229166666667,1.3725,0.000508333333333333,0,0.0044,21.9434,0,257.1968,89.4982,6.88,1.61,120.9013,1.4135,3.2419,0.2159,0.0432,18.7344,27.1649,1.7668,3.5336,0.0278,0.6479,252.9142,15.9013,0.2499,27.1649
2022-07-26,NA,NA,NA,26.2216666666667,129.011666666667,409.934583333333,88.6583333333333,1.58833333333333,0.00558791666666667,0,0.0054,21.5306,0,259.2685,88.1381,6.88,1.6028,120.9013,1.4729,3.1336,0.2181,0.0436,19.3886,28.1135,1.7581,3.5163,0.0278,0.6494,261.7462,15.8231,0.2505,28.1135
2022-07-27,NA,NA,NA,24.7958333333333,93.1929166666667,410.16,96.7625,1.52916666666667,0.00330208333333333,0,0.0054,21.1372,0,261.2705,86.7779,6.88,1.5956,120.9013,1.5323,3.0253,0.2204,0.0441,20.0428,29.0621,1.7494,3.4989,0.0279,0.6509,270.5781,15.745,0.2511,29.0621
2022-07-28,NA,NA,NA,25.06875,166.002916666667,401.15125,87.7283333333333,1.57541666666667,0.000254166666666667,0,0.0055,21.3085,0,260.3952,85.4178,6.88,1.5884,120.9013,1.5917,2.9171,0.2226,0.0445,20.697,30.0107,1.7408,3.4815,0.028,0.6524,279.41,15.6669,0.2516,30.0107
2022-07-29,NA,NA,NA,26.0670833333333,196.729583333333,402.497916666667,85.9104166666667,1.79083333333333,0.000762083333333333,0,0.0055,21.7592,0,258.1179,84.0576,6.88,1.5811,120.9013,1.6511,2.8088,0.2249,0.045,21.3513,30.9593,1.7321,3.4642,0.028,0.6539,288.2419,15.5888,0.2522,30.9593
2022-07-30,NA,NA,NA,25.44625,282.739166666667,371.52625,74.6816666666667,1.95875,0,0,0.0055,21.0221,0,261.8614,82.6975,6.88,1.5739,120.9013,1.7105,2.7005,0.2271,0.0454,22.0055,31.9079,1.7234,3.4468,0.0281,0.6553,297.0739,15.5107,0.2528,31.9079
2022-07-31,NA,NA,NA,24.3804166666667,177.29875,402.46,87.88125,1.28291666666667,0.03784625,0,0.0056,20.554,0,264.2892,81.3373,6.88,1.5667,120.9013,1.7699,2.5922,0.2294,0.0459,22.6597,32.8565,1.7147,3.4295,0.0281,0.6568,305.9058,15.4325,0.2533,32.8565
2022-08-01,NA,NA,NA,25.4283333333333,184.031666666667,414.802916666667,92.025,1.33958333333333,0.00660416666666667,0,0.0056,21.0472,0,261.7323,79.9771,6.88,1.5595,120.9013,1.8293,2.4839,0.2316,0.0463,23.3139,33.8052,1.706,3.4121,0.0282,0.6583,314.7377,15.3544,0.2539,33.8052
2022-08-02,NA,NA,NA,26.9316666666667,247.85375,381.355416666667,76.3941666666667,1.79083333333333,0,0,0.0056,21.4684,0,259.5831,81.5453,6.88,1.5522,120.9013,1.7738,2.4469,0.2298,0.046,22.7262,32.9529,1.678,3.3561,0.0282,0.6574,306.8032,15.1023,0.2536,32.9529
2022-08-03,NA,NA,NA,26.5141666666667,270.885416666667,376.985,83.90375,2.08875,0.00355583333333333,0,0.0057,21.3884,0,259.9888,83.1135,6.88,1.545,120.9013,1.7184,2.4099,0.2279,0.0456,22.1384,32.1007,1.65,3.3001,0.0281,0.6564,298.8686,14.8502,0.2532,32.1007
2022-08-04,NA,NA,NA,26.8291666666667,220.72375,415.780833333333,86.7091666666667,1.54208333333333,0.000254166666666667,0,0.0057,21.859,0,257.6184,84.6817,6.88,1.5378,120.9013,1.663,2.3729,0.2261,0.0452,21.5507,31.2485,1.622,3.244,0.0281,0.6554,290.934,14.5981,0.2528,31.2485
2022-08-05,NA,NA,NA,25.75875,207.917916666667,394.037916666667,88.8325,1.65375,0.00939791666666667,0,0.0057,21.4895,0,259.4766,86.2499,6.88,1.5306,120.9013,1.6075,2.3359,0.2242,0.0448,20.9629,30.3962,1.594,3.188,0.028,0.6545,282.9995,14.346,0.2524,30.3962
2022-08-06,NA,NA,NA,23.1379166666667,94.2204166666667,418.74375,99.1733333333333,1.21125,0.0261616666666667,0,0.0058,20.3159,0,265.539,87.818,6.88,1.5233,120.9013,1.5521,2.2989,0.2224,0.0445,20.3752,29.544,1.566,3.132,0.028,0.6535,275.0649,14.0939,0.2521,29.544
2022-08-07,NA,NA,NA,25.0029166666667,277.907083333333,402.302083333333,90.4920833333333,1.41583333333333,0.000254166666666667,0,0.0058,20.8005,0,263.0055,89.3862,6.88,1.5161,120.9013,1.4967,2.2619,0.2205,0.0441,19.7874,28.6918,1.538,3.076,0.028,0.6526,267.1303,13.8418,0.2517,28.6918
2022-08-08,NA,NA,NA,25.6016666666667,213.408333333333,391.095,89.18875,1.51875,0.000507916666666667,0,0.0058,21.1533,0,261.1878,90.9544,6.88,1.5089,120.9013,1.4412,2.2249,0.2186,0.0437,19.1997,27.8395,1.51,3.0199,0.0279,0.6516,259.1958,13.5897,0.2513,27.8395
2022-08-09,NA,NA,NA,26.7779166666667,210.515,397.084583333333,83.9604166666667,1.88041666666667,0.01651,0,0.0059,21.5222,0,259.3111,92.5226,6.88,1.5017,120.9013,1.3858,2.1879,0.2168,0.0434,18.6119,26.9873,1.482,2.9639,0.0279,0.6506,251.2612,13.3376,0.251,26.9873
2022-08-10,NA,NA,NA,25.0670833333333,169.919583333333,407.2625,91.4195833333333,2.04,0.0330195833333333,0,0.0059,20.9084,0,262.4472,94.0908,6.88,1.4944,120.9013,1.3304,2.1509,0.2149,0.043,18.0242,26.1351,1.4539,2.9079,0.0278,0.6497,243.3266,13.0855,0.2506,26.1351
2022-08-11,NA,NA,NA,24.5658333333333,217.990416666667,389.651666666667,82.545,2.37041666666667,0,0,0.006,20.5567,0,264.2751,95.6589,6.88,1.4872,120.9013,1.2749,2.1139,0.2131,0.0426,17.4365,25.2829,1.4259,2.8519,0.0278,0.6487,235.3921,12.8334,0.2502,25.2829
2022-08-12,NA,NA,NA,22.78375,235.5975,362.401666666667,76.1491666666667,3.09041666666667,0,0,0.006,19.3686,0,270.619,97.2271,6.88,1.48,120.9013,1.2195,2.0769,0.2112,0.0422,16.8487,24.4306,1.3979,2.7958,0.0278,0.6478,227.4575,12.5813,0.2499,24.4306
2022-08-13,NA,NA,NA,20.52625,274.052083333333,332.639583333333,78.0970833333333,1.74791666666667,0,0,0.006,17.919,0,278.7369,98.7953,6.88,1.4728,120.9013,1.1641,2.0398,0.2094,0.0419,16.261,23.5784,1.3699,2.7398,0.0277,0.6468,219.5229,12.3292,0.2495,23.5784
2022-08-14,NA,NA,NA,20.83375,143.291666666667,372.237083333333,86.4595833333333,1.11458333333333,0.00177791666666667,0,0.0061,17.8122,0,279.352,100.3635,6.88,1.4655,120.9013,1.1086,2.0028,0.2075,0.0415,15.6732,22.7262,1.3419,2.6838,0.0277,0.6458,211.5884,12.0771,0.2491,22.7262
2022-08-15,NA,NA,NA,19.5879166666667,39.5654166666667,401.60375,100,1.11375,0.034545,0,0.0061,17.6384,0,280.3581,101.9317,6.88,1.4583,120.9013,1.0532,1.9658,0.2056,0.0411,15.0855,21.8739,1.3139,2.6278,0.0276,0.6449,203.6538,11.825,0.2487,21.8739
2022-08-16,NA,NA,NA,17.9916666666667,64.7741666666667,395.7025,97.0191666666667,0.962916666666667,0.000508333333333333,0,0.0061,17.0831,0,283.6176,103.4998,6.88,1.4511,120.9013,0.9978,1.9288,0.2038,0.0408,14.4977,21.0217,1.2859,2.5718,0.0276,0.6439,195.7193,11.5729,0.2484,21.0217
2022-08-17,NA,NA,NA,19.7683333333333,222.568333333333,374.89625,86.5425,1.52083333333333,0,0,0.0062,17.4282,0,281.5841,105.068,6.88,1.4439,120.9013,0.9424,1.8918,0.2019,0.0404,13.91,20.1695,1.2579,2.5157,0.0276,0.643,187.7847,11.3208,0.248,20.1695
2022-08-18,NA,NA,NA,20.5604166666667,223.453333333333,359.472916666667,87.725,1.45083333333333,0,0,0.0053,17.707,0,279.9604,106.6362,6.88,1.4366,120.9013,0.8869,1.8548,0.2001,0.04,13.3222,19.3172,1.2299,2.4597,0.0275,0.642,179.8501,11.0687,0.2476,19.3172
2022-08-19,NA,NA,NA,21.8854166666667,236.261666666667,371.254166666667,87.63125,1.50625,0,0,0.005,18.4796,0,275.5466,106.6362,6.88,1.3713,120.9013,0.8718,1.8988,0.2048,0.041,13.1708,19.0977,1.2172,2.4343,0.0275,0.6407,177.8064,10.9545,0.2471,19.0977
2022-08-20,NA,NA,NA,23.3204166666667,238.642083333333,367.246666666667,87.4483333333333,1.2825,0,0,0.0048,18.9391,0,272.9802,106.6362,6.88,1.306,120.9013,0.8567,1.9428,0.2096,0.0419,13.0195,18.8782,1.2045,2.409,0.0274,0.6394,175.7626,10.8403,0.2466,18.8782
2022-08-21,NA,NA,NA,23.0154166666667,92.1108333333333,402.70375,99.4670833333333,1.11625,0.0129541666666667,0,0.0067,19.1824,0,271.6382,106.6362,6.88,1.2406,120.9013,0.8416,1.9868,0.2144,0.0429,12.8681,18.6587,1.1918,2.3836,0.0273,0.6381,173.7189,10.7261,0.2461,18.6587
2022-08-22,NA,NA,NA,24.4441666666667,233.702083333333,404.929166666667,87.87125,1.48416666666667,0.00127,0,0.0055,19.5627,0,269.5643,106.6362,6.88,1.1753,120.9013,0.8264,2.0308,0.2192,0.0438,12.7167,18.4392,1.1791,2.3582,0.0273,0.6368,171.6751,10.6119,0.2456,18.4392
2022-08-23,NA,NA,NA,23.5654166666667,242.700416666667,355.715416666667,81.2133333333333,2.24458333333333,0,0,0.0048,19.2433,0,271.304,106.6362,6.88,1.1099,120.9013,0.8113,2.0748,0.224,0.0448,12.5653,18.2197,1.1664,2.3328,0.0272,0.6355,169.6314,10.4978,0.2451,18.2197
2022-08-24,NA,NA,NA,23.2970833333333,256.69875,355.08625,86.2483333333333,2.3875,0,0,0.0046,18.9459,0,272.9421,106.6362,6.88,1.0446,120.9013,0.7962,2.1188,0.2288,0.0458,12.4139,18.0002,1.1537,2.3075,0.0272,0.6342,167.5876,10.3836,0.2446,18.0002
2022-08-25,NA,NA,NA,24.2008333333333,191.022083333333,378.01875,89.0654166666667,1.61125,0,0,0.0045,19.4257,0,270.308,106.6362,6.88,0.9792,120.9013,0.7811,2.1628,0.2336,0.0467,12.2625,17.7806,1.141,2.2821,0.0271,0.6329,165.5439,10.2694,0.2441,17.7806
2022-08-26,NA,NA,NA,25.1104166666667,230.665833333333,403.884166666667,85.9916666666667,1.24791666666667,0.00127,0,0.0044,20.1082,0,266.6383,106.6362,6.88,0.9139,120.9013,0.766,2.2067,0.2383,0.0477,12.1111,17.5611,1.1284,2.2567,0.0271,0.6316,163.5001,10.1552,0.2436,17.5611
2022-08-27,NA,NA,NA,24.8579166666667,231.04125,374.135833333333,83.3708333333333,2.31,0,0,0.0043,20.1752,0,266.2829,106.6362,6.88,0.8486,120.9013,0.7509,2.2507,0.2431,0.0486,11.9597,17.3416,1.1157,2.2313,0.027,0.6303,161.4564,10.041,0.2431,17.3416
2022-08-28,NA,NA,NA,25.4245833333333,231.885,378.564583333333,86.5866666666667,1.44458333333333,0,0,0.0041,20.6959,0,263.5487,106.6362,6.88,0.7832,120.9013,0.7357,2.2947,0.2479,0.0496,11.8083,17.1221,1.103,2.206,0.027,0.629,159.4126,9.9268,0.2426,17.1221
2022-08-29,NA,NA,NA,25.51375,256.6275,376.232083333333,84.2925,1.20875,0,0,0.0042,20.8823,0,262.5822,106.6362,6.88,0.7179,120.9013,0.7206,2.3387,0.2527,0.0505,11.657,16.9026,1.0903,2.1806,0.0269,0.6278,157.3689,9.8126,0.2421,16.9026
2022-08-30,NA,NA,NA,24.4283333333333,176.282916666667,379.70625,89.5520833333333,1.73166666666667,0,0,0.004,20.4942,0,264.6022,105.4937,6.88,0.6525,120.9013,0.7687,2.2559,0.2499,0.05,11.768,17.0636,1.0876,2.1753,0.0273,0.6374,158.8676,9.7887,0.2459,17.0636
2022-08-31,NA,NA,NA,23.8233333333333,263.6475,355.055416666667,72.8641666666667,1.76083333333333,0,0,0.0039,19.4674,0,270.0814,104.3511,6.88,0.6481,120.9013,0.8167,2.1731,0.2471,0.0494,11.879,17.2245,1.085,2.17,0.0277,0.6471,160.3664,9.7648,0.2496,17.2245
2022-09-01,NA,NA,NA,22.97625,252.17875,339.448333333333,74.0195833333333,2.47291666666667,0,0,0.004,18.3778,0,276.1209,103.2086,6.88,0.6437,120.9013,0.8647,2.0903,0.2443,0.0489,11.99,17.3855,1.0823,2.1646,0.0281,0.6567,161.8651,9.7408,0.2533,17.3855
2022-09-02,NA,NA,NA,22.72625,256.405833333333,350.002083333333,84.1341666666667,1.86458333333333,0,0,0.0039,18.6487,0,274.5967,102.0661,6.88,0.6393,120.9013,0.9128,2.0075,0.2415,0.0483,12.101,17.5465,1.0797,2.1593,0.0286,0.6664,163.3639,9.7169,0.257,17.5465
2022-09-03,NA,NA,NA,24.32,224.619583333333,366.849583333333,86.745,1.38916666666667,0,0,0.004,19.589,0,269.4222,100.9235,6.88,0.6348,120.9013,0.9608,1.9247,0.2387,0.0477,12.212,17.7075,1.077,2.154,0.029,0.676,164.8626,9.693,0.2607,17.7075
2022-09-04,NA,NA,NA,24.1883333333333,156.297083333333,395.042083333333,93.8045833333333,1.03583333333333,0.0220983333333333,0,0.0086,19.974,0,267.3532,99.781,6.88,0.6304,120.9013,1.0089,1.8419,0.2359,0.0472,12.3231,17.8684,1.0743,2.1487,0.0294,0.6857,166.3614,9.669,0.2645,17.8684
2022-09-05,NA,NA,NA,22.99875,76.395,417.8575,99.0570833333333,1.31583333333333,0.0248920833333333,0,0.0152,19.616,0,269.2757,98.6385,6.88,0.626,120.9013,1.0569,1.7591,0.2331,0.0466,12.4341,18.0294,1.0717,2.1434,0.0298,0.6953,167.8601,9.6451,0.2682,18.0294
2022-09-06,NA,NA,NA,24.0133333333333,211.860833333333,407.167083333333,89.0841666666667,1.8425,0.01651,0,0.0095,19.9215,0,267.6337,97.496,6.88,0.6216,120.9013,1.105,1.6763,0.2302,0.046,12.5451,18.1904,1.069,2.138,0.0302,0.705,169.3589,9.6212,0.2719,18.1904
2022-09-07,NA,NA,NA,23.5595833333333,203.6275,375.054166666667,86.03125,2.82458333333333,0,0,0.0053,19.6017,0,269.3535,96.3534,6.88,0.6171,120.9013,1.153,1.5935,0.2274,0.0455,12.6561,18.3514,1.0664,2.1327,0.0306,0.7146,170.8576,9.5972,0.2756,18.3514
2022-09-08,NA,NA,NA,22.1304166666667,164.504166666667,397.3275,92.54625,1.86166666666667,0.0233683333333333,0,0.0146,18.8908,0,273.2475,95.2109,6.88,0.6127,120.9013,1.201,1.5108,0.2246,0.0449,12.7671,18.5124,1.0637,2.1274,0.031,0.7243,172.3564,9.5733,0.2794,18.5124
2022-09-09,NA,NA,NA,20.96875,195.725416666667,365.443333333333,86.1120833333333,1.27375,0,0,0.0067,18.3141,0,276.4817,94.0684,6.88,0.6083,120.9013,1.2491,1.428,0.2218,0.0444,12.8782,18.6733,1.061,2.1221,0.0315,0.7339,173.8551,9.5494,0.2831,18.6733
2022-09-10,NA,NA,NA,20.0204166666667,61.1379166666667,380.472916666667,93.94125,1.62291666666667,0.01422375,0,0.0101,17.7254,0,279.8536,92.9258,6.88,0.6039,120.9013,1.2971,1.3452,0.219,0.0438,12.9892,18.8343,1.0584,2.1168,0.0319,0.7436,175.3539,9.5254,0.2868,18.8343
2022-09-11,NA,NA,NA,21.5366666666667,107.905,408.900416666667,98.6533333333333,1.17791666666667,0.00533416666666667,0,0.0108,18.5476,0,275.164,91.7833,6.88,0.5994,120.9013,1.3452,1.2624,0.2162,0.0432,13.1002,18.9953,1.0557,2.1114,0.0323,0.7532,176.8526,9.5015,0.2905,18.9953
2022-09-12,NA,NA,NA,23.725,191.619166666667,376.610416666667,90.44125,1.22416666666667,0,0,0.0082,19.3734,0,270.5929,90.6408,6.88,0.595,120.9013,1.3932,1.1796,0.2134,0.0427,13.2112,19.1563,1.0531,2.1061,0.0327,0.7629,178.3514,9.4776,0.2942,19.1563
2022-09-13,NA,NA,NA,21.83125,224.947083333333,351.6425,74.7170833333333,2.99333333333333,0.00762041666666667,0,0.0069,17.4282,0,281.5841,89.4982,6.88,0.5906,120.9013,1.4412,1.0968,0.2106,0.0421,13.3222,19.3172,1.0504,2.1008,0.0331,0.7725,179.8501,9.4536,0.298,19.3172
2022-09-14,NA,NA,NA,18.9229166666667,241.54625,315.889583333333,75.99,2.53708333333333,0,0,0.0053,16.132,0,289.3606,89.7912,6.88,0.6122,120.9013,1.3645,1.062,0.209,0.0418,13.2582,19.2244,1.1348,2.2696,0.0352,0.8216,178.9855,10.2131,0.3169,19.2244
2022-09-15,NA,NA,NA,19.98375,216.207083333333,330.19875,85.9183333333333,2.14708333333333,0,0,0.0049,16.4932,0,287.1551,90.0842,6.88,0.6338,120.9013,1.2877,1.0273,0.2073,0.0415,13.1941,19.1315,1.2192,2.4383,0.0373,0.8708,178.1208,10.9725,0.3359,19.1315
2022-09-16,NA,NA,NA,21.2470833333333,228.691666666667,337.830416666667,88.8516666666667,1.71083333333333,0,0,0.0049,17.0583,0,283.7647,90.3771,6.88,0.6554,120.9013,1.211,0.9926,0.2057,0.0411,13.1301,19.0386,1.3036,2.6071,0.0394,0.9199,177.2561,11.732,0.3548,19.0386
2022-09-17,NA,NA,NA,20.9308333333333,195.571666666667,336.855833333333,89.0020833333333,1.66958333333333,0,0,0.0044,17.0056,0,284.0779,90.6701,6.88,0.677,120.9013,1.1342,0.9578,0.2041,0.0408,13.066,18.9458,1.3879,2.7759,0.0415,0.969,176.3915,12.4914,0.3738,18.9458
2022-09-18,NA,NA,NA,21.38625,224.79375,334.115416666667,86.6608333333333,1.64916666666667,0,0,0.0042,16.9619,0,284.3383,90.963,6.88,0.6986,120.9013,1.0575,0.9231,0.2025,0.0405,13.002,18.8529,1.4723,2.9446,0.0436,1.0181,175.5268,13.2508,0.3927,18.8529
2022-09-19,NA,NA,NA,22.2791666666667,198.108333333333,355.032083333333,87.25,1.76833333333333,0,0,0.0042,17.7902,0,279.4789,91.256,6.88,0.7202,120.9013,0.9807,0.8883,0.2009,0.0402,12.9379,18.76,1.5567,3.1134,0.0457,1.0672,174.6621,14.0103,0.4116,18.76
2022-09-20,NA,NA,NA,23.3645833333333,218.123333333333,366.089166666667,84.245,2.3175,0,0,0.0043,18.5362,0,275.2278,91.5489,6.88,0.7418,120.9013,0.904,0.8536,0.1993,0.0399,12.8739,18.6671,1.6411,3.2822,0.0478,1.1164,173.7975,14.7697,0.4306,18.6671
2022-09-21,NA,NA,NA,22.3770833333333,224.229583333333,341.365833333333,85.0845833333333,2.24416666666667,0,0,0.004,17.8866,0,278.9233,91.8419,6.88,0.7634,120.9013,0.8272,0.8189,0.1976,0.0395,12.8098,18.5743,1.7255,3.4509,0.0499,1.1655,172.9328,15.5292,0.4495,18.5743
2022-09-22,NA,NA,NA,23.395,181.082083333333,361.098333333333,73.12125,2.53916666666667,0,0,0.0041,17.7483,0,279.721,92.1348,6.88,0.785,120.9013,0.7505,0.7841,0.196,0.0392,12.7458,18.4814,1.8098,3.6197,0.0521,1.2146,172.0681,16.2886,0.4685,18.4814
2022-09-23,NA,NA,NA,15.9525,231.2025,295.842083333333,54.0533333333333,4.2225,0,0,0.0038,13.5891,0,305.7827,92.4278,6.88,0.8066,120.9013,0.6737,0.7494,0.1944,0.0389,12.6817,18.3885,1.8942,3.7885,0.0542,1.2637,171.2035,17.0481,0.4874,18.3885
2022-09-24,NA,NA,NA,16.94375,214.13125,327.070416666667,72.1575,2.15,0,0,0.0037,13.9272,0,303.5042,92.7208,6.88,0.8282,120.9013,0.597,0.7146,0.1928,0.0386,12.6177,18.2957,1.9786,3.9572,0.0563,1.3128,170.3388,17.8075,0.5064,18.2957
2022-09-25,NA,NA,NA,18.5266666666667,75.2829166666667,348.27375,87.3120833333333,1.49791666666667,0.00101583333333333,0,0.0043,15.1004,0,295.8282,93.0137,6.88,0.8498,120.9013,0.5202,0.6799,0.1912,0.0382,12.5536,18.2028,2.063,4.126,0.0584,1.362,169.4742,18.5669,0.5253,18.2028
2022-09-26,NA,NA,NA,18.1529166666667,197.363333333333,336.94625,73.17,2.085,0.00406416666666667,0,0.0042,14.9657,0,296.6917,93.3067,6.88,0.8714,120.9013,0.4435,0.6452,0.1895,0.0379,12.4896,18.1099,2.1474,4.2948,0.0605,1.4111,168.6095,19.3264,0.5443,18.1099
2022-09-27,NA,NA,NA,15.4566666666667,209.445833333333,307.267916666667,66.1245833333333,1.84541666666667,0,0,0.004,12.9756,0,309.995,90.0423,6.88,0.8333,120.9013,0.4593,0.5945,0.185,0.037,13.0843,18.9723,2.0287,4.0574,0.0571,1.3329,176.6385,18.2581,0.5141,18.9723
2022-09-28,NA,NA,NA,13.1083333333333,217.802916666667,283.944583333333,70.9304166666667,2.93208333333333,0,0,0.004,11.7634,0,318.6287,86.7779,6.88,0.7951,120.9013,0.4751,0.5438,0.1805,0.0361,13.6791,19.8347,1.91,3.82,0.0538,1.2547,184.6675,17.1899,0.4839,19.8347
2022-09-29,NA,NA,NA,14.395,204.769166666667,294.270833333333,70.1166666666667,4.72916666666667,0,0,0.0039,11.9461,0,317.3002,83.5136,6.88,0.757,120.9013,0.491,0.4931,0.176,0.0352,14.2738,20.697,1.7913,3.5826,0.0504,1.1764,192.6966,16.1216,0.4538,20.697
2022-09-30,NA,NA,NA,12.0970833333333,38.87375,324.98375,91.0533333333333,4.05291666666667,0.00558791666666667,0,0.0064,11.181,0,322.9297,80.2492,6.88,0.7189,120.9013,0.5068,0.4424,0.1715,0.0343,14.8686,21.5594,1.6726,3.3452,0.0471,1.0982,200.7256,15.0534,0.4236,21.5594
2022-10-01,NA,NA,NA,11.8508333333333,30.8945833333333,363.964583333333,99.9720833333333,5.09416666666667,0.0693420833333333,0,0.0304,12.2384,0,315.1952,76.9848,6.88,0.6807,120.9013,0.5226,0.3917,0.167,0.0334,15.4633,22.4218,1.5539,3.1078,0.0437,1.02,208.7546,13.9852,0.3934,22.4218
2022-10-02,NA,NA,NA,12.4191666666667,18.47625,365.806666666667,99.7629166666667,5.31166666666667,0.00482583333333333,0,0.0117,12.2162,0,315.3542,73.7204,6.88,0.6426,120.9013,0.5385,0.341,0.1625,0.0325,16.058,23.2842,1.4352,2.8704,0.0404,0.9418,216.7836,12.9169,0.3633,23.2842
2022-10-03,NA,NA,NA,13.4116666666667,213.102916666667,320.301666666667,78.9129166666667,4.35166666666667,0,0,0.0078,11.8871,0,317.7286,70.4561,6.88,0.6045,120.9013,0.5543,0.2903,0.1579,0.0316,16.6528,24.1465,1.3165,2.633,0.037,0.8636,224.8127,11.8487,0.3331,24.1465
2022-10-04,NA,NA,NA,13.1508333333333,168.48625,312.968333333333,62.0954166666667,3.57208333333333,0,0,0.0062,10.9785,0,324.4492,73.0404,6.88,0.6046,120.9013,0.5385,0.2719,0.1685,0.0337,17.307,25.0952,1.2645,2.5291,0.0363,0.8482,233.6446,11.3807,0.3271,25.0952
2022-10-05,NA,NA,NA,16.4695833333333,208.499166666667,311.755833333333,58.8945833333333,5.30291666666667,0,0,0.0056,11.8151,0,318.252,75.6247,6.88,0.6047,120.9013,0.5226,0.2535,0.179,0.0358,17.9612,26.0438,1.2125,2.4251,0.0357,0.8327,242.4765,10.9128,0.3212,26.0438
2022-10-06,NA,NA,NA,16.4025,200.71375,311.0975,76.9275,2.91,0,0,0.005,12.251,0,315.105,78.2089,6.88,0.6048,120.9013,0.5068,0.235,0.1895,0.0379,18.6154,26.9924,1.1605,2.3211,0.035,0.8173,251.3084,10.4449,0.3152,26.9924
2022-10-07,NA,NA,NA,18.3454166666667,186.253333333333,314.8175,73.85625,2.79916666666667,0,0,0.005,13.0116,0,309.7453,80.7932,6.88,0.6049,120.9013,0.491,0.2166,0.2001,0.04,19.2697,27.941,1.1086,2.2171,0.0344,0.8018,260.1404,9.977,0.3093,27.941
2022-10-08,NA,NA,NA,14.8666666666667,207.587916666667,289.166666666667,64.7558333333333,3.32375,0,0,0.0048,11.3953,0,321.3354,83.3775,6.88,0.605,120.9013,0.4751,0.1982,0.2106,0.0421,19.9239,28.8896,1.0566,2.1131,0.0337,0.7864,268.9723,9.5091,0.3033,28.8896
2022-10-09,NA,NA,NA,10.2270833333333,207.8625,263.684166666667,74.6304166666667,2.32375,0,0,0.0047,9.4047,0,336.7024,85.9618,6.88,0.6051,120.9013,0.4593,0.1797,0.2211,0.0442,20.5781,29.8382,1.0046,2.0091,0.033,0.771,277.8042,9.0411,0.2974,29.8382
2022-10-10,NA,NA,NA,12.4454166666667,204.36375,275.225,72.2945833333333,3.30166666666667,0,0,0.0047,9.8288,0,333.3217,88.5461,6.88,0.6052,120.9013,0.4435,0.1613,0.2316,0.0463,21.2323,30.7868,0.9526,1.9052,0.0324,0.7555,286.6361,8.5732,0.2914,30.7868
2022-10-11,NA,NA,NA,13.1425,170.574166666667,283.514166666667,82.7020833333333,2.09166666666667,0,0,0.0046,10.1571,0,330.7449,91.1304,6.88,0.6053,120.9013,0.4276,0.1429,0.2422,0.0484,21.8865,31.7355,0.9006,1.8012,0.0317,0.7401,295.4681,8.1053,0.2855,31.7355
2022-10-12,NA,NA,NA,14.95375,115.579166666667,320.647083333333,88.9295833333333,2.16833333333333,0,0,0.0045,11.3504,0,321.6683,93.7147,6.88,0.6055,120.9013,0.4118,0.1244,0.2527,0.0505,22.5407,32.6841,0.8486,1.6972,0.0311,0.7246,304.3,7.6374,0.2795,32.6841
2022-10-13,NA,NA,NA,18.82125,84.5733333333333,378.963333333333,92.8070833333333,1.94875,0.00812833333333333,0,0.0055,13.6089,0,305.6485,96.299,6.88,0.6056,120.9013,0.3959,0.106,0.2632,0.0526,23.195,33.6327,0.7966,1.5932,0.0304,0.7092,313.1319,7.1695,0.2735,33.6327
2022-10-14,NA,NA,NA,14.9770833333333,187.416666666667,295.421666666667,60.5345833333333,3.25041666666667,0,0,0.005,11.4594,0,320.8614,98.8833,6.88,0.6057,120.9013,0.3801,0.0876,0.2738,0.0548,23.8492,34.5813,0.7446,1.4892,0.0297,0.6937,321.9638,6.7015,0.2676,34.5813
2022-10-15,NA,NA,NA,14.9275,170.958333333333,296.693333333333,77.4220833333333,1.85916666666667,0,0,0.0048,11.6664,0,319.3386,101.4676,6.88,0.6058,120.9013,0.3643,0.0691,0.2843,0.0569,24.5034,35.5299,0.6926,1.3853,0.0291,0.6783,330.7958,6.2336,0.2616,35.5299
2022-10-16,NA,NA,NA,17.1775,61.02125,346.3525,75.8154166666667,1.55958333333333,0.00177833333333333,0,0.0054,13.3254,0,307.5805,104.0519,6.88,0.6059,120.9013,0.3484,0.0507,0.2948,0.059,25.1576,36.4785,0.6406,1.2813,0.0284,0.6629,339.6277,5.7657,0.2557,36.4785
2022-10-17,NA,NA,NA,16.2854166666667,107.407916666667,359.485416666667,84.635,1.62208333333333,0.0114304166666667,0,0.0057,12.9465,0,310.1978,106.6362,6.88,0.606,120.9013,0.3326,0.0323,0.3054,0.0611,25.8118,37.4271,0.5886,1.1773,0.0277,0.6474,348.4596,5.2978,0.2497,37.4271
2022-10-18,NA,NA,NA,8.75625,139.025416666667,266.654166666667,55.16125,3.32083333333333,0,0,0.0052,7.9805,0,348.5073,106.0303,6.88,0.6061,120.9013,0.3376,0.0308,0.3025,0.0605,25.6604,37.2076,0.5807,1.1613,0.0274,0.6383,346.4159,5.226,0.2462,37.2076
2022-10-19,NA,NA,NA,7.56708333333333,99.0654166666667,284.206666666667,58.0791666666667,2.3425,0,0,0.005,7.1506,0,355.7232,105.4244,6.88,0.6062,120.9013,0.3427,0.0293,0.2996,0.0599,25.509,36.9881,0.5727,1.1454,0.027,0.6292,344.3721,5.1541,0.2427,36.9881
2022-10-20,NA,NA,NA,8.4675,176.22125,255.03625,65.6820833333333,2.14541666666667,0,0,0.0049,7.4691,0,352.924,104.8185,6.88,0.6063,120.9013,0.3477,0.0279,0.2967,0.0593,25.3577,36.7686,0.5647,1.1294,0.0266,0.6202,342.3284,5.0823,0.2392,36.7686
2022-10-21,NA,NA,NA,11.375,175.178333333333,267.944166666667,56.5066666666667,1.86208333333333,0,0,0.005,8.2405,0,346.2988,104.2126,6.88,0.6064,120.9013,0.3528,0.0264,0.2939,0.0588,25.2063,36.5491,0.5567,1.1134,0.0262,0.6111,340.2846,5.0104,0.2357,36.5491
2022-10-22,NA,NA,NA,12.30875,172.764166666667,275.611666666667,66.8941666666667,1.96125,0,0,0.0049,9.0751,0,339.3716,103.6068,6.88,0.6065,120.9013,0.3578,0.0249,0.291,0.0582,25.0549,36.3296,0.5487,1.0975,0.0258,0.602,338.2409,4.9386,0.2322,36.3296
2022-10-23,NA,NA,NA,13.6479166666667,172.856666666667,281.264583333333,72.3054166666667,2.33916666666667,0,0,0.005,10.0133,0,331.8688,103.0009,6.88,0.6066,120.9013,0.3628,0.0235,0.2881,0.0576,24.9035,36.1101,0.5408,1.0815,0.0254,0.5929,336.1971,4.8668,0.2287,36.1101
2022-10-24,NA,NA,NA,15.615,170.435833333333,289.645416666667,73.71375,2.25375,0,0,0.005,10.8991,0,325.0491,102.395,6.88,0.6068,120.9013,0.3679,0.022,0.2853,0.0571,24.7521,35.8905,0.5328,1.0655,0.025,0.5838,334.1534,4.7949,0.2252,35.8905
2022-10-25,NA,NA,NA,14.9875,160.14,299.15,79.96375,2.01125,0,0,0.0049,11.6855,0,319.1982,101.7891,6.88,0.5852,120.9013,0.3729,0.0205,0.2824,0.0565,24.6007,35.671,0.5248,1.0496,0.0246,0.5747,332.1096,4.7231,0.2217,35.671
2022-10-26,NA,NA,NA,16.8420833333333,107.0125,356.819583333333,86.795,1.655,0.00228625,0,0.0053,12.6778,0,312.0773,101.1832,6.88,0.5637,120.9013,0.3779,0.0191,0.2795,0.0559,24.4493,35.4515,0.5168,1.0336,0.0242,0.5656,330.0659,4.6513,0.2182,35.4515
2022-10-27,NA,NA,NA,14.6454166666667,171.215,288.911666666667,61.4758333333333,4.02791666666667,0,0,0.0051,11.2207,0,322.6333,100.5773,6.88,0.5421,120.9013,0.383,0.0176,0.2766,0.0553,24.2979,35.232,0.5088,1.0177,0.0239,0.5566,328.0221,4.5794,0.2147,35.232
2022-10-28,NA,NA,NA,12.125,130.617083333333,287.202916666667,67.64375,1.54875,0,0,0.0049,10.2639,0,329.9145,99.9714,6.88,0.5206,120.9013,0.388,0.0161,0.2738,0.0548,24.1465,35.0125,0.5008,1.0017,0.0235,0.5475,325.9784,4.5076,0.2112,35.0125
2022-10-29,NA,NA,NA,13.8320833333333,105.074166666667,346.56,78.2970833333333,1.1725,0,0,0.0049,11.0519,0,323.8975,99.3655,6.88,0.499,120.9013,0.3931,0.0147,0.2709,0.0542,23.9952,34.793,0.4929,0.9857,0.0231,0.5384,323.9346,4.4358,0.2077,34.793
2022-10-30,NA,NA,NA,13.6316666666667,79.9575,342.955833333333,77.7420833333333,1.17875,0,0,0.0049,11.0384,0,323.9985,98.7597,6.88,0.4775,120.9013,0.3981,0.0132,0.268,0.0536,23.8438,34.5735,0.4849,0.9698,0.0227,0.5293,321.8908,4.3639,0.2042,34.5735
2022-10-31,NA,NA,NA,14.1916666666667,16.3408333333333,365.842916666667,95.1395833333333,1.11166666666667,0.00812875,0,0.0061,11.6877,0,319.1822,98.1538,6.88,0.4559,120.9013,0.4031,0.0117,0.2652,0.053,23.6924,34.3539,0.4769,0.9538,0.0223,0.5202,319.8471,4.2921,0.2007,34.3539
2022-11-01,NA,NA,NA,15.71625,105.620416666667,367.213333333333,86.5004166666667,1.9575,0,0,0.0058,12.4478,0,313.7026,97.5479,6.88,0.4344,120.9013,0.4082,0.0103,0.2623,0.0525,23.541,34.1344,0.4689,0.9378,0.0219,0.5111,317.8033,4.2203,0.1971,34.1344
2022-11-02,NA,NA,NA,15.1591666666667,67.2804166666667,330.342916666667,85.2520833333333,2.81041666666667,0,0,0.0052,12.2433,0,315.1602,96.942,6.88,0.4128,120.9013,0.4132,0.0088,0.2594,0.0519,23.3896,33.9149,0.4609,0.9219,0.0215,0.502,315.7596,4.1484,0.1936,33.9149
2022-11-03,NA,NA,NA,15.4020833333333,133.225416666667,352.342083333333,84.2070833333333,1.50375,0.000508333333333333,0,0.0051,12.518,0,313.2049,96.3361,6.88,0.3913,120.9013,0.4183,0.0073,0.2565,0.0513,23.2382,33.6954,0.453,0.9059,0.0211,0.493,313.7158,4.0766,0.1901,33.6954
2022-11-04,NA,NA,NA,17.1854166666667,132.93125,340.433333333333,81.165,1.43375,0,0,0.005,13.113,0,309.0426,95.7302,6.88,0.3697,120.9013,0.4233,0.0059,0.2537,0.0507,23.0868,33.4759,0.445,0.8899,0.0207,0.4839,311.6721,4.0047,0.1866,33.4759
2022-11-05,NA,NA,NA,19.6541666666667,50.25,390.16375,89.7475,2.895,0.00177833333333333,0,0.0054,15.2435,0,294.9155,95.1243,6.88,0.3482,120.9013,0.4283,0.0044,0.2508,0.0502,22.9354,33.2564,0.437,0.874,0.0203,0.4748,309.6283,3.9329,0.1831,33.2564
2022-11-06,NA,NA,NA,20.42125,34.7783333333333,404.093333333333,93.5091666666667,2.65708333333333,0.0172725,0,0.0096,15.9626,0,290.4051,94.5184,6.88,0.3266,120.9013,0.4334,0.0029,0.2479,0.0496,22.784,33.0369,0.429,0.858,0.02,0.4657,307.5846,3.8611,0.1796,33.0369
2022-11-07,NA,NA,NA,20.5041666666667,110.255416666667,382.37625,86.1354166666667,1.8925,0.000254166666666667,0,0.0073,15.8644,0,291.0139,93.9126,6.88,0.3051,120.9013,0.4384,0.0015,0.245,0.049,22.6327,32.8173,0.421,0.8421,0.0196,0.4566,305.5408,3.7892,0.1761,32.8173
2022-11-08,NA,NA,NA,16.7758333333333,156.637083333333,287.4325,49.3725,3.125,0,0,0.0057,11.9922,0,316.967,93.3067,6.88,0.2836,120.9013,0.4435,0,0.2422,0.0484,22.4813,32.5978,0.413,0.8261,0.0192,0.4475,303.4971,3.7174,0.1726,32.5978
2022-11-09,NA,NA,NA,10.71,154,264.027083333333,59.4766666666667,0.608333333333333,0,0,0.0052,9.4777,0,336.116,90.4503,6.88,0.2661,120.9013,0.4296,0.0101,0.233,0.0466,22.6894,32.8997,0.4315,0.863,0.0191,0.4452,306.3072,3.8836,0.1717,32.8997
2022-11-10,NA,NA,NA,14.5579166666667,77.2816666666667,346.093333333333,65.1954166666667,1.26041666666667,0,0,0.005,11.4045,0,321.2675,87.594,6.88,0.2487,120.9013,0.4157,0.0202,0.2238,0.0448,22.8976,33.2015,0.45,0.9,0.019,0.4429,309.1174,4.0499,0.1708,33.2015
2022-11-11,NA,NA,NA,18.6875,20.9795833333333,392.778333333333,97.6979166666667,2.675,0.0683258333333333,0,0.0619,14.0404,0,302.748,84.7377,6.88,0.2313,120.9013,0.4019,0.0302,0.2145,0.0429,23.1057,33.5033,0.4685,0.9369,0.0189,0.4406,311.9276,4.2161,0.1699,33.5033
2022-11-12,NA,NA,NA,18.9825,96.30375,354.933333333333,79.13,2.13083333333333,0.00177791666666667,0,0.0363,13.6071,0,305.6605,81.8814,6.88,0.2139,120.9013,0.388,0.0403,0.2053,0.0411,23.3139,33.8052,0.4869,0.9738,0.0188,0.4383,314.7377,4.3823,0.1691,33.8052
2022-11-13,NA,NA,NA,6.5425,150.344583333333,267.4475,63.36125,4.65083333333333,0,0,0.0165,8.4923,0,344.1832,79.025,6.88,0.1965,120.9013,0.3742,0.0504,0.1961,0.0392,23.5221,34.107,0.5054,1.0108,0.0187,0.436,317.5479,4.5485,0.1682,34.107
2022-11-14,NA,NA,NA,3.7675,136.99875,237.29375,63.7070833333333,1.86958333333333,0,0,0.0107,6.1582,0,364.6975,76.1687,6.88,0.179,120.9013,0.3603,0.0605,0.1869,0.0374,23.7302,34.4088,0.5239,1.0477,0.0186,0.4337,320.358,4.7148,0.1673,34.4088
2022-11-15,NA,NA,NA,3.6325,10.7695833333333,301.954166666667,82.11375,0.3475,0.0193041666666667,0,0.0162,6.1276,0,364.9806,73.3124,6.88,0.1616,120.9013,0.3465,0.0706,0.1777,0.0355,23.9384,34.7107,0.5423,1.0847,0.0185,0.4314,323.1682,4.881,0.1664,34.7107
2022-11-16,NA,NA,NA,6.92416666666667,132.795833333333,308.47125,81.09,0.565833333333333,0.000762083333333333,0,0.0186,7.0409,0,356.6963,70.4561,6.88,0.1442,120.9013,0.3326,0.0806,0.1685,0.0337,24.1465,35.0125,0.5608,1.1216,0.0184,0.4291,325.9784,5.0472,0.1655,35.0125
2022-11-17,NA,NA,NA,2.80666666666667,134.399166666667,253.424583333333,51.3245833333333,2.26833333333333,0,0,0.0131,4.9504,0,376.1565,71.0908,6.88,0.1465,120.9013,0.3326,0.0739,0.1685,0.0337,23.4527,34.0064,0.7414,1.4828,0.0233,0.5445,316.6112,6.6728,0.21,34.0064
2022-11-18,NA,NA,NA,3.18583333333333,131.031666666667,239.12375,56.4708333333333,1.16708333333333,0,0,0.0105,4.1456,0,384.1375,71.7255,6.88,0.1489,120.9013,0.3326,0.0672,0.1685,0.0337,22.7588,33.0003,0.922,1.8441,0.0283,0.66,307.244,8.2984,0.2546,33.0003
2022-11-19,NA,NA,NA,5.16166666666667,136.865416666667,248.659583333333,52.5329166666667,2.28125,0,0,0.0092,4.3385,0,382.1983,72.3603,6.88,0.1512,120.9013,0.3326,0.0605,0.1685,0.0337,22.0649,31.9942,1.1027,2.2053,0.0332,0.7754,297.8768,9.9239,0.2991,31.9942
2022-11-20,NA,NA,NA,3.44333333333333,142.141666666667,225.38375,30.215,4.64208333333333,0,0,0.009,2.4641,0,401.7683,72.995,6.88,0.1535,120.9013,0.3326,0.0538,0.1685,0.0337,21.3711,30.9881,1.2833,2.5666,0.0382,0.8909,288.5096,11.5495,0.3436,30.9881
2022-11-21,NA,NA,NA,2.11166666666667,138.217916666667,231.59625,40.5141666666667,1.71375,0,0,0.0079,2.3534,0,402.9756,73.6298,6.88,0.1559,120.9013,0.3326,0.047,0.1685,0.0337,20.6772,29.982,1.4639,2.9278,0.0431,1.0064,279.1424,13.1751,0.3882,29.982
2022-11-22,NA,NA,NA,6.385,136.315833333333,243.33375,45.8054166666667,2.53208333333333,0,0,0.0076,3.386,0,391.937,74.2645,6.88,0.1582,120.9013,0.3326,0.0403,0.1685,0.0337,19.9833,28.9759,1.6445,3.289,0.0481,1.1218,269.7752,14.8007,0.4327,28.9759
2022-11-23,NA,NA,NA,8.95291666666667,134.929166666667,259.602083333333,44.06625,3.54083333333333,0,0,0.0076,4.5503,0,380.0887,74.8992,6.88,0.1605,120.9013,0.3326,0.0336,0.1685,0.0337,19.2895,27.9697,1.8251,3.6503,0.053,1.2373,260.408,16.4262,0.4772,27.9697
2022-11-24,NA,NA,NA,8.61583333333333,131.715416666667,268.715833333333,58.5508333333333,2.36916666666667,0,0,0.0072,5.319,0,372.5954,75.534,6.88,0.1628,120.9013,0.3326,0.0269,0.1685,0.0337,18.5956,26.9636,2.0058,4.0115,0.058,1.3527,251.0408,18.0518,0.5218,26.9636
2022-11-25,NA,NA,NA,11.7529166666667,83.46625,311.321666666667,58.6866666666667,2.5575,0,0,0.0073,7.0973,0,356.1958,76.1687,6.88,0.1652,120.9013,0.3326,0.0202,0.1685,0.0337,17.9017,25.9575,2.1864,4.3728,0.0629,1.4682,241.6736,19.6774,0.5663,25.9575
2022-11-26,NA,NA,NA,10.45,105.591666666667,266.008333333333,57.0454166666667,3.06958333333333,0,0,0.0071,6.249,0,363.8609,76.8035,6.88,0.1675,120.9013,0.3326,0.0134,0.1685,0.0337,17.2079,24.9514,2.367,4.734,0.0679,1.5837,232.3064,21.303,0.6108,24.9514
2022-11-27,NA,NA,NA,10.3320833333333,27.6,337.52875,85.0641666666667,1.88541666666667,0.00304833333333333,0,0.0076,7.7156,0,350.7828,77.4382,6.88,0.1698,120.9013,0.3326,0.0067,0.1685,0.0337,16.514,23.9453,2.5476,5.0952,0.0728,1.6991,222.9392,22.9285,0.6554,23.9453
2022-11-28,NA,NA,NA,12.0845833333333,97.7425,322.903333333333,59.3320833333333,2.48416666666667,0,0,0.0074,8.0674,0,347.7667,78.0729,6.88,0.1722,120.9013,0.3326,0,0.1685,0.0337,15.8201,22.9392,2.7282,5.4565,0.0778,1.8146,213.572,24.5541,0.6999,22.9392
2022-11-29,NA,NA,NA,6.92083333333333,120.724583333333,266.1075,83.0545833333333,2.00166666666667,0,0,0.0068,6.4779,0,361.7643,77.2568,6.88,0.3274,120.9013,0.3445,0,0.1677,0.0335,15.7012,22.7667,2.5971,5.1943,0.0748,1.7454,211.9662,23.3743,0.6732,22.7667
2022-11-30,NA,NA,NA,12.77375,49.3270833333333,329.367083333333,78.8116666666667,2.82875,0.0121920833333333,0,0.0097,7.8523,0,349.6056,76.4407,6.88,0.4827,120.9013,0.3564,0,0.167,0.0334,15.5823,22.5943,2.4661,4.9321,0.0718,1.6761,210.3604,22.1945,0.6465,22.5943
2022-12-01,NA,NA,NA,4.64583333333333,113.744166666667,231.894583333333,38.0295833333333,1.48333333333333,0,0,0.009,3.9568,0,386.052,75.6247,6.88,0.638,120.9013,0.3682,0,0.1662,0.0332,15.4633,22.4218,2.335,4.6699,0.0689,1.6069,208.7546,21.0146,0.6198,22.4218
2022-12-02,NA,NA,NA,3.77583333333333,99.4566666666667,251.093333333333,58.0833333333333,2.24875,0,0,0.0081,3.8577,0,387.0628,74.8086,6.88,0.7932,120.9013,0.3801,0,0.1655,0.0331,15.3444,22.2493,2.2039,4.4077,0.0659,1.5377,207.1488,19.8348,0.5931,22.2493
2022-12-03,NA,NA,NA,11.7025,34.6479166666667,347.7725,84.4708333333333,1.80666666666667,0.00812791666666667,0,0.0104,7.0943,0,356.2226,73.9925,6.88,0.9485,120.9013,0.392,0,0.1647,0.0329,15.2254,22.0768,2.0728,4.1456,0.0629,1.4685,205.543,18.655,0.5664,22.0768
2022-12-04,NA,NA,NA,6.93458333333333,83.4370833333333,255.622083333333,50.5441666666667,3.36083333333333,0,0,0.0095,5.206,0,373.6803,73.1764,6.88,1.1038,120.9013,0.4039,0,0.164,0.0328,15.1065,21.9044,1.9417,3.8834,0.06,1.3993,203.9372,17.4752,0.5397,21.9044
2022-12-05,NA,NA,NA,2.53041666666667,61.10375,252.034583333333,74.2683333333333,1.99166666666667,0,0,0.0092,4.0472,0,385.1334,72.3603,6.88,1.259,120.9013,0.4157,0,0.1632,0.0326,14.9875,21.7319,1.8106,3.6212,0.057,1.3301,202.3314,16.2953,0.513,21.7319
2022-12-06,NA,NA,NA,7.3375,15.3808333333333,334.807083333333,90.9404166666667,1.42291666666667,0.0170183333333333,0,0.0127,5.9133,0,366.9722,71.5442,6.88,1.4143,120.9013,0.4276,0,0.1625,0.0325,14.8686,21.5594,1.6795,3.359,0.054,1.2608,200.7256,15.1155,0.4863,21.5594
2022-12-07,NA,NA,NA,12.2995833333333,25.6404166666667,362.600416666667,99.9420833333333,1.50708333333333,0.00660458333333333,0,0.0159,8.507,0,344.0605,70.7281,6.88,1.5696,120.9013,0.4395,0,0.1617,0.0323,14.7496,21.3869,1.5484,3.0968,0.0511,1.1916,199.1198,13.9357,0.4596,21.3869
2022-12-08,NA,NA,NA,12.8154166666667,38.045,357.503333333333,97.22125,2.20458333333333,0.00152416666666667,0,0.0153,9.3503,0,337.1402,69.912,6.88,1.7248,120.9013,0.4514,0,0.161,0.0322,14.6307,21.2145,1.4173,2.8346,0.0481,1.1224,197.514,12.7559,0.4329,21.2145
2022-12-09,NA,NA,NA,7.42666666666667,33.8333333333333,344.34,96.3479166666667,1.22625,0.00660416666666667,0,0.016,8.3121,0,345.6952,69.0959,6.88,1.8801,120.9013,0.4633,0,0.1602,0.032,14.5117,21.042,1.2862,2.5725,0.0451,1.0532,195.9082,11.576,0.4062,21.042
2022-12-10,NA,NA,NA,4.97958333333333,37.47625,332.242916666667,90.2895833333333,1.12958333333333,0.00127041666666667,0,0.0137,7.1941,0,355.3391,68.2798,6.88,2.0354,120.9013,0.4751,0,0.1594,0.0319,14.3928,20.8695,1.1551,2.3103,0.0422,0.984,194.3024,10.3962,0.3795,20.8695
2022-12-11,NA,NA,NA,5.56708333333333,76.4895833333333,316.9775,83.73625,1.13916666666667,0.000254166666666667,0,0.0116,6.9116,0,357.85,67.4637,6.88,2.1906,120.9013,0.487,0,0.1587,0.0317,14.2738,20.697,1.024,2.0481,0.0392,0.9147,192.6966,9.2164,0.3528,20.697
2022-12-12,NA,NA,NA,6.32208333333333,113.607083333333,255.3025,68.0533333333333,3.61,0,0,0.0105,5.7226,0,368.7607,66.6476,6.88,2.3459,120.9013,0.4989,0,0.1579,0.0316,14.1549,20.5246,0.8929,1.7859,0.0362,0.8455,191.0908,8.0365,0.3261,20.5246
2022-12-13,NA,NA,NA,2.58625,42.30125,298.348333333333,75.6770833333333,1.32666666666667,0,0,0.0093,5.1022,0,374.683,66.6813,6.88,2.3354,120.9013,0.4974,6e-04,0.1577,0.0315,14.1475,20.5139,0.9114,1.8229,0.0363,0.8481,190.9913,8.203,0.3271,20.5139
2022-12-14,NA,NA,NA,1.06,38.33,286.86,93.3066666666667,1.48,0,0,0.0094,4.5027,0,380.5612,66.715,6.88,2.325,120.9013,0.4959,0.0011,0.1574,0.0315,14.1401,20.5032,0.9299,1.8599,0.0365,0.8506,190.8918,8.3694,0.3281,20.5032
2022-12-15,NA,NA,NA,0.994166666666667,79.5091666666667,317.21625,99.63625,1.79708333333333,0.0271775,0,0.0168,4.6732,0,378.8733,66.7487,6.88,2.3145,120.9013,0.4945,0.0017,0.1571,0.0314,14.1328,20.4925,0.9484,1.8969,0.0366,0.8532,190.7923,8.5359,0.3291,20.4925
2022-12-16,NA,NA,NA,3.645,88.8654166666667,312.953333333333,82.4279166666667,2.13875,0,0,0.0207,5.2009,0,373.7295,66.7824,6.88,2.3041,120.9013,0.493,0.0023,0.1568,0.0314,14.1254,20.4818,0.9669,1.9338,0.0367,0.8557,190.6929,8.7023,0.3301,20.4818
2022-12-17,NA,NA,NA,3.53041666666667,35.2508333333333,249.66125,57.7516666666667,1.975,0,0,0.0166,4.5269,0,380.3212,66.8161,6.88,2.2936,120.9013,0.4915,0.0029,0.1565,0.0313,14.118,20.4711,0.9854,1.9708,0.0368,0.8582,190.5934,8.8688,0.331,20.4711
2022-12-18,NA,NA,NA,1.41,85.5925,267.821666666667,54.3829166666667,1.99625,0,0,0.0134,3.4864,0,390.8917,66.8498,6.88,2.2831,120.9013,0.4901,0.0034,0.1563,0.0313,14.1107,20.4605,1.0039,2.0078,0.0369,0.8608,190.4939,9.0352,0.332,20.4605
2022-12-19,NA,NA,NA,-0.7025,95.3466666666667,232.213333333333,60.6679166666667,2.34583333333333,0,0,0.0111,2.1449,0,405.2682,66.8835,6.88,2.2727,120.9013,0.4886,0.004,0.156,0.0312,14.1033,20.4498,1.0224,2.0448,0.037,0.8633,190.3944,9.2017,0.333,20.4498
2022-12-20,NA,NA,NA,0.0708333333333333,81.4058333333333,255.830416666667,64.08375,1.82875,0,0,0.01,2.3681,0,402.815,66.9172,6.88,2.2622,120.9013,0.4871,0.0046,0.1557,0.0311,14.0959,20.4391,1.0409,2.0818,0.0371,0.8659,190.295,9.3681,0.334,20.4391
2022-12-21,NA,NA,NA,0.51875,77.7904166666667,244.5675,72.7691666666667,1.52791666666667,0,0,0.0094,2.2436,0,404.1799,66.951,6.88,2.2517,120.9013,0.4856,0.0051,0.1554,0.0311,14.0886,20.4284,1.0594,2.1188,0.0372,0.8684,190.1955,9.5345,0.335,20.4284
2022-12-22,NA,NA,NA,1.96916666666667,82.0358333333333,314.50625,87.9170833333333,2.21541666666667,0.0304808333333333,0,0.0251,3.7601,0,388.063,66.9847,6.88,2.2413,120.9013,0.4842,0.0057,0.1551,0.031,14.0812,20.4177,1.0779,2.1558,0.0373,0.8709,190.096,9.701,0.3359,20.4177
2022-12-23,NA,NA,NA,-2.92333333333333,77.3383333333333,258.782916666667,72.1104166666667,3.54291666666667,0.00101625,0,0.0328,2.5187,0,401.1736,67.0184,6.88,2.2308,120.9013,0.4827,0.0063,0.1549,0.031,14.0738,20.407,1.0964,2.1928,0.0374,0.8735,189.9965,9.8674,0.3369,20.407
2022-12-24,NA,NA,NA,-13.8145833333333,82.55875,183.559583333333,53.3016666666667,3.39291666666667,0,0,0.0207,0.1292,0,428.5909,67.0521,6.88,2.2204,120.9013,0.4812,0.0069,0.1546,0.0309,14.0664,20.3964,1.1149,2.2297,0.0375,0.876,189.8971,10.0339,0.3379,20.3964
2022-12-25,NA,NA,NA,-7.51083333333333,58.4379166666667,195.897916666667,53.1454166666667,3.60333333333333,0,0,0.0162,0.0377,0,429.7013,67.0858,6.88,2.2099,120.9013,0.4798,0.0074,0.1543,0.0309,14.0591,20.3857,1.1334,2.2667,0.0377,0.8786,189.7976,10.2003,0.3389,20.3857
2022-12-26,NA,NA,NA,-4.18166666666667,73.2420833333333,222.60125,31.6654166666667,2.64916666666667,0,0,0.0136,-0.0395,0,430.642,67.1195,6.88,2.1994,120.9013,0.4783,0.008,0.154,0.0308,14.0517,20.375,1.1519,2.3037,0.0378,0.8811,189.6981,10.3668,0.3399,20.375
2022-12-27,NA,NA,NA,-0.309583333333333,65.1666666666667,253.564166666667,58.2404166666667,2.02375,0,0,0.0112,0.0142,0,429.9878,67.1532,6.88,2.189,120.9013,0.4768,0.0086,0.1537,0.0307,14.0443,20.3643,1.1704,2.3407,0.0379,0.8836,189.5986,10.5332,0.3408,20.3643
2022-12-28,NA,NA,NA,0.67375,70.3508333333333,242.158333333333,80.37125,2.10541666666667,0,0,0.0109,0.2618,0,426.9893,67.1869,6.88,2.1785,120.9013,0.4753,0.0091,0.1535,0.0307,14.037,20.3536,1.1888,2.3777,0.038,0.8862,189.4992,10.6996,0.3418,20.3536
2022-12-29,NA,NA,NA,4.87291666666667,71.2404166666667,256.555833333333,68.855,2.53291666666667,0,0,0.0106,1.3356,0,414.3737,67.2206,6.88,2.168,120.9013,0.4739,0.0097,0.1532,0.0306,14.0296,20.3429,1.2073,2.4147,0.0381,0.8887,189.3997,10.8661,0.3428,20.3429
2022-12-30,NA,NA,NA,7.24041666666667,65.8141666666667,283.623333333333,84.0408333333333,2.51875,0,0,0.0102,3.0942,0,395.0053,67.2543,6.88,2.1576,120.9013,0.4724,0.0103,0.1529,0.0306,14.0222,20.3322,1.2258,2.4517,0.0382,0.8913,189.3002,11.0325,0.3438,20.3322
2022-12-31,NA,NA,NA,11.2645833333333,76.67125,357.740833333333,98.9670833333333,1.0425,0.00711208333333333,0,0.0109,5.5989,0,369.9291,67.288,6.88,2.1471,120.9013,0.4709,0.0108,0.1526,0.0305,14.0149,20.3216,1.2443,2.4887,0.0383,0.8938,189.2007,11.199,0.3448,20.3216
2023-01-01,NA,NA,NA,11.8733333333333,70.5366666666667,341.061666666667,83.5858333333333,2.29791666666667,0.000254166666666667,0,0.0113,6.6399,0,360.2936,67.3217,6.88,2.1367,120.9013,0.4695,0.0114,0.1524,0.0305,14.0075,20.3109,1.2628,2.5256,0.0384,0.8964,189.1013,11.3654,0.3457,20.3109
2023-01-02,NA,NA,NA,12.3091666666667,74.6983333333333,311.676666666667,84.7158333333333,2.01208333333333,0,0,0.0101,7.1143,0,356.0452,67.3554,6.88,2.1262,120.9013,0.468,0.012,0.1521,0.0304,14.0001,20.3002,1.2813,2.5626,0.0385,0.8989,189.0018,11.5319,0.3467,20.3002
2023-01-03,NA,NA,NA,12.6170833333333,59.88125,340.34,93.7916666666667,2.49625,0,0,0.0099,8.8364,0,341.3284,67.3891,6.88,2.1157,120.9013,0.4665,0.0126,0.1518,0.0304,13.9928,20.2895,1.2998,2.5996,0.0386,0.9014,188.9023,11.6983,0.3477,20.2895
2023-01-04,NA,NA,NA,13.3295833333333,70.13125,363.666666666667,98.1491666666667,1.91916666666667,0.00228583333333333,0,0.0097,9.6005,0,335.1338,67.4228,6.88,2.1053,120.9013,0.465,0.0131,0.1515,0.0303,13.9854,20.2788,1.3183,2.6366,0.0387,0.904,188.8028,11.8648,0.3487,20.2788
2023-01-05,NA,NA,NA,11.0775,94.1608333333333,285.550833333333,63.8291666666667,2.2325,0,0,0.0096,7.7143,0,350.7945,67.4565,6.88,2.0948,120.9013,0.4636,0.0137,0.1512,0.0302,13.978,20.2681,1.3368,2.6736,0.0389,0.9065,188.7034,12.0312,0.3497,20.2681
2023-01-06,NA,NA,NA,7.84333333333333,84.5625,272.83875,43.335,2.36958333333333,0,0,0.0093,5.8449,0,367.6122,67.4902,6.88,2.0843,120.9013,0.4621,0.0143,0.151,0.0302,13.9707,20.2575,1.3553,2.7106,0.039,0.9091,188.6039,12.1976,0.3506,20.2575
2023-01-07,NA,NA,NA,4.205,89.3625,255.2875,60.7291666666667,2.12625,0,0,0.0091,4.4274,0,381.3108,67.5239,6.88,2.0739,120.9013,0.4606,0.0148,0.1507,0.0301,13.9633,20.2468,1.3738,2.7476,0.0391,0.9116,188.5044,12.3641,0.3516,20.2468
2023-01-08,NA,NA,NA,0.276666666666667,85.0579166666667,284.115,80.72,1.44708333333333,0,0,0.01,3.4286,0,391.4925,67.5576,6.88,2.0634,120.9013,0.4592,0.0154,0.1504,0.0301,13.9559,20.2361,1.3923,2.7846,0.0392,0.9141,188.4049,12.5305,0.3526,20.2361
2023-01-09,NA,NA,NA,3.62583333333333,84.0070833333333,286.590833333333,76.15375,2.98708333333333,0.01041375,0,0.0111,3.8462,0,387.18,67.5913,6.88,2.053,120.9013,0.4577,0.016,0.1501,0.03,13.9486,20.2254,1.4108,2.8215,0.0393,0.9167,188.3055,12.697,0.3536,20.2254
2023-01-10,NA,NA,NA,3.70625,76.4908333333333,252.58875,58.1391666666667,2.8525,0,0,0.01,3.2891,0,392.952,67.625,6.88,2.0425,120.9013,0.4562,0.0166,0.1498,0.03,13.9412,20.2147,1.4293,2.8585,0.0394,0.9192,188.206,12.8634,0.3546,20.2147
2023-01-11,NA,NA,NA,2.69291666666667,78.0020833333333,276.722083333333,73.5779166666667,1.96625,0,0,0.0113,4.343,0,382.1535,67.6587,6.88,2.032,120.9013,0.4547,0.0171,0.1496,0.0299,13.9338,20.204,1.4478,2.8955,0.0395,0.9218,188.1065,13.0299,0.3555,20.204
2023-01-12,NA,NA,NA,6.65291666666667,80.1266666666667,324.99625,86.1929166666667,1.51791666666667,0.00711208333333333,0,0.0126,5.397,0,371.8489,67.6924,6.88,2.0216,120.9013,0.4533,0.0177,0.1493,0.0299,13.9264,20.1933,1.4663,2.9325,0.0396,0.9243,188.007,13.1963,0.3565,20.1933
2023-01-13,NA,NA,NA,6.96166666666667,89.97,301.522083333333,77.1995833333333,3.64208333333333,0.01117625,0,0.0193,5.5767,0,370.1393,67.7261,6.88,2.0111,120.9013,0.4518,0.0183,0.149,0.0298,13.9191,20.1827,1.4847,2.9695,0.0397,0.9268,187.9076,13.3627,0.3575,20.1827
2023-01-14,NA,NA,NA,0.725833333333333,94.1516666666667,262.63375,58.5541666666667,7.48125,0,0,0.0163,2.8015,0,398.123,67.7598,6.88,2.0007,120.9013,0.4503,0.0188,0.1487,0.0297,13.9117,20.172,1.5032,3.0065,0.0398,0.9294,187.8081,13.5292,0.3585,20.172
2023-01-15,NA,NA,NA,-0.560416666666667,61.3391666666667,218.43875,47.2870833333333,6.37,0,0,0.0139,1.4047,0,413.5834,67.7935,6.88,1.9902,120.9013,0.4489,0.0194,0.1484,0.0297,13.9043,20.1613,1.5217,3.0435,0.0399,0.9319,187.7086,13.6956,0.3595,20.1613
2023-01-16,NA,NA,NA,4.61583333333333,74.9533333333333,259.090833333333,44.4395833333333,2.5775,0,0,0.0122,2.6031,0,400.2591,67.8272,6.88,1.9797,120.9013,0.4474,0.02,0.1482,0.0296,13.897,20.1506,1.5402,3.0805,0.04,0.9345,187.6091,13.8621,0.3604,20.1506
2023-01-17,NA,NA,NA,8.21333333333333,63.0204166666667,331.234583333333,77.7066666666667,1.835,0.00660416666666667,0,0.0129,5.2715,0,373.0511,67.8609,6.88,1.9693,120.9013,0.4459,0.0206,0.1479,0.0296,13.8896,20.1399,1.5587,3.1174,0.0402,0.937,187.5097,14.0285,0.3614,20.1399
2023-01-18,NA,NA,NA,12.8133333333333,98.0295833333333,288.954583333333,60.6629166666667,2.70166666666667,0,0,0.0118,6.574,0,360.891,67.8946,6.88,1.9588,120.9013,0.4444,0.0211,0.1476,0.0295,13.8822,20.1292,1.5772,3.1544,0.0403,0.9396,187.4102,14.195,0.3624,20.1292
2023-01-19,NA,NA,NA,10.2233333333333,98.4616666666667,345.394166666667,90.9379166666667,1.95416666666667,0.00101625,0,0.0118,7.1108,0,356.0757,67.9283,6.88,1.9483,120.9013,0.443,0.0217,0.1473,0.0295,13.8749,20.1186,1.5957,3.1914,0.0404,0.9421,187.3107,14.3614,0.3634,20.1186
2023-01-20,NA,NA,NA,8.335,100.769583333333,294.507916666667,55.0158333333333,2.72666666666667,0,0,0.0107,5.6519,0,369.4277,67.962,6.88,1.9379,120.9013,0.4415,0.0223,0.147,0.0294,13.8675,20.1079,1.6142,3.2284,0.0405,0.9446,187.2112,14.5279,0.3644,20.1079
2023-01-21,NA,NA,NA,1.88791666666667,115.73875,288.541666666667,61.7083333333333,2.58083333333333,0,0,0.0104,4.033,0,385.2771,67.9957,6.88,1.9274,120.9013,0.44,0.0228,0.1468,0.0294,13.8601,20.0972,1.6327,3.2654,0.0406,0.9472,187.1118,14.6943,0.3653,20.0972
2023-01-22,NA,NA,NA,0.818333333333333,100.587083333333,297.052083333333,84.1254166666667,1.46458333333333,0.0007625,0,0.0109,3.6868,0,388.8174,68.0294,6.88,1.917,120.9013,0.4386,0.0234,0.1465,0.0293,13.8528,20.0865,1.6512,3.3024,0.0407,0.9497,187.0123,14.8607,0.3663,20.0865
2023-01-23,NA,NA,NA,3.37041666666667,81.9075,313.7025,77.16375,2.06125,0.0020325,0,0.0107,4.0145,0,385.4653,68.0631,6.88,1.9065,120.9013,0.4371,0.024,0.1462,0.0292,13.8454,20.0758,1.6697,3.3394,0.0408,0.9523,186.9128,15.0272,0.3673,20.0758
2023-01-24,NA,NA,NA,3.44166666666667,132.448333333333,244.564583333333,54.06625,2.86375,0,0,0.01,3.0943,0,395.0042,68.0969,6.88,1.896,120.9013,0.4356,0.0246,0.1459,0.0292,13.838,20.0651,1.6882,3.3764,0.0409,0.9548,186.8133,15.1936,0.3683,20.0651
2023-01-25,NA,NA,NA,3.28833333333333,16.1945833333333,310.170833333333,74.6041666666667,1.69166666666667,0.0154945833333333,0,0.0151,3.8234,0,387.4135,68.1306,6.88,1.8856,120.9013,0.4341,0.0251,0.1456,0.0291,13.8307,20.0545,1.7067,3.4133,0.041,0.9573,186.7139,15.3601,0.3693,20.0545
2023-01-26,NA,NA,NA,4.40291666666667,64.3758333333333,300.472083333333,64.9141666666667,2.92375,0,0,0.0149,4.0626,0,384.9772,68.1643,6.88,1.8751,120.9013,0.4327,0.0257,0.1454,0.0291,13.8233,20.0438,1.7252,3.4503,0.0411,0.9599,186.6144,15.5265,0.3702,20.0438
2023-01-27,NA,NA,NA,2.25,152.467083333333,265.304166666667,45.7045833333333,1.97333333333333,0,0,0.0133,3.1924,0,393.9681,68.198,6.88,1.8646,120.9013,0.4312,0.0263,0.1451,0.029,13.8159,20.0331,1.7437,3.4873,0.0412,0.9624,186.5149,15.693,0.3712,20.0331
2023-01-28,NA,NA,NA,5.085,145.060833333333,251.37125,53.4916666666667,2.07,0,0,0.0122,3.5856,0,389.8619,68.2317,6.88,1.8542,120.9013,0.4297,0.0268,0.1448,0.029,13.8086,20.0224,1.7622,3.5243,0.0414,0.965,186.4155,15.8594,0.3722,20.0224
2023-01-29,NA,NA,NA,3.78541666666667,31.1033333333333,303.800416666667,86.89375,1.45333333333333,0.00330166666666667,0,0.0117,4.4486,0,381.099,68.2654,6.88,1.8437,120.9013,0.4283,0.0274,0.1445,0.0289,13.8012,20.0117,1.7806,3.5613,0.0415,0.9675,186.316,16.0258,0.3732,20.0117
2023-01-30,NA,NA,NA,9.49,73.8429166666667,341.494166666667,91.64375,1.43291666666667,0,0,0.0115,6.6376,0,360.3143,68.2991,6.88,1.8333,120.9013,0.4268,0.028,0.1442,0.0288,13.7938,20.001,1.7991,3.5983,0.0416,0.97,186.2165,16.1923,0.3742,20.001
2023-01-31,NA,NA,NA,10.5116666666667,21.9691666666667,327.331666666667,89.6679166666667,1.7625,0.00101625,0,0.0113,7.1431,0,355.7896,68.3328,6.88,1.8228,120.9013,0.4253,0.0285,0.144,0.0288,13.7864,19.9903,1.8176,3.6353,0.0417,0.9726,186.117,16.3587,0.3751,19.9903
2023-02-01,NA,NA,NA,3.81458333333333,69.1833333333333,315.32125,83.90875,1.2875,0.00762,0,0.013,5.7519,0,368.4852,68.3665,6.88,1.8123,120.9013,0.4238,0.0291,0.1437,0.0287,13.7791,19.9797,1.8361,3.6723,0.0418,0.9751,186.0176,16.5252,0.3761,19.9797
2023-02-02,NA,NA,NA,2.69208333333333,52.1279166666667,313.260833333333,93.5170833333333,0.213333333333333,0.00228625,0,0.0124,5.0139,0,375.5394,68.4002,6.88,1.8019,120.9013,0.4224,0.0297,0.1434,0.0287,13.7717,19.969,1.8546,3.7092,0.0419,0.9777,185.9181,16.6916,0.3771,19.969
2023-02-03,NA,NA,NA,1.465,166.255833333333,257.38,42.6995833333333,2.65958333333333,0,0,0.0118,2.8294,0,397.8239,68.4339,6.88,1.7914,120.9013,0.4209,0.0303,0.1431,0.0286,13.7643,19.9583,1.8731,3.7462,0.042,0.9802,185.8186,16.8581,0.3781,19.9583
2023-02-04,NA,NA,NA,-4.13041666666667,162.261666666667,215.054583333333,41.07125,2.49208333333333,0,0,0.0111,0.8162,0,420.3975,68.4676,6.88,1.7809,120.9013,0.4194,0.0308,0.1428,0.0286,13.757,19.9476,1.8536,3.7073,0.0417,0.9735,185.7191,16.6828,0.3755,19.9476
2023-02-05,NA,NA,NA,2.65708333333333,126.904583333333,268.115833333333,56.9729166666667,1.66291666666667,0,0,0.0111,2.6473,0,399.7818,68.5013,6.88,1.7705,120.9013,0.418,0.0314,0.1426,0.0285,13.7496,19.9369,1.8342,3.6684,0.0414,0.9668,185.6197,16.5076,0.3729,19.9369
2023-02-06,NA,NA,NA,7.99,163.877916666667,268.750416666667,52.14125,3.1575,0,0,0.0107,4.3454,0,382.1295,68.535,6.88,1.76,120.9013,0.4165,0.032,0.1423,0.0285,13.7422,19.9262,1.8147,3.6294,0.0411,0.9601,185.5202,16.3324,0.3703,19.9262
2023-02-07,NA,NA,NA,5.30166666666667,141.963333333333,261.935416666667,65.1091666666667,1.89458333333333,0,0,0.0102,4.2808,0,382.7767,68.5687,6.88,1.7496,120.9013,0.415,0.0325,0.142,0.0284,13.7349,19.9156,1.7952,3.5905,0.0409,0.9534,185.4207,16.1572,0.3677,19.9156
2023-02-08,NA,NA,NA,12.4091666666667,97.1041666666667,319.217083333333,54.6845833333333,2.17,0,0,0.01,6.8448,0,358.4479,68.6024,6.88,1.7391,120.9013,0.4135,0.0331,0.1417,0.0283,13.7275,19.9049,1.7758,3.5516,0.0406,0.9467,185.3212,15.982,0.3652,19.9049
2023-02-09,NA,NA,NA,14.5679166666667,39.40875,358.5775,68.5545833333333,2.8925,0,0,0.0101,8.8735,0,341.0223,68.6361,6.88,1.7286,120.9013,0.4121,0.0337,0.1414,0.0283,13.7201,19.8942,1.7563,3.5126,0.0403,0.94,185.2218,15.8068,0.3626,19.8942
2023-02-10,NA,NA,NA,12.3733333333333,144.84125,298.38875,58.4033333333333,2.89208333333333,0,0,0.01,8.2904,0,345.8777,68.6698,6.88,1.7182,120.9013,0.4106,0.0343,0.1412,0.0282,13.7128,19.8835,1.7368,3.4737,0.04,0.9333,185.1223,15.6315,0.36,19.8835
2023-02-11,NA,NA,NA,6.82458333333333,129.095416666667,281.94,43.9633333333333,3.77916666666667,0,0,0.0097,6.346,0,362.9693,68.7035,6.88,1.7077,120.9013,0.4091,0.0348,0.1409,0.0282,13.7054,19.8728,1.7174,3.4347,0.0397,0.9266,185.0228,15.4563,0.3574,19.8728
2023-02-12,NA,NA,NA,3.16416666666667,22.15125,320.202083333333,79.1808333333333,2.97875,0.0398775,0,0.0326,5.2805,0,372.9641,68.7372,6.88,1.6972,120.9013,0.4076,0.0354,0.1406,0.0281,13.698,19.8621,1.6979,3.3958,0.0394,0.9199,184.9233,15.2811,0.3548,19.8621
2023-02-13,NA,NA,NA,6.79416666666667,106.549583333333,279.99375,50.7495833333333,5.15458333333333,0.00381,0,0.0371,5.7827,0,368.1955,68.7709,6.88,1.6868,120.9013,0.4062,0.036,0.1403,0.0281,13.6907,19.8515,1.6784,3.3569,0.0391,0.9132,184.8239,15.1059,0.3522,19.8515
2023-02-14,NA,NA,NA,9.75875,159.746666666667,275.57875,45.1258333333333,2.0675,0,0,0.0217,6.5367,0,361.2297,68.8046,6.88,1.6763,120.9013,0.4047,0.0365,0.1401,0.028,13.6833,19.8408,1.659,3.3179,0.0389,0.9065,184.7244,14.9307,0.3497,19.8408
2023-02-15,NA,NA,NA,13.1866666666667,149.75125,324.305416666667,51.1883333333333,1.81916666666667,0,0,0.0167,8.2401,0,346.3023,68.8383,6.88,1.6659,120.9013,0.4032,0.0371,0.1398,0.028,13.6759,19.8301,1.6395,3.279,0.0386,0.8998,184.6249,14.7555,0.3471,19.8301
2023-02-16,NA,NA,NA,13.43375,86.7575,345.28,80.7341666666667,2.6325,0,0,0.0151,9.7877,0,333.6463,68.872,6.88,1.6554,120.9013,0.4018,0.0377,0.1395,0.0279,13.6686,19.8194,1.62,3.2401,0.0383,0.8931,184.5254,14.5802,0.3445,19.8194
2023-02-17,NA,NA,NA,12.0979166666667,120.035833333333,348.394583333333,81.45,3.155,0.0144779166666667,0,0.0196,9.3959,0,336.7728,68.9057,6.88,1.6449,120.9013,0.4003,0.0383,0.1392,0.0278,13.6612,19.8087,1.6006,3.2011,0.038,0.8864,184.426,14.405,0.3419,19.8087
2023-02-18,NA,NA,NA,1.01291666666667,184.019166666667,235.320416666667,51.54625,3.70458333333333,0,0,0.0165,4.8219,0,377.4122,68.9394,6.88,1.6345,120.9013,0.3988,0.0388,0.1389,0.0278,13.6538,19.798,1.5811,3.1622,0.0377,0.8797,184.3265,14.2298,0.3393,19.798
2023-02-19,NA,NA,NA,5.67375,175.357916666667,273.144583333333,61.0979166666667,2.9575,0,0,0.0152,6.1517,0,364.7581,68.9731,6.88,1.624,120.9013,0.3973,0.0394,0.1387,0.0277,13.6464,19.7873,1.5616,3.1232,0.0374,0.873,184.227,14.0546,0.3367,19.7873
2023-02-20,NA,NA,NA,9.88333333333333,77.8070833333333,311.580416666667,63.505,2.57458333333333,0,0,0.0149,7.4425,0,353.1561,69.0068,6.88,1.6136,120.9013,0.3959,0.04,0.1384,0.0277,13.6391,19.7767,1.5422,3.0843,0.0371,0.8663,184.1275,13.8794,0.3342,19.7767
2023-02-21,NA,NA,NA,13.1775,182.557083333333,306.966666666667,60.53875,2.28208333333333,0,0,0.0137,8.559,0,343.6268,69.0405,6.88,1.6031,120.9013,0.3944,0.0405,0.1381,0.0276,13.6317,19.766,1.5227,3.0454,0.0368,0.8596,184.0281,13.7042,0.3316,19.766
2023-02-22,NA,NA,NA,12.1191666666667,112.975833333333,325.71,50.95625,2.565,0,0,0.013,8.8885,0,340.899,69.0742,6.88,1.5926,120.9013,0.3929,0.0411,0.1378,0.0276,13.6243,19.7553,1.5032,3.0064,0.0366,0.8529,183.9286,13.5289,0.329,19.7553
2023-02-23,NA,NA,NA,16.7020833333333,91.0270833333333,349.204583333333,74.3633333333333,2.105,0,0,0.0126,10.8444,0,325.463,69.1079,6.88,1.5822,120.9013,0.3915,0.0417,0.1375,0.0275,13.617,19.7446,1.4837,2.9675,0.0363,0.8463,183.8291,13.3537,0.3264,19.7446
2023-02-24,NA,NA,NA,14.53625,162.81625,314.26,35.2654166666667,3.01375,0,0,0.0118,9.8145,0,333.4345,69.1416,6.88,1.5717,120.9013,0.39,0.0422,0.1373,0.0275,13.6096,19.7339,1.4643,2.9286,0.036,0.8396,183.7296,13.1785,0.3238,19.7339
2023-02-25,NA,NA,NA,4.54541666666667,34.5579166666667,303.24375,59.1225,1.615,0.00533416666666667,0,0.013,6.6819,0,359.9141,69.1753,6.88,1.5612,120.9013,0.3885,0.0428,0.137,0.0274,13.6022,19.7232,1.4448,2.8896,0.0357,0.8329,183.6302,13.0033,0.3212,19.7232
2023-02-26,NA,NA,NA,7.90666666666667,181.16625,325.3875,77.2295833333333,2.03375,0,0,0.0122,7.5221,0,352.4617,69.2091,6.88,1.5508,120.9013,0.387,0.0434,0.1367,0.0273,13.5949,19.7126,1.4253,2.8507,0.0354,0.8262,183.5307,12.8281,0.3187,19.7126
2023-02-27,NA,NA,NA,8.99833333333333,66.48125,319.973333333333,65.6666666666667,2.40416666666667,0.00508,0,0.0124,7.7599,0,350.4007,69.2428,6.88,1.5403,120.9013,0.3856,0.044,0.1364,0.0273,13.5875,19.7019,1.4059,2.8117,0.0351,0.8195,183.4312,12.6528,0.3161,19.7019
2023-02-28,NA,NA,NA,15.145,199.39375,319.932083333333,54.03,2.74916666666667,0.000508333333333333,0,0.0121,9.6132,0,335.0324,69.2765,6.88,1.5299,120.9013,0.3841,0.0445,0.1361,0.0272,13.5801,19.6912,1.3864,2.7728,0.0348,0.8128,183.3317,12.4776,0.3135,19.6912
2023-03-01,NA,NA,NA,10.2375,139.394166666667,303.052083333333,74.5079166666667,2.09625,0,0,0.0116,9.2312,0,338.1024,69.3102,6.88,1.5194,120.9013,0.3826,0.0451,0.1359,0.0272,13.5728,19.6805,1.3669,2.7339,0.0345,0.8061,183.2323,12.3024,0.3109,19.6805
2023-03-02,NA,NA,NA,12.8758333333333,64.23125,350.3225,80.7754166666667,2.01041666666667,0.00177833333333333,0,0.0116,9.9947,0,332.015,69.3439,6.88,1.5089,120.9013,0.3812,0.0457,0.1356,0.0271,13.5654,19.6698,1.3475,2.6949,0.0343,0.7994,183.1328,12.1272,0.3083,19.6698
2023-03-03,NA,NA,NA,7.96291666666667,12.8733333333333,334.061666666667,81.2454166666667,2.29375,0.0109225,0,0.0168,8.1035,0,347.4593,69.3776,6.88,1.4985,120.9013,0.3797,0.0462,0.1353,0.0271,13.558,19.6591,1.328,2.656,0.034,0.7927,183.0333,11.952,0.3057,19.6591
2023-03-04,NA,NA,NA,8.78666666666667,219.327083333333,296.951666666667,62.9958333333333,3.65958333333333,0.00889,0,0.0227,7.9485,0,348.7807,69.4113,6.88,1.488,120.9013,0.3782,0.0468,0.135,0.027,13.5507,19.6484,1.3085,2.6171,0.0337,0.786,182.9338,11.7768,0.3032,19.6484
2023-03-05,NA,NA,NA,8.58333333333333,220.6,266.112083333333,55.7504166666667,2.15208333333333,0,0,0.0177,7.8912,0,349.2713,69.445,6.88,1.4775,120.9013,0.3767,0.0474,0.1347,0.0269,13.5433,19.6378,1.2891,2.5781,0.0334,0.7793,182.8344,11.6015,0.3006,19.6378
2023-03-06,NA,NA,NA,10.1175,211.08375,281.050416666667,50.5245833333333,2.23291666666667,0,0,0.0154,8.4711,0,344.3601,69.4787,6.88,1.4671,120.9013,0.3753,0.048,0.1345,0.0269,13.5359,19.6271,1.2696,2.5392,0.0331,0.7726,182.7349,11.4263,0.298,19.6271
2023-03-07,NA,NA,NA,13.8079166666667,225.87625,296.133333333333,47.74625,3.69458333333333,0,0,0.0141,9.2916,0,337.6144,69.5124,6.88,1.4566,120.9013,0.3738,0.0485,0.1342,0.0268,13.5285,19.6164,1.2501,2.5002,0.0328,0.7659,182.6354,11.2511,0.2954,19.6164
2023-03-08,NA,NA,NA,6.57,223.312083333333,247.802916666667,30.0583333333333,5.01,0,0,0.0131,6.7577,0,359.2303,69.5461,6.88,1.4462,120.9013,0.3723,0.0491,0.1339,0.0268,13.5212,19.6057,1.2307,2.4613,0.0325,0.7592,182.5359,11.0759,0.2928,19.6057
2023-03-09,NA,NA,NA,7.75583333333333,213.789166666667,260.948333333333,42.6641666666667,3.02958333333333,0,0,0.0125,7.0166,0,356.9132,69.5798,6.88,1.4357,120.9013,0.3709,0.0497,0.1336,0.0267,13.5138,19.595,1.2112,2.4224,0.0322,0.7525,182.4365,10.9007,0.2902,19.595
2023-03-10,NA,NA,NA,7.80458333333333,56.0516666666667,328.115416666667,70.39125,1.6375,0.00177875,0,0.0129,7.0077,0,356.992,69.6135,6.88,1.4252,120.9013,0.3694,0.0502,0.1333,0.0267,13.5064,19.5843,1.1917,2.3834,0.032,0.7458,182.337,10.7255,0.2877,19.5843
2023-03-11,NA,NA,NA,3.92333333333333,142.167916666667,294.57875,55.1495833333333,3.225,0,0,0.0123,5.5271,0,370.6097,69.6472,6.88,1.4148,120.9013,0.3679,0.0508,0.1331,0.0266,13.4991,19.5737,1.1722,2.3445,0.0317,0.7391,182.2375,10.5502,0.2851,19.5737
2023-03-12,NA,NA,NA,-0.343333333333333,27.8833333333333,291.318333333333,85.1004166666667,2.05541666666667,0,0,0.0126,3.7095,0,388.5835,69.6809,6.88,1.4043,120.9013,0.3664,0.0514,0.1328,0.0266,13.4917,19.563,1.1528,2.3056,0.0314,0.7324,182.138,10.375,0.2825,19.563
2023-03-13,NA,NA,NA,2.89458333333333,113.164583333333,312.990833333333,83.0725,1.59458333333333,0.00609625,0,0.0128,4.7692,0,377.9292,69.7146,6.88,1.3938,120.9013,0.365,0.052,0.1325,0.0265,13.4843,19.5523,1.1333,2.2666,0.0311,0.7257,182.0386,10.1998,0.2799,19.5523
2023-03-14,NA,NA,NA,0.375416666666667,175.87,271.370833333333,52.525,2.75958333333333,0,0,0.012,3.4775,0,390.9838,69.7483,6.88,1.3834,120.9013,0.3635,0.0525,0.1322,0.0264,13.477,19.5416,1.1138,2.2277,0.0308,0.719,181.9391,10.0246,0.2773,19.5416
2023-03-15,NA,NA,NA,1.77583333333333,246.104583333333,237.678333333333,41.16375,4.57291666666667,0,0,0.0116,3.4472,0,391.2993,69.782,6.88,1.3729,120.9013,0.362,0.0531,0.1319,0.0264,13.4696,19.5309,1.0944,2.1887,0.0305,0.7123,181.8396,9.8494,0.2747,19.5309
2023-03-16,NA,NA,NA,8.60958333333333,222.834166666667,263.026666666667,29.1504166666667,2.23666666666667,0,0,0.0113,5.4468,0,371.3738,69.8157,6.88,1.3625,120.9013,0.3606,0.0537,0.1317,0.0263,13.4622,19.5202,1.0749,2.1498,0.0302,0.7056,181.7401,9.6742,0.2722,19.5202
2023-03-17,NA,NA,NA,10.1466666666667,79.9945833333333,332.523333333333,65.8895833333333,2.11041666666667,0,0,0.0115,7.385,0,353.6593,69.8494,6.88,1.352,120.9013,0.3591,0.0542,0.1314,0.0263,13.4549,19.5096,1.0554,2.1109,0.03,0.6989,181.6407,9.4989,0.2696,19.5096
2023-03-18,NA,NA,NA,6.83625,236.168333333333,274.819166666667,53.80375,3.27291666666667,0,0,0.0112,6.4947,0,361.6115,69.8831,6.88,1.3415,120.9013,0.3576,0.0548,0.1311,0.0262,13.4475,19.4989,1.036,2.0719,0.0297,0.6922,181.5412,9.3237,0.267,19.4989
2023-03-19,NA,NA,NA,0.730833333333333,252.198333333333,239.6125,39.6225,3.16541666666667,0,0,0.011,4.1996,0,383.5934,69.9168,6.88,1.3311,120.9013,0.3561,0.0554,0.1308,0.0262,13.4401,19.4882,1.0165,2.033,0.0294,0.6855,181.4417,9.1485,0.2644,19.4882
2023-03-20,NA,NA,NA,1.17125,255.251666666667,224.44875,39.4016666666667,2.77083333333333,0,0,0.0107,3.9655,0,385.963,69.9505,6.88,1.3206,120.9013,0.3547,0.056,0.1305,0.0261,13.4328,19.4775,0.997,1.9941,0.0291,0.6788,181.3422,8.9733,0.2618,19.4775
2023-03-21,NA,NA,NA,6.1175,244.174583333333,250.285,39.7916666666667,2.35208333333333,0,0,0.0103,5.5016,0,370.8522,69.9842,6.88,1.3102,120.9013,0.3532,0.0565,0.1303,0.0261,13.4254,19.4668,0.9776,1.9551,0.0288,0.6721,181.2428,8.7981,0.2592,19.4668
2023-03-22,NA,NA,NA,10.3729166666667,93.6941666666667,335.455416666667,42.2120833333333,1.31166666666667,0,0,0.0104,7.2486,0,354.8575,70.0179,6.88,1.2997,120.9013,0.3517,0.0571,0.13,0.026,13.418,19.4561,0.9581,1.9162,0.0285,0.6654,181.1433,8.6228,0.2567,19.4561
2023-03-23,NA,NA,NA,15.455,164.75875,353.72625,72.24125,1.63125,0,0,0.0111,10.1691,0,330.6516,70.0516,6.88,1.2892,120.9013,0.3503,0.0577,0.1297,0.0259,13.4107,19.4454,0.9386,1.8773,0.0282,0.6587,181.0438,8.4476,0.2541,19.4454
2023-03-24,NA,NA,NA,20.96,169.962083333333,362.00375,57.77,2.70291666666667,0,0,0.011,12.7351,0,311.6748,70.0853,6.88,1.2788,120.9013,0.3488,0.0582,0.1294,0.0259,13.4033,19.4348,0.9192,1.8383,0.0279,0.652,180.9443,8.2724,0.2515,19.4348
2023-03-25,NA,NA,NA,12.97875,114.805416666667,366.994166666667,85.18125,2.32125,0.00304833333333333,0,0.0113,11.4789,0,320.7176,70.119,6.88,1.2683,120.9013,0.3473,0.0588,0.1291,0.0258,13.3959,19.4241,0.8997,1.7994,0.0277,0.6453,180.8449,8.0972,0.2489,19.4241
2023-03-26,NA,NA,NA,16.0391666666667,246.899583333333,306.38625,39.725,2.71375,0,0,0.0101,11.4451,0,320.9669,70.1527,6.88,1.2578,120.9013,0.3458,0.0594,0.1289,0.0258,13.3885,19.4134,0.8802,1.7604,0.0274,0.6386,180.7454,7.922,0.2463,19.4134
2023-03-27,NA,NA,NA,15.9870833333333,199.898333333333,338.50375,69.9295833333333,1.60916666666667,0,0,0.0102,12.3452,0,314.4325,70.1864,6.88,1.2474,120.9013,0.3444,0.0599,0.1286,0.0257,13.3812,19.4027,0.8608,1.7215,0.0271,0.6319,180.6459,7.7468,0.2437,19.4027
2023-03-28,NA,NA,NA,12.1991666666667,103.389166666667,315.722083333333,50.2516666666667,3.01416666666667,0,0,0.0101,10.3007,0,329.6286,70.2201,6.88,1.2369,120.9013,0.3429,0.0605,0.1283,0.0257,13.3738,19.392,0.8413,1.6826,0.0268,0.6252,180.5464,7.5715,0.2412,19.392
2023-03-29,NA,NA,NA,9.31916666666667,259.582083333333,293.479166666667,53.7991666666667,2.57833333333333,0,0,0.0099,9.5949,0,335.1786,70.2538,6.88,1.2265,120.9013,0.3414,0.0611,0.128,0.0256,13.3664,19.3813,0.8218,1.6436,0.0265,0.6185,180.447,7.3963,0.2386,19.3813
2023-03-30,NA,NA,NA,10.6641666666667,233.334583333333,277.010416666667,38.1108333333333,1.76541666666667,0,0,0.0097,9.2181,0,338.2088,70.2875,6.88,1.216,120.9013,0.34,0.0617,0.1278,0.0256,13.3591,19.3707,0.8023,1.6047,0.0262,0.6118,180.3475,7.2211,0.236,19.3707
2023-03-31,NA,NA,NA,10.55375,75.8791666666667,321.2425,64.615,2.33541666666667,0.00812833333333333,0,0.0105,9.2153,0,338.2316,70.3212,6.88,1.2055,120.9013,0.3385,0.0622,0.1275,0.0255,13.3517,19.36,0.7829,1.5658,0.0259,0.6051,180.248,7.0459,0.2334,19.36
2023-04-01,NA,NA,NA,18.2779166666667,221.82875,369.1575,73.0704166666667,3.18541666666667,0.01041375,0,0.0142,12.1096,0,316.1201,70.355,6.88,1.1951,120.9013,0.337,0.0628,0.1272,0.0254,13.3443,19.3493,0.7634,1.5268,0.0256,0.5984,180.1485,6.8707,0.2308,19.3493
2023-04-02,NA,NA,NA,9.35375,253.062916666667,282.052916666667,48.6691666666667,4.07958333333333,0,0,0.0114,9.813,0,333.4461,70.3887,6.88,1.1846,120.9013,0.3355,0.0634,0.1269,0.0254,13.337,19.3386,0.7439,1.4879,0.0254,0.5917,180.0491,6.6955,0.2282,19.3386
2023-04-03,NA,NA,NA,10.7875,175.140833333333,300.174166666667,63.69875,2.58375,0,0,0.0106,9.9967,0,331.9995,70.4224,6.88,1.1741,120.9013,0.3341,0.0639,0.1266,0.0253,13.3296,19.3279,0.7245,1.4489,0.0251,0.585,179.9496,6.5202,0.2257,19.3279
2023-04-04,NA,NA,NA,19.03125,258.790833333333,346.440416666667,68.32375,2.10791666666667,0,0,0.0104,13.2114,0,308.3641,70.4561,6.88,1.1637,120.9013,0.3326,0.0645,0.1264,0.0253,13.3222,19.3172,0.705,1.41,0.0248,0.5783,179.8501,6.345,0.2231,19.3172
2023-04-05,NA,NA,NA,21.0383333333333,219.184166666667,361.357916666667,76.8020833333333,2.98875,0,0,0.0104,15.2394,0,294.942,70.184,6.88,1.0922,120.9013,0.3247,0.0657,0.1279,0.0256,13.4412,19.4897,0.7668,1.5336,0.0255,0.5952,181.4559,6.9011,0.2296,19.4897
2023-04-06,NA,NA,NA,23.4454166666667,162.3175,390.135416666667,63.1870833333333,1.96875,0,0,0.0102,16.0369,0,289.9462,69.912,6.88,1.0208,120.9013,0.3168,0.0668,0.1294,0.0259,13.5601,19.6622,0.8286,1.6572,0.0262,0.6121,183.0617,7.4572,0.2361,19.6622
2023-04-07,NA,NA,NA,11.7741666666667,37.94875,355.67875,76.1675,3.93458333333333,0.0071125,0,0.0111,11.9674,0,317.1463,69.64,6.88,0.9493,120.9013,0.3088,0.068,0.1309,0.0262,13.6791,19.8347,0.8904,1.7807,0.027,0.6289,184.6675,8.0133,0.2426,19.8347
2023-04-08,NA,NA,NA,6.46791666666667,71.7883333333333,338.447083333333,74.1895833333333,1.3375,0,0,0.0104,9.3523,0,337.1243,69.3679,6.88,0.8778,120.9013,0.3009,0.0691,0.1324,0.0265,13.798,20.0071,0.9522,1.9043,0.0277,0.6458,186.2733,8.5694,0.2491,20.0071
2023-04-09,NA,NA,NA,7.3575,288.25625,268.145833333333,50.1983333333333,1.4875,0,0,0.0096,9.314,0,337.4335,69.0959,6.88,0.8064,120.9013,0.293,0.0703,0.1339,0.0268,13.917,20.1796,1.0139,2.0279,0.0284,0.6627,187.8791,9.1255,0.2556,20.1796
2023-04-10,NA,NA,NA,9.31208333333333,290.13625,267.24375,49.9408333333333,1.52416666666667,0,0,0.0097,9.8536,0,333.1251,68.8239,6.88,0.7349,120.9013,0.2851,0.0714,0.1354,0.0271,14.0359,20.3521,1.0757,2.1515,0.0291,0.6795,189.485,9.6816,0.2621,20.3521
2023-04-11,NA,NA,NA,13.8808333333333,287.947916666667,285.14875,44.79375,1.88875,0,0,0.0099,11.1304,0,323.3084,68.5518,6.88,0.6634,120.9013,0.2772,0.0726,0.1369,0.0274,14.1549,20.5246,1.1375,2.275,0.0298,0.6964,191.0908,10.2377,0.2686,20.5246
2023-04-12,NA,NA,NA,17.8545833333333,281.081666666667,310.878333333333,37.9420833333333,2.60291666666667,0,0,0.0098,12.8086,0,311.1595,68.2798,6.88,0.592,120.9013,0.2692,0.0737,0.1384,0.0277,14.2738,20.697,1.1993,2.3986,0.0306,0.7133,192.6966,10.7938,0.2751,20.697
2023-04-13,NA,NA,NA,19.7633333333333,282.046666666667,323.170833333333,40.565,2.455,0,0,0.0096,14.0097,0,302.9529,68.0078,6.88,0.5205,120.9013,0.2613,0.0749,0.1399,0.028,14.3928,20.8695,1.2611,2.5222,0.0313,0.7301,194.3024,11.3499,0.2816,20.8695
2023-04-14,NA,NA,NA,17.0295833333333,165.219583333333,356.031666666667,70.38,1.77041666666667,0.000762083333333333,0,0.0112,14.0874,0,302.4352,67.7357,6.88,0.4491,120.9013,0.2534,0.076,0.1414,0.0283,14.5117,21.042,1.3229,2.6458,0.032,0.747,195.9082,11.906,0.2881,21.042
2023-04-15,NA,NA,NA,17.8995833333333,217.417083333333,382.07875,79.6170833333333,1.40708333333333,0.0119383333333333,0,0.0112,14.9456,0,296.821,67.4637,6.88,0.3776,120.9013,0.2455,0.0772,0.1429,0.0286,14.6307,21.2145,1.3847,2.7694,0.0327,0.7639,197.514,12.4621,0.2946,21.2145
2023-04-16,NA,NA,NA,18.5854166666667,137.468333333333,353.72125,69.88875,2.09291666666667,0,0,0.0112,14.6689,0,298.6111,67.1917,6.88,0.3061,120.9013,0.2376,0.0783,0.1444,0.0289,14.7496,21.3869,1.4465,2.8929,0.0335,0.7807,199.1198,13.0182,0.3011,21.3869
2023-04-17,NA,NA,NA,13.4920833333333,232.119583333333,314.815833333333,52.6325,2.91208333333333,0.00889,0,0.0107,12.5352,0,313.0833,66.9197,6.88,0.2347,120.9013,0.2296,0.0795,0.1459,0.0292,14.8686,21.5594,1.5083,3.0165,0.0342,0.7976,200.7256,13.5743,0.3076,21.5594
2023-04-18,NA,NA,NA,15.7145833333333,296.768333333333,288.742083333333,24.4429166666667,2.75083333333333,0,0,0.0093,12.2856,0,314.8577,66.6476,6.88,0.1632,120.9013,0.2217,0.0806,0.1474,0.0295,14.9875,21.7319,1.57,3.1401,0.0349,0.8145,202.3314,14.1304,0.3142,21.7319
2023-04-19,NA,NA,NA,19.48375,282.234166666667,324.24125,40.3616666666667,1.9925,0,0,0.0086,13.899,0,303.6933,65.9152,6.88,0.1682,120.9013,0.2388,0.0906,0.145,0.029,14.9875,21.7319,1.5165,3.033,0.0347,0.8085,202.3314,13.6486,0.3119,21.7319
2023-04-20,NA,NA,NA,21.9066666666667,278.397916666667,339.6875,43.31375,2.26583333333333,0,0,0.0085,15.2056,0,295.1568,65.1828,6.88,0.1731,120.9013,0.2558,0.1005,0.1426,0.0285,14.9875,21.7319,1.463,2.926,0.0344,0.8026,202.3314,13.1668,0.3096,21.7319
2023-04-21,NA,NA,NA,21.0816666666667,284.64125,338.539583333333,52.5016666666667,2.50833333333333,0,0,0.0084,15.5541,0,292.9524,64.4505,6.88,0.178,120.9013,0.2729,0.1104,0.1401,0.028,14.9875,21.7319,1.4094,2.8189,0.0341,0.7966,202.3314,12.685,0.3073,21.7319
2023-04-22,NA,NA,NA,15.9504166666667,92.7258333333333,356.315833333333,71.6583333333333,2.31958333333333,0.01168375,0,0.0103,13.7451,0,304.7274,63.7181,6.88,0.183,120.9013,0.29,0.1203,0.1377,0.0275,14.9875,21.7319,1.3559,2.7118,0.0339,0.7907,202.3314,12.2033,0.305,21.7319
2023-04-23,NA,NA,NA,11.25125,249.777083333333,289.289583333333,67.2041666666667,2.20125,0,0,0.0087,11.6597,0,319.3874,62.9857,6.88,0.1879,120.9013,0.307,0.1303,0.1353,0.0271,14.9875,21.7319,1.3024,2.6048,0.0336,0.7847,202.3314,11.7215,0.3027,21.7319
2023-04-24,NA,NA,NA,10.40625,294.8825,269.999583333333,46.98125,2.95875,0,0,0.0081,10.5054,0,328.0492,62.2533,6.88,0.1929,120.9013,0.3241,0.1402,0.1328,0.0266,14.9875,21.7319,1.2489,2.4977,0.0334,0.7788,202.3314,11.2397,0.3004,21.7319
2023-04-25,NA,NA,NA,9.80833333333333,229.755833333333,280.045416666667,50.0504166666667,2.17666666666667,0,0,0.0082,9.7441,0,333.9921,61.5209,6.88,0.1978,120.9013,0.3411,0.1501,0.1304,0.0261,14.9875,21.7319,1.1953,2.3907,0.0331,0.7728,202.3314,10.7579,0.2981,21.7319
2023-04-26,NA,NA,NA,11.8041666666667,174.7275,296.352083333333,73.8066666666667,1.7725,0,0,0.0083,10.2311,0,330.1685,60.7885,6.88,0.2028,120.9013,0.3582,0.16,0.128,0.0256,14.9875,21.7319,1.1418,2.2836,0.0329,0.7669,202.3314,10.2762,0.2958,21.7319
2023-04-27,NA,NA,NA,13.8583333333333,153.24625,321.698333333333,85.78625,1.80541666666667,0.000507916666666667,0,0.0104,11.2135,0,322.6869,60.0561,6.88,0.2077,120.9013,0.3752,0.17,0.1255,0.0251,14.9875,21.7319,1.0883,2.1765,0.0326,0.7609,202.3314,9.7944,0.2935,21.7319
2023-04-28,NA,NA,NA,14.8191666666667,76.8633333333333,379.084166666667,97.8191666666667,1.78416666666667,0.05562625,0,0.0732,11.7539,0,318.6986,59.3237,6.88,0.2126,120.9013,0.3923,0.1799,0.1231,0.0246,14.9875,21.7319,1.0347,2.0695,0.0324,0.755,202.3314,9.3126,0.2912,21.7319
2023-04-29,NA,NA,NA,16.9566666666667,228.8775,375.213333333333,90.0383333333333,1.31041666666667,0.000254166666666667,0,0.033,12.7409,0,311.6339,58.5913,6.88,0.2176,120.9013,0.4093,0.1898,0.1207,0.0241,14.9875,21.7319,0.9812,1.9624,0.0321,0.749,202.3314,8.8308,0.2889,21.7319
2023-04-30,NA,NA,NA,16.9204166666667,129.329166666667,378.829583333333,90.85125,1.84666666666667,0.00533416666666667,0,0.0208,12.8349,0,310.9759,57.8589,6.88,0.2225,120.9013,0.4264,0.1998,0.1183,0.0237,14.9875,21.7319,0.9277,1.8553,0.0318,0.7431,202.3314,8.3491,0.2866,21.7319
2023-05-01,NA,NA,NA,10.1579166666667,87.2591666666667,317.817916666667,53.8566666666667,2.59333333333333,0,0,0.015,10.0779,0,331.363,57.1265,6.88,0.2275,120.9013,0.4435,0.2097,0.1158,0.0232,14.9875,21.7319,0.8741,1.7483,0.0316,0.7371,202.3314,7.8673,0.2843,21.7319
2023-05-02,NA,NA,NA,12.1716666666667,291.097083333333,301.4725,45.1241666666667,3.07041666666667,0.000254166666666667,0,0.0131,10.397,0,328.8843,59.3028,6.88,0.2112,120.9013,0.4276,0.2097,0.1173,0.0235,14.7496,21.3869,0.8534,1.7067,0.0312,0.729,199.1198,7.6802,0.2812,21.3869
2023-05-03,NA,NA,NA,9.9875,176.841666666667,315.262916666667,51.3125,2.33583333333333,0,0,0.0121,9.501,0,335.929,61.479,6.88,0.1949,120.9013,0.4118,0.2097,0.1188,0.0238,14.5117,21.042,0.8326,1.6651,0.0309,0.7208,195.9082,7.4931,0.278,21.042
2023-05-04,NA,NA,NA,11.3116666666667,298.182916666667,290.536666666667,52.55625,3.45208333333333,0,0,0.0112,10.0375,0,331.6794,63.6553,6.88,0.1787,120.9013,0.3959,0.2097,0.1203,0.0241,14.2738,20.697,0.8118,1.6236,0.0305,0.7127,192.6966,7.306,0.2749,20.697
2023-05-05,NA,NA,NA,13.365,316.797916666667,299.114166666667,63.33625,1.78416666666667,0,0,0.0106,10.9727,0,324.4932,65.8315,6.88,0.1624,120.9013,0.3801,0.2097,0.1218,0.0244,14.0359,20.3521,0.791,1.582,0.0302,0.7045,189.485,7.1189,0.2717,20.3521
2023-05-06,NA,NA,NA,17.2545833333333,309.687916666667,315.174166666667,59.38375,1.28541666666667,0,0,0.0102,12.4609,0,313.6095,68.0078,6.88,0.1461,120.9013,0.3643,0.2097,0.1233,0.0247,13.798,20.0071,0.7702,1.5404,0.0298,0.6964,186.2733,6.9318,0.2686,20.0071
2023-05-07,NA,NA,NA,18.6475,172.47875,347.852083333333,77.83125,1.80875,0.00177791666666667,0,0.0106,13.3043,0,307.7255,70.184,6.88,0.1298,120.9013,0.3484,0.2097,0.1248,0.025,13.5601,19.6622,0.7494,1.4988,0.0295,0.6882,183.0617,6.7447,0.2654,19.6622
2023-05-08,NA,NA,NA,21.5375,254.816666666667,365.190416666667,64.3708333333333,1.82208333333333,0,0,0.0104,14.8329,0,297.5476,72.3603,6.88,0.1135,120.9013,0.3326,0.2097,0.1264,0.0253,13.3222,19.3172,0.7286,1.4572,0.0291,0.68,179.8501,6.5576,0.2623,19.3172
2023-05-09,NA,NA,NA,20.5295833333333,226.765833333333,368.376666666667,74.0770833333333,2.25333333333333,0.00508,0,0.0104,15.3619,0,294.1646,73.7884,6.88,0.1377,120.9013,0.3326,0.1996,0.1316,0.0263,13.3222,19.3172,0.8254,1.6509,0.031,0.7224,179.8501,7.429,0.2786,19.3172
2023-05-10,NA,NA,NA,16.5991666666667,305.404583333333,335.73625,78.1629166666667,1.73291666666667,0,0,0.0096,14.5177,0,299.5968,75.2166,6.88,0.1619,120.9013,0.3326,0.1895,0.1369,0.0274,13.3222,19.3172,0.9223,1.8445,0.0328,0.7648,179.8501,8.3004,0.295,19.3172
2023-05-11,NA,NA,NA,17.8608333333333,305.685416666667,330.202916666667,67.3754166666667,1.3925,0,0,0.0092,14.7024,0,298.3931,76.6448,6.88,0.1861,120.9013,0.3326,0.1794,0.1421,0.0284,13.3222,19.3172,1.0191,2.0382,0.0346,0.8071,179.8501,9.1718,0.3113,19.3172
2023-05-12,NA,NA,NA,19.8083333333333,198.105,367.36125,80.9725,1.42166666666667,0,0,0.0093,15.4007,0,293.9188,78.0729,6.88,0.2103,120.9013,0.3326,0.1694,0.1474,0.0295,13.3222,19.3172,1.1159,2.2318,0.0364,0.8495,179.8501,10.0432,0.3277,19.3172
2023-05-13,NA,NA,NA,21.47625,192.18,402.666666666667,84.6608333333333,1.35,0.00101625,0,0.0096,16.227,0,288.7776,79.5011,6.88,0.2345,120.9013,0.3326,0.1593,0.1527,0.0305,13.3222,19.3172,1.2127,2.4255,0.0382,0.8919,179.8501,10.9146,0.344,19.3172
2023-05-14,NA,NA,NA,19.9495833333333,293.2075,386.826666666667,75.875,1.61916666666667,0.000508333333333333,0,0.0089,16.0919,0,289.6073,80.9293,6.88,0.2587,120.9013,0.3326,0.1492,0.1579,0.0316,13.3222,19.3172,1.3096,2.6191,0.04,0.9342,179.8501,11.786,0.3604,19.3172
2023-05-15,NA,NA,NA,16.6379166666667,61.8629166666667,386.672083333333,82.3170833333333,0.801666666666667,0.00254041666666667,0,0.0094,14.7842,0,297.8629,82.3574,6.88,0.2829,120.9013,0.3326,0.1391,0.1632,0.0326,13.3222,19.3172,1.4064,2.8128,0.0419,0.9766,179.8501,12.6574,0.3767,19.3172
2023-05-16,NA,NA,NA,17.9366666666667,150.125833333333,393.7875,92.01,0.901666666666667,0.000254166666666667,0,0.0122,14.9542,0,296.766,83.7856,6.88,0.3071,120.9013,0.3326,0.129,0.1685,0.0337,13.3222,19.3172,1.5032,3.0064,0.0437,1.019,179.8501,13.5288,0.393,19.3172
2023-05-17,NA,NA,NA,18.97875,284.93125,363.445416666667,72.0825,2.63583333333333,0.0127004166666667,0,0.0108,15.261,0,294.8042,83.1508,6.88,0.4075,120.9013,0.3695,0.1882,0.165,0.033,13.0447,18.9148,1.4297,2.8594,0.0425,0.9917,176.1032,12.8674,0.3825,18.9148
2023-05-18,NA,NA,NA,15.5604166666667,194.71,344.92,71.1920833333333,1.79458333333333,0,0,0.0088,14.0425,0,302.7341,82.5161,6.88,0.508,120.9013,0.4065,0.2473,0.1615,0.0323,12.7671,18.5124,1.3562,2.7125,0.0413,0.9644,172.3564,12.2061,0.372,18.5124
2023-05-19,NA,NA,NA,15.52875,205.601666666667,355.294583333333,75.2408333333333,0.99125,0,0,0.009,13.7494,0,304.6986,81.8814,6.88,0.6084,120.9013,0.4435,0.3065,0.1579,0.0316,12.4896,18.1099,1.2827,2.5655,0.0402,0.9371,168.6095,11.5447,0.3614,18.1099
2023-05-20,NA,NA,NA,19.4854166666667,204.360416666667,388.834583333333,80.165,1.1275,0,0,0.009,15.076,0,295.9841,81.2466,6.88,0.7089,120.9013,0.4804,0.3656,0.1544,0.0309,12.212,17.7075,1.2093,2.4185,0.039,0.9098,164.8626,10.8834,0.3509,17.7075
2023-05-21,NA,NA,NA,18.9316666666667,315.5225,330.518333333333,63.1254166666667,3.40291666666667,0,0,0.0086,14.8254,0,297.5961,80.6119,6.88,0.8093,120.9013,0.5174,0.4247,0.1509,0.0302,11.9345,17.305,1.1358,2.2716,0.0378,0.8825,161.1157,10.222,0.3404,17.305
2023-05-22,NA,NA,NA,18.2675,292.982083333333,327.627083333333,70.2783333333333,1.92125,0,0,0.0083,14.6026,0,299.0424,79.9771,6.88,0.9097,120.9013,0.5543,0.4839,0.1474,0.0295,11.657,16.9026,1.0623,2.1246,0.0366,0.8552,157.3689,9.5606,0.3298,16.9026
2023-05-23,NA,NA,NA,18.12125,271.04875,335.324166666667,62.285,1.42291666666667,0,0,0.008,14.4434,0,300.0833,78.889,6.88,0.7818,120.9013,0.5306,0.4147,0.1504,0.0301,15.4633,22.4218,1.2597,2.5193,0.0406,0.9473,208.7546,11.3369,0.3654,22.4218
2023-05-24,NA,NA,NA,17.0708333333333,290.575,323.157916666667,71.55375,1.59833333333333,0,0,0.0081,14.3111,0,300.9533,77.8009,6.88,0.6538,120.9013,0.5068,0.3456,0.1534,0.0307,19.2697,27.941,1.457,2.9141,0.0446,1.0395,260.1404,13.1132,0.401,27.941
2023-05-25,NA,NA,NA,16.25,189.221666666667,339.024583333333,72.5245833333333,2.21166666666667,0,0,0.008,14.0727,0,302.5329,76.7128,6.88,0.5259,120.9013,0.4831,0.2765,0.1564,0.0313,23.076,33.4602,1.6544,3.3088,0.0485,1.1317,311.5261,14.8895,0.4365,33.4602
2023-05-26,NA,NA,NA,15.1904166666667,306.597083333333,319.635,68.6220833333333,1.48125,0,0,0.0077,13.4565,0,306.6846,75.6247,6.88,0.3979,120.9013,0.4593,0.2074,0.1594,0.0319,26.8824,38.9794,1.8518,3.7035,0.0525,1.2239,362.9119,16.6658,0.4721,38.9794
2023-05-27,NA,NA,NA,14.8195833333333,180.44,332.8825,60.9079166666667,1.72833333333333,0,0,0.0076,12.7442,0,311.6112,74.5365,6.88,0.27,120.9013,0.4355,0.1382,0.1625,0.0325,30.6887,44.4986,2.0491,4.0982,0.0564,1.3161,414.2976,18.4421,0.5076,44.4986
2023-05-28,NA,NA,NA,14.7570833333333,69.1729166666667,376.07375,74.5129166666667,1.79833333333333,0.00609708333333333,0,0.0091,12.7144,0,311.8203,73.4484,6.88,0.142,120.9013,0.4118,0.0691,0.1655,0.0331,34.4951,50.0178,2.2465,4.493,0.0604,1.4082,465.6834,20.2184,0.5432,50.0178
2023-05-29,NA,NA,NA,17.00875,107.907083333333,392.285833333333,99.11375,2.95833333333333,0.0233675,0,0.0191,13.7743,0,304.5309,72.3603,6.88,0.0141,120.9013,0.388,0,0.1685,0.0337,38.3014,55.5371,2.4439,4.8877,0.0643,1.5004,517.0691,21.9947,0.5787,55.5371
2023-05-30,NA,NA,NA,18.4591666666667,128.822916666667,392.16125,96.9641666666667,1.57458333333333,0.02260625,0,0.0154,14.4648,0,299.9433,73.1764,6.88,0.0773,120.9013,0.4039,0.0392,0.1625,0.0325,34.733,50.3628,2.2241,4.4483,0.0596,1.3913,468.895,20.0172,0.5366,50.3628
2023-05-31,NA,NA,NA,18.2941666666667,215.6925,385.834166666667,84.7520833333333,1.04958333333333,0.0007625,0,0.0112,14.7101,0,298.3431,73.9925,6.88,0.1406,120.9013,0.4197,0.0783,0.1564,0.0313,31.1645,45.1885,2.0044,4.0088,0.0549,1.2822,420.7208,18.0397,0.4945,45.1885
2023-06-01,NA,NA,NA,18.6225,320.56375,334.099583333333,78.0879166666667,1.7675,0,0,0.0095,14.9914,0,296.5271,74.8086,6.88,0.2039,120.9013,0.4355,0.1175,0.1504,0.0301,27.5961,40.0143,1.7847,3.5694,0.0503,1.173,372.5467,16.0623,0.4525,40.0143
2023-06-02,NA,NA,NA,21.27,327.464583333333,340.832083333333,72.6495833333333,2.06041666666667,0,0,0.0088,15.9442,0,290.5192,75.6247,6.88,0.2672,120.9013,0.4514,0.1567,0.1444,0.0289,24.0276,34.84,1.565,3.1299,0.0456,1.0639,324.3725,14.0848,0.4104,34.84
2023-06-03,NA,NA,NA,21.84125,263.640833333333,359.757916666667,71.9016666666667,2.725,0.00330208333333333,0,0.0089,16.6143,0,286.4228,76.4407,6.88,0.3305,120.9013,0.4672,0.1959,0.1384,0.0277,20.4591,29.6658,1.3453,2.6905,0.0409,0.9548,276.1984,12.1073,0.3683,29.6658
2023-06-04,NA,NA,NA,17.4833333333333,97.5595833333333,389.265,94.4804166666667,1.50583333333333,0,0,0.0083,15.554,0,292.9531,77.2568,6.88,0.3937,120.9013,0.4831,0.235,0.1324,0.0265,16.8907,24.4915,1.1255,2.2511,0.0362,0.8457,228.0243,10.1298,0.3262,24.4915
2023-06-05,NA,NA,NA,18.5670833333333,313.792083333333,342.570416666667,74.63,1.44958333333333,0,0,0.0082,15.3276,0,294.3817,78.0729,6.88,0.457,120.9013,0.4989,0.2742,0.1264,0.0253,13.3222,19.3172,0.9058,1.8116,0.0316,0.7365,179.8501,8.1523,0.2841,19.3172
2023-06-06,NA,NA,NA,18.39875,255.925,327.991666666667,65.5579166666667,2.77416666666667,0,0,0.008,15.1958,0,295.2191,78.7077,6.88,0.418,120.9013,0.4743,0.3297,0.1299,0.026,13.2297,19.1831,1.105,2.2099,0.0364,0.8504,178.6012,9.9446,0.328,19.1831
2023-06-07,NA,NA,NA,18.90375,190.096666666667,370.23875,69.9670833333333,1.74875,0.000762083333333333,0,0.008,15.4478,0,293.6215,79.3424,6.88,0.379,120.9013,0.4496,0.3853,0.1334,0.0267,13.1372,19.0489,1.3041,2.6082,0.0413,0.9642,177.3522,11.7369,0.3719,19.0489
2023-06-08,NA,NA,NA,16.8579166666667,303.559166666667,311.955416666667,52.6,3.235,0,0,0.008,14.3241,0,300.8682,79.9771,6.88,0.34,120.9013,0.425,0.4409,0.1369,0.0274,13.0447,18.9148,1.5032,3.0065,0.0462,1.078,176.1032,13.5292,0.4158,18.9148
2023-06-09,NA,NA,NA,17.8408333333333,269.489583333333,321.434166666667,49.2575,2.65375,0,0,0.008,14.0614,0,302.6085,80.6119,6.88,0.301,120.9013,0.4003,0.4964,0.1404,0.0281,12.9522,18.7806,1.7024,3.4048,0.0511,1.1918,174.8543,15.3215,0.4597,18.7806
2023-06-10,NA,NA,NA,20.1229166666667,328.297916666667,328.285416666667,53.8654166666667,1.93583333333333,0,0,0.008,14.8373,0,297.5194,81.2466,6.88,0.262,120.9013,0.3757,0.552,0.1439,0.0288,12.8597,18.6465,1.9015,3.8031,0.056,1.3056,173.6053,17.1138,0.5036,18.6465
2023-06-11,NA,NA,NA,20.9779166666667,242.33,356.8625,73.6575,2.02083333333333,0.000762083333333333,0,0.008,15.8656,0,291.0062,81.8814,6.88,0.223,120.9013,0.3511,0.6075,0.1474,0.0295,12.7671,18.5124,2.1007,4.2013,0.0608,1.4195,172.3564,18.9061,0.5475,18.5124
2023-06-12,NA,NA,NA,21.5804166666667,186.580416666667,394.907916666667,89.1454166666667,2.15666666666667,0.00279416666666667,0,0.008,16.3193,0,288.2133,82.5161,6.88,0.184,120.9013,0.3264,0.6631,0.1509,0.0302,12.6746,18.3782,2.2998,4.5996,0.0657,1.5333,171.1074,20.6983,0.5914,18.3782
2023-06-13,NA,NA,NA,19.8095833333333,319.077083333333,324.592916666667,64.8758333333333,1.89958333333333,0,0,0.008,15.5177,0,293.181,83.1508,6.88,0.145,120.9013,0.3018,0.7186,0.1544,0.0309,12.5821,18.2441,2.499,4.9979,0.0706,1.6471,169.8585,22.4906,0.6353,18.2441
2023-06-14,NA,NA,NA,20.2154166666667,107.798333333333,353.685416666667,55.44,2.27458333333333,0,0,0.008,15.2832,0,294.6632,83.7856,6.88,0.106,120.9013,0.2772,0.7742,0.1579,0.0316,12.4896,18.1099,2.6981,5.3962,0.0755,1.7609,168.6095,24.2829,0.6792,18.1099
2023-06-15,NA,NA,NA,21.38375,229.49,372.775416666667,72.9525,1.87333333333333,0,0,0.008,16.0587,0,289.8113,83.4047,6.88,0.1006,120.9013,0.3104,0.8548,0.1643,0.0329,12.4896,18.1099,2.4493,4.8986,0.0692,1.6137,168.6095,22.0439,0.6224,18.1099
2023-06-16,NA,NA,NA,22.905,268.650833333333,358.785416666667,70.3504166666667,2.43416666666667,0,0,0.008,16.672,0,286.0749,83.0239,6.88,0.0953,120.9013,0.3437,0.9355,0.1706,0.0341,12.4896,18.1099,2.2005,4.4011,0.0628,1.4664,168.6095,19.8049,0.5656,18.1099
2023-06-17,NA,NA,NA,21.60875,305.2,340.722916666667,55.8675,2.85583333333333,0,0,0.008,16.4485,0,287.4263,82.6431,6.88,0.09,120.9013,0.3769,1.0161,0.1769,0.0354,12.4896,18.1099,1.9518,3.9035,0.0565,1.3191,168.6095,17.5659,0.5088,18.1099
2023-06-18,NA,NA,NA,22.8158333333333,316.505833333333,338.745416666667,62.395,2.61083333333333,0,0,0.0079,16.5104,0,287.0509,82.2622,6.88,0.0847,120.9013,0.4102,1.0968,0.1832,0.0366,12.4896,18.1099,1.703,3.406,0.0502,1.1718,168.6095,15.3269,0.452,18.1099
2023-06-19,NA,NA,NA,22.1870833333333,130.073333333333,379.125416666667,86.1833333333333,1.30333333333333,0.00725666666666667,0,0.0081,16.8719,0,284.8754,81.8814,6.88,0.0794,120.9013,0.4435,1.1774,0.1895,0.0379,12.4896,18.1099,1.4542,2.9084,0.0439,1.0246,168.6095,13.0879,0.3952,18.1099
2023-06-20,NA,NA,NA,20.9079166666667,85.7079166666667,405.716666666667,96.1208333333333,2.39458333333333,0.03022625,0,0.0087,16.771,0,285.4793,81.8814,6.88,0.0931,120.9013,0.4514,1.1475,0.1895,0.0379,12.9654,18.7998,1.4348,2.8696,0.0432,1.0091,175.0327,12.9131,0.3892,18.7998
2023-06-21,NA,NA,NA,19.5395833333333,68.2304166666667,393.807083333333,88.5995833333333,3.53666666666667,0.00939708333333333,0,0.0084,16.0021,0,290.161,81.8814,6.88,0.1068,120.9013,0.4593,1.1175,0.1895,0.0379,13.4412,19.4897,1.4154,2.8307,0.0426,0.9936,181.4559,12.7383,0.3832,19.4897
2023-06-22,NA,NA,NA,16.0491666666667,55.86,390.397916666667,99.99625,1.65416666666667,0.02159125,0,0.0093,14.9488,0,296.8009,81.8814,6.88,0.1205,120.9013,0.4672,1.0876,0.1895,0.0379,13.917,20.1796,1.3959,2.7919,0.0419,0.9781,187.8791,12.5635,0.3773,20.1796
2023-06-23,NA,NA,NA,18.95375,152.017083333333,405.4225,96.78875,1.08083333333333,0.00279458333333333,0,0.0087,15.7001,0,292.0373,81.8814,6.88,0.1342,120.9013,0.4751,1.0576,0.1895,0.0379,14.3928,20.8695,1.3765,2.753,0.0413,0.9626,194.3024,12.3887,0.3713,20.8695
2023-06-24,NA,NA,NA,22.4983333333333,223.295416666667,388.674583333333,85.45875,2.54,0,0,0.008,16.787,0,285.3837,81.8814,6.88,0.1479,120.9013,0.4831,1.0276,0.1895,0.0379,14.8686,21.5594,1.3571,2.7142,0.0406,0.9471,200.7256,12.2139,0.3653,21.5594
2023-06-25,NA,NA,NA,23.6183333333333,255.435416666667,378.59875,81.3483333333333,2.0875,0,0,0.008,17.6359,0,280.3726,81.8814,6.88,0.1616,120.9013,0.491,0.9977,0.1895,0.0379,15.3444,22.2493,1.3377,2.6754,0.0399,0.9316,207.1488,12.0391,0.3593,22.2493
2023-06-26,NA,NA,NA,25.0458333333333,302.839166666667,379.220833333333,66.9516666666667,2.14958333333333,0,0,0.008,18.4718,0,275.5906,81.8814,6.88,0.1754,120.9013,0.4989,0.9677,0.1895,0.0379,15.8201,22.9392,1.3183,2.6365,0.0393,0.9161,213.572,11.8643,0.3533,22.9392
2023-06-27,NA,NA,NA,23.3316666666667,203.433333333333,389.186666666667,70.775,2.04,0,0,0.008,17.915,0,278.7597,83.2415,6.88,0.2565,120.9013,0.4831,1.0138,0.1955,0.0391,15.8201,22.9392,1.3047,2.6094,0.0406,0.9484,213.572,11.7421,0.3658,22.9392
2023-06-28,NA,NA,NA,23.105,275.014583333333,364.02875,64.0308333333333,2.13541666666667,0,0,0.008,17.7192,0,279.8898,84.6017,6.88,0.3376,120.9013,0.4672,1.0599,0.2016,0.0403,15.8201,22.9392,1.2911,2.5822,0.042,0.9806,213.572,11.62,0.3782,22.9392
2023-06-29,NA,NA,NA,21.7729166666667,307.114166666667,353.6375,76.0454166666667,1.755,0,0,0.008,17.7122,0,279.9303,85.9618,6.88,0.4187,120.9013,0.4514,1.106,0.2076,0.0415,15.8201,22.9392,1.2775,2.5551,0.0434,1.0129,213.572,11.4978,0.3907,22.9392
2023-06-30,NA,NA,NA,23.34625,227.825416666667,393.316666666667,84.58,1.11791666666667,0,0,0.008,18.5803,0,274.9803,87.322,6.88,0.4998,120.9013,0.4355,1.1521,0.2136,0.0427,15.8201,22.9392,1.264,2.5279,0.0448,1.0452,213.572,11.3756,0.4031,22.9392
2023-07-01,NA,NA,NA,25.5466666666667,211.309583333333,404.084166666667,85.7295833333333,1.10416666666667,0,0,0.008,19.3452,0,270.7469,88.6821,6.88,0.5809,120.9013,0.4197,1.1982,0.2196,0.0439,15.8201,22.9392,1.2504,2.5008,0.0462,1.0775,213.572,11.2534,0.4156,22.9392
2023-07-02,NA,NA,NA,26.0345833333333,257.02875,396.5725,75.38625,1.55,0,0,0.008,19.7053,0,268.7939,90.0423,6.88,0.662,120.9013,0.4039,1.2442,0.2256,0.0451,15.8201,22.9392,1.2368,2.4736,0.0476,1.1097,213.572,11.1313,0.428,22.9392
2023-07-03,NA,NA,NA,26.3254166666667,237.754583333333,411.669166666667,77.2625,1.66708333333333,0,0,0.008,20.0346,0,267.03,91.4025,6.88,0.7431,120.9013,0.388,1.2903,0.2316,0.0463,15.8201,22.9392,1.2232,2.4465,0.0489,1.142,213.572,11.0091,0.4405,22.9392
2023-07-04,NA,NA,NA,24.6870833333333,246.907916666667,392.62625,76.6825,2.04541666666667,0.000762083333333333,0,0.008,19.9433,0,267.5168,93.3067,6.88,0.6611,120.9013,0.4118,1.2765,0.2301,0.046,14.3928,20.8695,1.3134,2.6268,0.0498,1.1618,194.3024,11.8205,0.4481,20.8695
2023-07-05,NA,NA,NA,24.0183333333333,241.97875,402.030416666667,82.4875,2.185,0,0,0.008,19.8047,0,268.2594,95.2109,6.88,0.5791,120.9013,0.4355,1.2627,0.2286,0.0457,12.9654,18.7998,1.4036,2.8071,0.0506,1.1816,175.0327,12.632,0.4557,18.7998
2023-07-06,NA,NA,NA,25.1775,251.60625,398.238333333333,80.035,1.33916666666667,0,0,0.0081,20.1743,0,266.2879,97.1151,6.88,0.4972,120.9013,0.4593,1.2488,0.2271,0.0454,11.538,16.7301,1.4937,2.9874,0.0515,1.2014,155.7631,13.4434,0.4634,16.7301
2023-07-07,NA,NA,NA,24.2216666666667,265.452083333333,411.286666666667,85.3575,2.64458333333333,0.0106679166666667,0,0.008,20.2682,0,265.7908,99.0193,6.88,0.4152,120.9013,0.4831,1.235,0.2256,0.0451,10.1106,14.6604,1.5839,3.1677,0.0523,1.2211,136.4934,14.2548,0.471,14.6604
2023-07-08,NA,NA,NA,24.4166666666667,222.049583333333,391.052083333333,82.49875,2.20458333333333,0,0,0.008,20.2507,0,265.8833,100.9235,6.88,0.3332,120.9013,0.5068,1.2212,0.2241,0.0448,8.6832,12.5907,1.674,3.3481,0.0532,1.2409,117.2237,15.0662,0.4786,12.5907
2023-07-09,NA,NA,NA,22.4516666666667,176.255416666667,394.476666666667,91.8604166666667,2.345,0.00406416666666667,0,0.008,19.7607,0,268.4956,102.8278,6.88,0.2512,120.9013,0.5306,1.2074,0.2226,0.0445,7.2559,10.521,1.7642,3.5284,0.054,1.2607,97.9541,15.8777,0.4863,10.521
2023-07-10,NA,NA,NA,22.79,309.037916666667,375.015833333333,70.4925,2.99458333333333,0,0,0.0075,19.464,0,270.1001,104.732,6.88,0.1693,120.9013,0.5543,1.1935,0.2211,0.0442,5.8285,8.4513,1.8543,3.7087,0.0549,1.2805,78.6844,16.6891,0.4939,8.4513
2023-07-11,NA,NA,NA,22.27375,294.517083333333,357.515416666667,65.4191666666667,2.75375,0,0,0.0064,18.9158,0,273.1089,103.0998,6.88,0.2076,120.9013,0.6018,1.2028,0.2196,0.0439,7.7317,11.2109,1.762,3.5241,0.0526,1.2266,104.3773,15.8583,0.4731,11.2109
2023-07-12,NA,NA,NA,22.8120833333333,257.416666666667,371.755416666667,79.2391666666667,1.65666666666667,0,0,0.0064,19.1059,0,272.0586,101.4676,6.88,0.2459,120.9013,0.6494,1.212,0.2181,0.0436,9.6348,13.9705,1.6697,3.3394,0.0503,1.1728,130.0702,15.0275,0.4524,13.9705
2023-07-13,NA,NA,NA,25.1908333333333,242.327916666667,389.3225,77.9375,1.8,0,0,0.0046,19.7639,0,268.4788,99.8354,6.88,0.2843,120.9013,0.6969,1.2212,0.2166,0.0433,11.538,16.7301,1.5774,3.1548,0.048,1.119,155.7631,14.1967,0.4316,16.7301
2023-07-14,NA,NA,NA,22.6408333333333,204.92625,418.48875,94.0804166666667,1.56041666666667,0.0337820833333333,0,0.0081,19.627,0,269.2166,98.2032,6.88,0.3226,120.9013,0.7444,1.2304,0.2151,0.043,13.4412,19.4897,1.4851,2.9702,0.0456,1.0651,181.4559,13.3658,0.4108,19.4897
2023-07-15,NA,NA,NA,24.23625,222.321666666667,401.542083333333,90.8833333333333,1.61166666666667,0,0,0.007,20.0622,0,266.8831,96.571,6.88,0.361,120.9013,0.7919,1.2396,0.2136,0.0427,15.3444,22.2493,1.3928,2.7856,0.0433,1.0113,207.1488,12.535,0.3901,22.2493
2023-07-16,NA,NA,NA,24.7316666666667,283.047083333333,418.17625,84.66875,2.02333333333333,0.00635041666666667,0,0.0072,20.4515,0,264.8261,94.9389,6.88,0.3993,120.9013,0.8394,1.2488,0.2121,0.0424,17.2475,25.0089,1.3005,2.6009,0.041,0.9574,232.8417,11.7042,0.3693,25.0089
2023-07-17,NA,NA,NA,24.34,263.675833333333,370.691666666667,77.9791666666667,2.27083333333333,0,0,0.0069,19.9716,0,267.366,93.3067,6.88,0.4376,120.9013,0.8869,1.2581,0.2106,0.0421,19.1507,27.7685,1.2082,2.4163,0.0387,0.9036,258.5346,10.8734,0.3485,27.7685
2023-07-18,NA,NA,NA,24.8066666666667,291.845833333333,383.592916666667,79.7225,1.83458333333333,0.00812833333333333,0,0.0062,19.6325,0,269.1868,92.2185,6.88,0.4015,120.9013,0.8315,1.212,0.2181,0.0436,18.0802,26.2162,1.2243,2.4485,0.0387,0.9035,244.0823,11.0184,0.3485,26.2162
2023-07-19,NA,NA,NA,24.7395833333333,234.534166666667,409.00875,88.0783333333333,1.7525,0.00965208333333333,0,0.0072,19.9118,0,267.6855,91.1304,6.88,0.3654,120.9013,0.7761,1.1659,0.2256,0.0451,17.0096,24.664,1.2404,2.4808,0.0387,0.9034,229.6301,11.1634,0.3485,24.664
2023-07-20,NA,NA,NA,25.02625,246.30875,391.39,86.7891666666667,1.9125,0.0134616666666667,0,0.0082,20.0953,0,266.7069,90.0423,6.88,0.3293,120.9013,0.7206,1.1198,0.2332,0.0466,15.9391,23.1117,1.2565,2.513,0.0387,0.9033,215.1778,11.3084,0.3484,23.1117
2023-07-21,NA,NA,NA,24.8325,239.562083333333,394.81625,80.16125,1.83166666666667,0.000254166666666667,0,0.0062,20.0767,0,266.806,88.9542,6.88,0.2931,120.9013,0.6652,1.0737,0.2407,0.0481,14.8686,21.5594,1.2726,2.5452,0.0387,0.9032,200.7256,11.4535,0.3484,21.5594
2023-07-22,NA,NA,NA,23.1395833333333,119.3175,374.7775,87.1133333333333,1.91,0,0,0.0043,18.8905,0,273.2493,87.8661,6.88,0.257,120.9013,0.6098,1.0276,0.2482,0.0496,13.798,20.0071,1.2887,2.5774,0.0387,0.9031,186.2733,11.5985,0.3483,20.0071
2023-07-23,NA,NA,NA,22.39125,211.135,381.62375,90.1745833333333,1.43041666666667,0.02768625,0,0.0092,18.7971,0,273.7686,86.7779,6.88,0.2209,120.9013,0.5543,0.9816,0.2557,0.0511,12.7275,18.4549,1.3048,2.6097,0.0387,0.903,171.8211,11.7435,0.3483,18.4549
2023-07-24,NA,NA,NA,22.765,288.745833333333,399.79125,86.8304166666667,1.48875,0,0,0.0065,18.946,0,272.9415,85.6898,6.88,0.1847,120.9013,0.4989,0.9355,0.2632,0.0526,11.657,16.9026,1.3209,2.6419,0.0387,0.9029,157.3689,11.8885,0.3483,16.9026
2023-07-25,NA,NA,NA,23.8854166666667,247.677083333333,382.699166666667,88.4366666666667,1.66458333333333,0.00254,0,0.0053,19.4553,0,270.1471,87.594,6.88,0.2504,120.9013,0.5385,0.9839,0.2708,0.0542,12.1327,17.5925,1.2694,2.5388,0.0378,0.8815,163.7921,11.4246,0.34,17.5925
2023-07-26,NA,NA,NA,25.2495833333333,287.855833333333,380.1475,85.9941666666667,1.87291666666667,0,0,0.0065,20.0334,0,267.0361,89.4982,6.88,0.316,120.9013,0.5781,1.0323,0.2783,0.0557,12.6085,18.2824,1.2178,2.4357,0.0369,0.8601,170.2153,10.9606,0.3318,18.2824
2023-07-27,NA,NA,NA,26.7404166666667,310.805833333333,394.5575,80.9070833333333,1.40833333333333,0,0,0.0097,20.9744,0,262.107,91.4025,6.88,0.3816,120.9013,0.6177,1.0806,0.2858,0.0572,13.0843,18.9723,1.1663,2.3326,0.0359,0.8387,176.6385,10.4967,0.3235,18.9723
2023-07-28,NA,NA,NA,27.4470833333333,231.044166666667,407.61125,81.6720833333333,1.68916666666667,0.00812791666666667,0,0.0115,21.327,0,260.3013,93.3067,6.88,0.4472,120.9013,0.6573,1.129,0.2933,0.0587,13.5601,19.6622,1.1147,2.2295,0.035,0.8173,183.0617,10.0327,0.3152,19.6622
2023-07-29,NA,NA,NA,26.2129166666667,269.118333333333,409.64,83.07125,2.07916666666667,0.00203208333333333,0,0.0094,21.1487,0,261.2113,95.2109,6.88,0.5128,120.9013,0.6969,1.1774,0.3008,0.0602,14.0359,20.3521,1.0632,2.1264,0.0341,0.7959,189.485,9.5688,0.307,20.3521
2023-07-30,NA,NA,NA,25.8591666666667,226.121666666667,387.985833333333,81.31,2.11041666666667,0,0,0.0061,20.9292,0,262.3401,97.1151,6.88,0.5784,120.9013,0.7365,1.2258,0.3084,0.0617,14.5117,21.042,1.0116,2.0233,0.0332,0.7745,195.9082,9.1048,0.2987,21.042
2023-07-31,NA,NA,NA,24.0429166666667,275.720833333333,405.741666666667,83.19875,1.66083333333333,0.00152416666666667,0,0.0052,20.0861,0,266.7556,99.0193,6.88,0.6441,120.9013,0.7761,1.2742,0.3159,0.0632,14.9875,21.7319,0.9601,1.9202,0.0323,0.753,202.3314,8.6409,0.2905,21.7319
2023-08-01,NA,NA,NA,22.1270833333333,284.537916666667,354.562083333333,77.4495833333333,1.88958333333333,0,0,0.0045,19.122,0,271.9703,99.0193,6.88,0.6043,120.9013,0.7365,1.2488,0.3008,0.0602,15.9391,23.1117,1.173,2.346,0.037,0.864,215.1778,10.5569,0.3333,23.1117
2023-08-02,NA,NA,NA,21.7195833333333,260.22125,351.845,79.7079166666667,1.57791666666667,0,0,0.0043,18.4784,0,275.5531,99.0193,6.88,0.5646,120.9013,0.6969,1.2235,0.2858,0.0572,16.8907,24.4915,1.3859,2.7718,0.0418,0.9749,228.0243,12.473,0.3761,24.4915
2023-08-03,NA,NA,NA,20.1125,16.1208333333333,406.78125,94.3383333333333,1.69083333333333,0.0124466666666667,0,0.0058,18.4048,0,275.9684,99.0193,6.88,0.5249,120.9013,0.6573,1.1982,0.2708,0.0542,17.8423,25.8713,1.5988,3.1976,0.0465,1.0859,240.8707,14.389,0.4188,25.8713
2023-08-04,NA,NA,NA,22.095,219.94,406.438333333333,91.87375,1.39541666666667,0.000762083333333333,0,0.0066,18.8302,0,273.5843,99.0193,6.88,0.4852,120.9013,0.6177,1.1728,0.2557,0.0511,18.7939,27.2511,1.8117,3.6234,0.0513,1.1968,253.7171,16.3051,0.4616,27.2511
2023-08-05,NA,NA,NA,25.06375,283.51375,395.488333333333,84.4495833333333,1.47666666666667,0,0,0.0067,19.8027,0,268.27,99.0193,6.88,0.4454,120.9013,0.5781,1.1475,0.2407,0.0481,19.7455,28.6309,2.0246,4.0491,0.056,1.3078,266.5636,18.2211,0.5044,28.6309
2023-08-06,NA,NA,NA,23.50625,119.88625,397.925833333333,96.77625,1.29166666666667,0.0172720833333333,0,0.0091,19.9797,0,267.3227,99.0193,6.88,0.4057,120.9013,0.5385,1.1221,0.2256,0.0451,20.697,30.0107,2.2375,4.4749,0.0608,1.4187,279.41,20.1372,0.5472,30.0107
2023-08-07,NA,NA,NA,24.5320833333333,223.728333333333,415.29,91.5341666666667,1.46291666666667,0,0,0.009,20.0911,0,266.7292,99.0193,6.88,0.366,120.9013,0.4989,1.0968,0.2106,0.0421,21.6486,31.3905,2.4504,4.9007,0.0656,1.5297,292.2565,22.0533,0.59,31.3905
2023-08-08,NA,NA,NA,24.6925,273.175833333333,381.93625,70.7595833333333,2.36208333333333,0,0,0.009,20.2026,0,266.1381,99.5634,6.88,0.3312,120.9013,0.5147,1.1498,0.2332,0.0466,20.697,30.0107,2.2388,4.4777,0.06,1.3996,279.41,20.1496,0.5398,30.0107
2023-08-09,NA,NA,NA,23.5658333333333,198.068333333333,365.815833333333,80.2445833333333,2.08833333333333,0,0,0.0089,20.314,0,265.5493,100.1075,6.88,0.2964,120.9013,0.5306,1.2028,0.2557,0.0511,19.7455,28.6309,2.0273,4.0546,0.0544,1.2695,266.5636,18.2459,0.4897,28.6309
2023-08-10,NA,NA,NA,22.8020833333333,115.585833333333,400.850833333333,92.5516666666667,1.24625,0.00457208333333333,0,0.0088,20.4254,0,264.9628,100.6515,6.88,0.2616,120.9013,0.5464,1.2558,0.2783,0.0557,18.7939,27.2511,1.8158,3.6316,0.0488,1.1394,253.7171,16.3423,0.4395,27.2511
2023-08-11,NA,NA,NA,24.1829166666667,266.51375,368.443333333333,80.3141666666667,1.53958333333333,0,0,0.0087,20.5369,0,264.3786,101.1956,6.88,0.2268,120.9013,0.5622,1.3088,0.3008,0.0602,17.8423,25.8713,1.6043,3.2086,0.0433,1.0093,240.8707,14.4386,0.3893,25.8713
2023-08-12,NA,NA,NA,26.0345833333333,266.697083333333,382.082083333333,83.5308333333333,1.43833333333333,0,0,0.0087,20.6483,0,263.7967,101.7396,6.88,0.1921,120.9013,0.5781,1.3618,0.3234,0.0647,16.8907,24.4915,1.3928,2.7855,0.0377,0.8792,228.0243,12.5349,0.3391,24.4915
2023-08-13,NA,NA,NA,26.7275,235.594583333333,387.704166666667,75.1779166666667,2.6625,0,0,0.0086,20.7597,0,263.2171,102.2837,6.88,0.1573,120.9013,0.5939,1.4147,0.346,0.0692,15.9391,23.1117,1.1813,2.3625,0.0321,0.7491,215.1778,10.6313,0.2889,23.1117
2023-08-14,NA,NA,NA,24.9779166666667,162.505,399.153333333333,92.7120833333333,1.64,0.00406416666666667,0,0.0085,20.8712,0,262.6397,102.8278,6.88,0.1225,120.9013,0.6098,1.4677,0.3685,0.0737,14.9875,21.7319,0.9697,1.9395,0.0265,0.619,202.3314,8.7276,0.2388,21.7319
2023-08-15,NA,NA,NA,27.3925,204.21375,407.344583333333,81.4679166666667,1.4925,0,0,0.0085,20.9826,0,262.0646,102.7008,6.88,0.1244,120.9013,0.6282,1.457,0.3601,0.072,15.043,21.8124,0.9854,1.9707,0.0275,0.6416,203.0808,8.8682,0.2475,21.8124
2023-08-16,NA,NA,NA,24.8179166666667,209.013333333333,367.772916666667,75.9383333333333,2.68541666666667,0,0,0.0084,19.4417,0,270.2213,102.5739,6.88,0.1262,120.9013,0.6467,1.4462,0.3517,0.0703,15.0985,21.8929,1.001,2.002,0.0285,0.6643,203.8301,9.0089,0.2562,21.8929
2023-08-17,NA,NA,NA,24.3229166666667,267.969583333333,365.879166666667,84.7641666666667,2.14416666666667,0,0,0.0083,19.2547,0,271.2418,102.4469,6.88,0.1281,120.9013,0.6652,1.4355,0.3433,0.0687,15.154,21.9734,1.0166,2.0332,0.0294,0.6869,204.5795,9.1495,0.2649,21.9734
2023-08-18,NA,NA,NA,25.2666666666667,287.1825,364.47625,66.5754166666667,1.82541666666667,0,0,0.0082,19.5119,0,269.8399,102.32,6.88,0.1299,120.9013,0.6837,1.4247,0.3348,0.067,15.2095,22.0538,1.0322,2.0645,0.0304,0.7095,205.3289,9.2901,0.2737,22.0538
2023-08-19,NA,NA,NA,22.4358333333333,289.442083333333,329.479166666667,61.6845833333333,2.555,0,0,0.0082,17.8113,0,279.3574,102.193,6.88,0.1318,120.9013,0.7021,1.414,0.3264,0.0653,15.2651,22.1343,1.0479,2.0957,0.0314,0.7321,206.0783,9.4308,0.2824,22.1343
2023-08-20,NA,NA,NA,24.0529166666667,279.208333333333,351.3625,80.7220833333333,1.69625,0,0,0.0081,18.3577,0,276.2346,102.0661,6.88,0.1336,120.9013,0.7206,1.4032,0.318,0.0636,15.3206,22.2148,1.0635,2.127,0.0323,0.7547,206.8276,9.5714,0.2911,22.2148
2023-08-21,NA,NA,NA,26.0641666666667,222.589166666667,382.41375,81.0758333333333,2.01958333333333,0,0,0.008,19.4699,0,270.0678,101.9391,6.88,0.1355,120.9013,0.7391,1.3925,0.3096,0.0619,15.3761,22.2953,1.0791,2.1582,0.0333,0.7774,207.577,9.712,0.2998,22.2953
2023-08-22,NA,NA,NA,26.8433333333333,235.32625,388.786666666667,82.1858333333333,3.09833333333333,0,0,0.008,20.5821,0,264.1422,101.8122,6.88,0.1373,120.9013,0.7576,1.3817,0.3011,0.0602,15.4316,22.3758,1.0947,2.1895,0.0343,0.8,208.3264,9.8527,0.3086,22.3758
2023-08-23,NA,NA,NA,24.5554166666667,272.439583333333,367.153333333333,61.5141666666667,1.37041666666667,0,0,0.0072,19.135,0,271.8987,101.6852,6.88,0.1392,120.9013,0.7761,1.371,0.2927,0.0585,15.4871,22.4563,1.1104,2.2207,0.0353,0.8226,209.0758,9.9933,0.3173,22.4563
2023-08-24,NA,NA,NA,24.8591666666667,202.83125,391.147083333333,80.5141666666667,1.49583333333333,0,0,0.0071,19.5618,0,269.5694,101.5583,6.88,0.141,120.9013,0.7945,1.3602,0.2843,0.0569,15.5426,22.5368,1.126,2.252,0.0362,0.8452,209.8251,10.1339,0.326,22.5368
2023-08-25,NA,NA,NA,26.28,194.78,399.71,79.0645833333333,2.41625,0,0,0.0056,20.4157,0,265.0138,101.4313,6.88,0.1429,120.9013,0.813,1.3495,0.2759,0.0552,15.5981,22.6173,1.1416,2.2832,0.0372,0.8679,210.5745,10.2746,0.3347,22.6173
2023-08-26,NA,NA,NA,26.9620833333333,204.505416666667,406.408333333333,81.3929166666667,1.77416666666667,0,0,0.0053,20.9518,0,262.2235,101.3044,6.88,0.1447,120.9013,0.8315,1.3387,0.2674,0.0535,15.6536,22.6978,1.1572,2.3145,0.0382,0.8905,211.3239,10.4152,0.3435,22.6978
2023-08-27,NA,NA,NA,25.96,125.85125,409.206666666667,90.0791666666667,1.60541666666667,0,0,0.0053,20.7954,0,263.032,101.1774,6.88,0.1466,120.9013,0.85,1.328,0.259,0.0518,15.7091,22.7782,1.1729,2.3457,0.0391,0.9131,212.0733,10.5558,0.3522,22.7782
2023-08-28,NA,NA,NA,23.9854166666667,91.2108333333333,424.671666666667,98.69875,1.27916666666667,0.00533458333333333,0,0.0061,20.1638,0,266.3437,101.0505,6.88,0.1484,120.9013,0.8684,1.3172,0.2506,0.0501,15.7646,22.8587,1.1885,2.377,0.0401,0.9357,212.8226,10.6965,0.3609,22.8587
2023-08-29,NA,NA,NA,23.9629166666667,82.04,417.97125,98.5691666666667,0.974166666666667,0,0,0.0057,19.8317,0,268.1146,100.9235,6.88,0.1503,120.9013,0.8869,1.3065,0.2422,0.0484,15.8201,22.9392,1.2041,2.4082,0.0411,0.9583,213.572,10.8371,0.3696,22.9392
2023-08-30,NA,NA,NA,25.3654166666667,187.247916666667,403.515416666667,85.6366666666667,2.64416666666667,0,0,0.0053,20.0055,0,267.1849,101.1956,6.88,0.1559,120.9013,0.8552,1.3272,0.2437,0.0487,15.5823,22.5943,1.2467,2.4934,0.042,0.9789,210.3604,11.2203,0.3776,22.5943
2023-08-31,NA,NA,NA,23.235,276.304166666667,352.518333333333,67.87125,4.88875,0,0,0.0052,18.2522,0,276.8327,101.4676,6.88,0.1616,120.9013,0.8236,1.3479,0.2452,0.049,15.3444,22.2493,1.2893,2.5786,0.0428,0.9995,207.1488,11.6035,0.3855,22.2493
2023-09-01,NA,NA,NA,20.2779166666667,273.279166666667,327.57875,77.6720833333333,1.8025,0,0,0.0053,17.0956,0,283.5435,101.7396,6.88,0.1672,120.9013,0.7919,1.3687,0.2467,0.0493,15.1065,21.9044,1.3319,2.6637,0.0437,1.0201,203.9372,11.9867,0.3935,21.9044
2023-09-02,NA,NA,NA,22.1604166666667,258.61875,338.505416666667,79.0333333333333,1.305,0,0,0.0055,17.3261,0,282.1829,102.0117,6.88,0.1728,120.9013,0.7602,1.3894,0.2482,0.0496,14.8686,21.5594,1.3744,2.7489,0.0446,1.0407,200.7256,12.3699,0.4014,21.5594
2023-09-03,NA,NA,NA,24.7091666666667,250.8275,364.612916666667,80.905,2.6,0,0,0.0049,18.9334,0,273.0113,102.2837,6.88,0.1784,120.9013,0.7285,1.4101,0.2497,0.0499,14.6307,21.2145,1.417,2.834,0.0455,1.0612,197.514,12.7531,0.4093,21.2145
2023-09-04,NA,NA,NA,26.3008333333333,254.29125,375.334583333333,80.02625,2.83041666666667,0,0,0.0046,20.0485,0,266.9557,102.5557,6.88,0.1841,120.9013,0.6969,1.4309,0.2512,0.0502,14.3928,20.8695,1.4596,2.9192,0.0464,1.0818,194.3024,13.1363,0.4173,20.8695
2023-09-05,NA,NA,NA,27.2725,251.387083333333,380.220833333333,76.4775,2.84125,0,0,0.0042,20.6958,0,263.5492,102.8278,6.88,0.1897,120.9013,0.6652,1.4516,0.2527,0.0505,14.1549,20.5246,1.5022,3.0043,0.0472,1.1024,191.0908,13.5195,0.4252,20.5246
2023-09-06,NA,NA,NA,27.2379166666667,243.4575,387.19125,78.2716666666667,2.41708333333333,0,0,0.004,21.138,0,261.2662,102.8278,6.88,0.2116,120.9013,0.6414,1.3341,0.2662,0.0532,14.2738,20.697,1.423,2.8459,0.0451,1.0522,192.6966,12.8066,0.4059,20.697
2023-09-07,NA,NA,NA,25.1170833333333,157.4225,390.265833333333,82.1445833333333,2.55083333333333,0.00863625,0,0.0042,20.4768,0,264.6934,102.8278,6.88,0.2335,120.9013,0.6177,1.2166,0.2798,0.056,14.3928,20.8695,1.3437,2.6875,0.0429,1.0021,194.3024,12.0937,0.3865,20.8695
2023-09-08,NA,NA,NA,23.7225,240.06,380.205,84.7441666666667,2.23916666666667,0.00381041666666667,0,0.0037,19.5832,0,269.4532,102.8278,6.88,0.2553,120.9013,0.5939,1.0991,0.2933,0.0587,14.5117,21.042,1.2645,2.5291,0.0408,0.9519,195.9082,11.3808,0.3672,21.042
2023-09-09,NA,NA,NA,22.50125,119.767916666667,376.340416666667,95.2370833333333,1.39291666666667,0.00304791666666667,0,0.0032,19.1805,0,271.6485,102.8278,6.88,0.2772,120.9013,0.5702,0.9816,0.3069,0.0614,14.6307,21.2145,1.1853,2.3706,0.0386,0.9018,197.514,10.6678,0.3478,21.2145
2023-09-10,NA,NA,NA,21.5025,89.4083333333333,399.39625,97.7508333333333,0.981666666666667,0.01244625,0,0.0049,18.5572,0,275.1101,102.8278,6.88,0.2991,120.9013,0.5464,0.8641,0.3204,0.0641,14.7496,21.3869,1.1061,2.2122,0.0365,0.8516,199.1198,9.9549,0.3285,21.3869
2023-09-11,NA,NA,NA,21.9941666666667,198.925833333333,375.411666666667,88.95875,2.27458333333333,0.000254166666666667,0,0.0038,18.4376,0,275.7832,102.8278,6.88,0.321,120.9013,0.5226,0.7465,0.3339,0.0668,14.8686,21.5594,1.0269,2.0538,0.0343,0.8014,200.7256,9.242,0.3091,21.5594
2023-09-12,NA,NA,NA,21.6604166666667,170.457083333333,368.58125,91.8066666666667,1.93125,0.01625625,0,0.0051,18.3126,0,276.49,102.8278,6.88,0.3428,120.9013,0.4989,0.629,0.3475,0.0695,14.9875,21.7319,0.9477,1.8953,0.0322,0.7513,202.3314,8.5291,0.2898,21.7319
2023-09-13,NA,NA,NA,22.5970833333333,214.009166666667,387.069166666667,86.095,2.06666666666667,0,0,0.0039,18.3567,0,276.2405,102.193,6.88,0.3341,120.9013,0.4989,0.6298,0.343,0.0686,15.0272,21.7894,0.9366,1.8731,0.0317,0.7398,202.8667,8.429,0.2854,21.7894
2023-09-14,NA,NA,NA,21.3666666666667,234.425416666667,345.55,78.5704166666667,2.54125,0,0,0.0038,17.4604,0,281.3957,101.5583,6.88,0.3254,120.9013,0.4989,0.6306,0.3384,0.0677,15.0668,21.8469,0.9254,1.8509,0.0312,0.7283,203.4019,8.3289,0.2809,21.8469
2023-09-15,NA,NA,NA,18.5491666666667,246.069166666667,316.590416666667,75.3070833333333,2.16166666666667,0,0,0.0039,15.9898,0,290.237,100.9235,6.88,0.3166,120.9013,0.4989,0.6313,0.3339,0.0668,15.1065,21.9044,0.9143,1.8286,0.0307,0.7168,203.9372,8.2289,0.2765,21.9044
2023-09-16,NA,NA,NA,19.6033333333333,230.925,327.5375,84.1491666666667,1.73291666666667,0,0,0.0041,15.9574,0,290.4373,100.2888,6.88,0.3079,120.9013,0.4989,0.6321,0.3294,0.0659,15.1461,21.9619,0.9032,1.8064,0.0302,0.7054,204.4725,8.1288,0.2721,21.9619
2023-09-17,NA,NA,NA,19.12875,33.40625,397.16125,99.90375,1.59291666666667,0.00584208333333333,0,0.0042,16.889,0,284.7733,99.6541,6.88,0.2991,120.9013,0.4989,0.6329,0.3249,0.065,15.1858,22.0193,0.8921,1.7842,0.0297,0.6939,205.0077,8.0287,0.2676,22.0193
2023-09-18,NA,NA,NA,19.5708333333333,211.274166666667,349.017916666667,76.6191666666667,2.97,0,0,0.0042,15.9817,0,290.2872,99.0193,6.88,0.2904,120.9013,0.4989,0.6336,0.3204,0.0641,15.2254,22.0768,0.881,1.7619,0.0292,0.6824,205.543,7.9287,0.2632,22.0768
2023-09-19,NA,NA,NA,19.26625,201.219583333333,324.72875,82.53625,2.23875,0,0,0.0041,15.4295,0,293.7372,98.3846,6.88,0.2816,120.9013,0.4989,0.6344,0.3159,0.0632,15.2651,22.1343,0.8698,1.7397,0.0288,0.6709,206.0783,7.8286,0.2588,22.1343
2023-09-20,NA,NA,NA,20.1004166666667,215.929583333333,333.482083333333,85.2283333333333,1.78,0,0,0.0036,15.6194,0,292.5425,97.7498,6.88,0.2729,120.9013,0.4989,0.6352,0.3114,0.0623,15.3047,22.1918,0.8587,1.7175,0.0283,0.6594,206.6135,7.7285,0.2544,22.1918
2023-09-21,NA,NA,NA,20.92,150.018333333333,359.772083333333,88.5133333333333,1.45291666666667,0,0,0.0034,16.3814,0,287.8349,97.1151,6.88,0.2642,120.9013,0.4989,0.6359,0.3069,0.0614,15.3444,22.2493,0.8476,1.6952,0.0278,0.648,207.1488,7.6285,0.2499,22.2493
2023-09-22,NA,NA,NA,19.385,181.919166666667,336.985,81.7754166666667,1.55875,0,0,0.0036,15.7423,0,291.7738,96.4804,6.88,0.2554,120.9013,0.4989,0.6367,0.3023,0.0605,15.384,22.3068,0.8365,1.673,0.0273,0.6365,207.6841,7.5284,0.2455,22.3068
2023-09-23,NA,NA,NA,15.35375,44.5266666666667,367.992916666667,91.7058333333333,7.90208333333333,0.0233683333333333,0,0.0075,14.0653,0,302.5821,95.8456,6.88,0.2467,120.9013,0.4989,0.6375,0.2978,0.0596,15.4237,22.3643,0.8254,1.6507,0.0268,0.625,208.2193,7.4283,0.2411,22.3643
2023-09-24,NA,NA,NA,18.75375,150.367083333333,377.064583333333,91.0370833333333,3.70166666666667,0.00203208333333333,0,0.0047,14.967,0,296.6837,95.2109,6.88,0.2379,120.9013,0.4989,0.6382,0.2933,0.0587,15.4633,22.4218,0.8143,1.6285,0.0263,0.6135,208.7546,7.3283,0.2366,22.4218
2023-09-25,NA,NA,NA,20.23875,74.0383333333333,388.805416666667,91.2675,1.67833333333333,0,0,0.004,15.673,0,292.2066,94.5762,6.88,0.2292,120.9013,0.4989,0.639,0.2888,0.0578,15.503,22.4793,0.8031,1.6063,0.0258,0.6021,209.2899,7.2282,0.2322,22.4793
2023-09-26,NA,NA,NA,18.1279166666667,57.0641666666667,394.53125,99.6525,1.12458333333333,0.00304833333333333,0,0.0042,15.633,0,292.457,93.9414,6.88,0.2205,120.9013,0.4989,0.6398,0.2843,0.0569,15.5426,22.5368,0.792,1.584,0.0253,0.5906,209.8251,7.1281,0.2278,22.5368
2023-09-27,NA,NA,NA,15.1495833333333,61.6354166666667,384.87625,99.15625,1.33875,0.0007625,0,0.0046,14.6367,0,298.8205,93.3067,6.88,0.2117,120.9013,0.4989,0.6406,0.2798,0.056,15.5823,22.5943,0.7809,1.5618,0.0248,0.5791,210.3604,7.0281,0.2234,22.5943
2023-09-28,NA,NA,NA,15.6658333333333,135.31125,365.803333333333,90.3725,0.90375,0,0,0.0046,14.5283,0,299.5273,92.6719,6.88,0.203,120.9013,0.4989,0.6413,0.2753,0.0551,15.6219,22.6518,0.7698,1.5396,0.0243,0.5676,210.8957,6.928,0.2189,22.6518
2023-09-29,NA,NA,NA,17.8954166666667,208.34,340.47,88.7141666666667,1.93375,0,0,0.0045,15.0701,0,296.0221,92.0372,6.88,0.1942,120.9013,0.4989,0.6421,0.2708,0.0542,15.6616,22.7093,0.7587,1.5173,0.0238,0.5561,211.431,6.8279,0.2145,22.7093
2023-09-30,NA,NA,NA,20.92625,207.448333333333,356.630416666667,89.75125,1.55208333333333,0,0,0.0039,16.192,0,288.9922,91.4025,6.88,0.1855,120.9013,0.4989,0.6429,0.2662,0.0532,15.7012,22.7667,0.7475,1.4951,0.0233,0.5447,211.9662,6.7279,0.2101,22.7667
2023-10-01,NA,NA,NA,20.3133333333333,202.685,339.403333333333,85.5366666666667,2.24625,0,0,0.0037,15.9641,0,290.396,90.7677,6.88,0.1767,120.9013,0.4989,0.6436,0.2617,0.0523,15.7409,22.8242,0.7364,1.4728,0.0229,0.5332,212.5015,6.6278,0.2057,22.8242
2023-10-02,NA,NA,NA,20.1066666666667,205.254583333333,335.198333333333,87.0754166666667,2.17625,0,0,0.0035,15.9981,0,290.1855,90.133,6.88,0.168,120.9013,0.4989,0.6444,0.2572,0.0514,15.7805,22.8817,0.7253,1.4506,0.0224,0.5217,213.0368,6.5277,0.2012,22.8817
2023-10-03,NA,NA,NA,21.1733333333333,175.899166666667,360.47,88.1820833333333,1.62458333333333,0,0,0.003,16.4982,0,287.1248,89.4982,6.88,0.1593,120.9013,0.4989,0.6452,0.2527,0.0505,15.8201,22.9392,0.7142,1.4284,0.0219,0.5102,213.572,6.4277,0.1968,22.9392
2023-10-04,NA,NA,NA,20.9220833333333,193.1225,342.470416666667,87.1825,1.75041666666667,0,0,0.003,16.3726,0,287.8882,90.0423,6.88,0.1625,120.9013,0.4989,0.6037,0.2489,0.0498,15.7607,22.853,0.6999,1.3998,0.0223,0.5212,212.7691,6.2992,0.2011,22.853
2023-10-05,NA,NA,NA,19.1666666666667,118.135416666667,347.894583333333,91.5095833333333,1.60666666666667,0,0,0.003,15.772,0,291.5887,90.5864,6.88,0.1658,120.9013,0.4989,0.5622,0.2452,0.049,15.7012,22.7667,0.6856,1.3713,0.0228,0.5323,211.9662,6.1708,0.2053,22.7667
2023-10-06,NA,NA,NA,19.5695833333333,147.4275,365.75875,90.5408333333333,1.26791666666667,0,0,0.003,16.1283,0,289.383,91.1304,6.88,0.1691,120.9013,0.4989,0.5207,0.2414,0.0483,15.6417,22.6805,0.6714,1.3427,0.0233,0.5433,211.1633,6.0423,0.2096,22.6805
2023-10-07,NA,NA,NA,17.2966666666667,211.693333333333,333.902083333333,73.4895833333333,3.20083333333333,0.00330208333333333,0,0.0039,14.1349,0,302.1195,91.6745,6.88,0.1723,120.9013,0.4989,0.4793,0.2377,0.0475,15.5823,22.5943,0.6571,1.3142,0.0238,0.5543,210.3604,5.9138,0.2138,22.5943
2023-10-08,NA,NA,NA,12.7779166666667,153.100833333333,288.191666666667,54.7179166666667,2.31166666666667,0,0,0.0044,10.8578,0,325.3612,92.2185,6.88,0.1756,120.9013,0.4989,0.4378,0.2339,0.0468,15.5228,22.508,0.6428,1.2856,0.0242,0.5654,209.5575,5.7854,0.2181,22.508
2023-10-09,NA,NA,NA,12.4241666666667,103.177083333333,318.011666666667,70.3866666666667,1.82,0.0045725,0,0.0051,10.6534,0,326.9154,92.7626,6.88,0.1789,120.9013,0.4989,0.3963,0.2301,0.046,15.4633,22.4218,0.6285,1.2571,0.0247,0.5764,208.7546,5.6569,0.2223,22.4218
2023-10-10,NA,NA,NA,14.0904166666667,196.051666666667,341.195,80.9829166666667,1.57625,0.000254166666666667,0,0.0046,11.4293,0,321.084,93.3067,6.88,0.1822,120.9013,0.4989,0.3548,0.2264,0.0453,15.4038,22.3356,0.6143,1.2285,0.0252,0.5874,207.9517,5.5285,0.2266,22.3356
2023-10-11,NA,NA,NA,12.9420833333333,128.645,303.27875,78.905,2.29875,0,0,0.0045,11.5895,0,319.9027,93.8507,6.88,0.1854,120.9013,0.4989,0.3134,0.2226,0.0445,15.3444,22.2493,0.6,1.2,0.0256,0.5984,207.1488,5.4,0.2308,22.2493
2023-10-12,NA,NA,NA,14.955,185.0675,325.899166666667,83.55875,1.78125,0,0,0.0043,12.3672,0,314.2759,94.3948,6.88,0.1887,120.9013,0.4989,0.2719,0.2189,0.0438,15.2849,22.1631,0.5857,1.1715,0.0261,0.6095,206.3459,5.2715,0.2351,22.1631
2023-10-13,NA,NA,NA,16.5370833333333,183.6025,318.784583333333,83.43625,1.97166666666667,0,0,0.0036,13.328,0,307.5626,94.9389,6.88,0.192,120.9013,0.4989,0.2304,0.2151,0.043,15.2254,22.0768,0.5715,1.1429,0.0266,0.6205,205.543,5.1431,0.2393,22.0768
2023-10-14,NA,NA,NA,16.9979166666667,70.2729166666667,373.043333333333,92.4275,1.26291666666667,0.0106679166666667,0,0.0043,14.0967,0,302.3735,95.4829,6.88,0.1953,120.9013,0.4989,0.1889,0.2113,0.0423,15.1659,21.9906,0.5572,1.1144,0.0271,0.6315,204.7401,5.0146,0.2436,21.9906
2023-10-15,NA,NA,NA,13.9583333333333,156.754166666667,332.158333333333,63.0141666666667,3.84708333333333,0,0,0.0045,12.1997,0,315.4729,96.027,6.88,0.1985,120.9013,0.4989,0.1475,0.2076,0.0415,15.1065,21.9044,0.5429,1.0858,0.0275,0.6426,203.9372,4.8862,0.2478,21.9044
2023-10-16,NA,NA,NA,10.7008333333333,145.63875,294.609166666667,67.0808333333333,3.04083333333333,0,0,0.0049,10.5575,0,327.6495,96.571,6.88,0.2018,120.9013,0.4989,0.106,0.2038,0.0408,15.047,21.8181,0.5286,1.0573,0.028,0.6536,203.1343,4.7577,0.2521,21.8181
2023-10-17,NA,NA,NA,11.6125,87.27,313.195833333333,70.4808333333333,3.65875,0,0,0.0051,10.4741,0,328.2903,97.1151,6.88,0.2051,120.9013,0.4989,0.0645,0.2001,0.04,14.9875,21.7319,0.5144,1.0287,0.0285,0.6646,202.3314,4.6292,0.2563,21.7319
2023-10-18,NA,NA,NA,11.0316666666667,154.929166666667,310.575833333333,79.3954166666667,1.80333333333333,0,0,0.005,10.5503,0,327.7046,97.6592,6.88,0.2208,120.9013,0.5068,0.0622,0.2083,0.0417,15.7012,22.7667,0.5248,1.0496,0.0286,0.6664,211.9662,4.7234,0.257,22.7667
2023-10-19,NA,NA,NA,13.2083333333333,162.834166666667,309.495833333333,81.9308333333333,2.0575,0,0,0.0046,11.1869,0,322.8861,98.2032,6.88,0.2366,120.9013,0.5147,0.0599,0.2166,0.0433,16.4149,23.8016,0.5353,1.0706,0.0286,0.6682,221.601,4.8175,0.2577,23.8016
2023-10-20,NA,NA,NA,12.8533333333333,41.4258333333333,344.087916666667,88.8804166666667,1.2225,0.00431875,0,0.0045,11.7518,0,318.7138,98.7473,6.88,0.2524,120.9013,0.5226,0.0576,0.2249,0.045,17.1286,24.8364,0.5457,1.0915,0.0287,0.67,231.2359,4.9116,0.2584,24.8364
2023-10-21,NA,NA,NA,13.7470833333333,180.97625,313.31375,56.82875,2.29541666666667,0,0,0.0043,11.116,0,323.416,99.2914,6.88,0.2682,120.9013,0.5306,0.0553,0.2332,0.0466,17.8423,25.8713,0.5562,1.1124,0.0288,0.6718,240.8707,5.0058,0.2591,25.8713
2023-10-22,NA,NA,NA,14.1675,138.795416666667,302.6775,54.8241666666667,2.77333333333333,0,0,0.0042,11.1735,0,322.9857,99.8354,6.88,0.284,120.9013,0.5385,0.053,0.2414,0.0483,18.556,26.9061,0.5667,1.1333,0.0289,0.6736,250.5055,5.0999,0.2598,26.9061
2023-10-23,NA,NA,NA,11.7604166666667,175.25125,270.782916666667,56.5375,2.52208333333333,0,0,0.0046,10.1877,0,330.5064,100.3795,6.88,0.2997,120.9013,0.5464,0.0507,0.2497,0.0499,19.2697,27.941,0.5771,1.1542,0.0289,0.6754,260.1404,5.194,0.2605,27.941
2023-10-24,NA,NA,NA,12.1591666666667,167.275,286.185,66.0775,1.92541666666667,0,0,0.0045,10.0735,0,331.3973,100.9235,6.88,0.3155,120.9013,0.5543,0.0484,0.258,0.0516,19.9833,28.9759,0.5876,1.1751,0.029,0.6772,269.7752,5.2881,0.2612,28.9759
2023-10-25,NA,NA,NA,15.5333333333333,167.554166666667,302.042916666667,57.8345833333333,1.74416666666667,0,0,0.0042,11.2469,0,322.4383,101.4676,6.88,0.3313,120.9013,0.5622,0.0461,0.2662,0.0532,20.697,30.0107,0.598,1.1961,0.0291,0.679,279.41,5.3823,0.2619,30.0107
2023-10-26,NA,NA,NA,18.33875,157.144166666667,319.100416666667,67.1266666666667,1.85875,0,0,0.0036,12.5304,0,313.1172,102.0117,6.88,0.3471,120.9013,0.5702,0.0438,0.2745,0.0549,21.4107,31.0456,0.6085,1.217,0.0292,0.6808,289.0448,5.4764,0.2626,31.0456
2023-10-27,NA,NA,NA,19.5479166666667,147.633333333333,341.814583333333,80.4083333333333,1.34,0,0,0.0034,13.8681,0,303.9,102.5557,6.88,0.3629,120.9013,0.5781,0.0415,0.2828,0.0566,22.1244,32.0804,0.6189,1.2379,0.0293,0.6826,298.6797,5.5705,0.2633,32.0804
2023-10-28,NA,NA,NA,22.2120833333333,141.6425,361.91625,72.9616666666667,2.05125,0,0,0.003,15.0092,0,296.4127,103.0998,6.88,0.3787,120.9013,0.586,0.0392,0.2911,0.0582,22.8381,33.1153,0.6294,1.2588,0.0293,0.6844,308.3145,5.6647,0.264,33.1153
2023-10-29,NA,NA,NA,23.0958333333333,153.050416666667,372.145,77.13875,1.58083333333333,0,0,0.003,15.8802,0,290.9156,103.6439,6.88,0.3944,120.9013,0.5939,0.0369,0.2993,0.0599,23.5518,34.1501,0.6399,1.2797,0.0294,0.6862,317.9493,5.7588,0.2647,34.1501
2023-10-30,NA,NA,NA,20.9479166666667,77.7004166666667,357.752083333333,72.1520833333333,2.49916666666667,0,0,0.003,15.31,0,294.4933,104.1879,6.88,0.4102,120.9013,0.6018,0.0346,0.3076,0.0615,24.2655,35.185,0.6503,1.3007,0.0295,0.688,327.5842,5.8529,0.2654,35.185
2023-10-31,NA,NA,NA,11.6966666666667,29.6475,341.503333333333,79.3158333333333,2.66083333333333,0.000508333333333333,0,0.0042,11.666,0,319.3408,104.732,6.88,0.426,120.9013,0.6098,0.0323,0.3159,0.0632,24.9792,36.2198,0.6608,1.3216,0.0296,0.6898,337.219,5.9471,0.2661,36.2198
2023-11-01,NA,NA,NA,6.03833333333333,171.372083333333,249.894166666667,57.7720833333333,3.44875,0,0,0.0059,7.5723,0,352.0248,104.596,6.88,0.4116,120.9013,0.5939,0.0311,0.3099,0.062,23.9681,34.7538,0.7213,1.4426,0.0306,0.715,323.5696,6.4917,0.2758,34.7538
2023-11-02,NA,NA,NA,5.01208333333333,165.075,237.246666666667,60.32625,1.55458333333333,0,0,0.0067,6.2718,0,363.651,104.46,6.88,0.3972,120.9013,0.5781,0.03,0.3039,0.0608,22.9571,33.2877,0.7818,1.5636,0.0317,0.7402,309.9203,7.0363,0.2855,33.2877
2023-11-03,NA,NA,NA,8.52666666666667,162.8575,255.329583333333,55.6808333333333,1.655,0,0,0.0066,6.8094,0,358.7658,104.3239,6.88,0.3828,120.9013,0.5622,0.0288,0.2978,0.0596,21.946,31.8217,0.8423,1.6847,0.0328,0.7654,296.271,7.581,0.2952,31.8217
2023-11-04,NA,NA,NA,11.5975,155.198333333333,275.318333333333,45.30125,2.0775,0,0,0.006,7.8929,0,349.257,104.1879,6.88,0.3684,120.9013,0.5464,0.0276,0.2918,0.0584,20.9349,30.3557,0.9028,1.8057,0.0339,0.7906,282.6216,8.1256,0.3049,30.3557
2023-11-05,NA,NA,NA,15.5358333333333,146.790833333333,316.619166666667,46.4025,2.47541666666667,0,0,0.0051,9.7859,0,333.6603,104.0519,6.88,0.354,120.9013,0.5306,0.0265,0.2858,0.0572,19.9239,28.8896,0.9634,1.9267,0.035,0.8158,268.9723,8.6702,0.3147,28.8896
2023-11-06,NA,NA,NA,13.71125,145.24625,290.188333333333,60.3175,2.27583333333333,0,0,0.0052,9.7445,0,333.9888,103.9159,6.88,0.3397,120.9013,0.5147,0.0253,0.2798,0.056,18.9128,27.4236,1.0239,2.0477,0.036,0.841,255.3229,9.2148,0.3244,27.4236
2023-11-07,NA,NA,NA,18.00125,108.810833333333,331.1375,57.7770833333333,1.96833333333333,0,0,0.0044,11.4306,0,321.074,103.7799,6.88,0.3253,120.9013,0.4989,0.0242,0.2738,0.0548,17.9017,25.9575,1.0844,2.1688,0.0371,0.8662,241.6736,9.7595,0.3341,25.9575
2023-11-08,NA,NA,NA,17.51125,129.098333333333,321.87375,76.83875,2.1625,0,0,0.0039,12.1652,0,315.7203,103.6439,6.88,0.3109,120.9013,0.4831,0.023,0.2677,0.0535,16.8907,24.4915,1.1449,2.2898,0.0382,0.8914,228.0243,10.3041,0.3438,24.4915
2023-11-09,NA,NA,NA,19.70375,106.76,344.778333333333,67.77625,1.895,0,0,0.0036,13.1014,0,309.1232,103.5078,6.88,0.2965,120.9013,0.4672,0.0219,0.2617,0.0523,15.8796,23.0255,1.2054,2.4108,0.0393,0.9166,214.3749,10.8487,0.3535,23.0255
2023-11-10,NA,NA,NA,16.1179166666667,16.5920833333333,361.175,73.1075,3.13291666666667,0,0,0.004,12.0998,0,316.1906,103.3718,6.88,0.2821,120.9013,0.4514,0.0207,0.2557,0.0511,14.8686,21.5594,1.2659,2.5319,0.0404,0.9418,200.7256,11.3934,0.3633,21.5594
2023-11-11,NA,NA,NA,10.4708333333333,129.277083333333,288.8125,78.24875,1.8075,0,0,0.0048,9.7674,0,333.8072,103.2358,6.88,0.2677,120.9013,0.4355,0.0196,0.2497,0.0499,13.8575,20.0934,1.3264,2.6529,0.0414,0.967,187.0762,11.938,0.373,20.0934
2023-11-12,NA,NA,NA,9.68458333333333,143.978333333333,272.935833333333,70.1270833333333,1.64208333333333,0,0,0.0056,8.5304,0,343.8649,103.0998,6.88,0.2533,120.9013,0.4197,0.0184,0.2437,0.0487,12.8464,18.6273,1.387,2.7739,0.0425,0.9922,173.4269,12.4826,0.3827,18.6273
2023-11-13,NA,NA,NA,10.5675,137.775416666667,268.900416666667,72.2154166666667,1.31166666666667,0,0,0.0057,8.0126,0,348.2335,102.9638,6.88,0.2389,120.9013,0.4039,0.0173,0.2377,0.0475,11.8354,17.1613,1.4475,2.8949,0.0436,1.0174,159.7776,13.0273,0.3924,17.1613
2023-11-14,NA,NA,NA,13.64,127.704166666667,273.620416666667,38.0120833333333,2.68625,0,0,0.0055,8.193,0,346.7004,102.8278,6.88,0.2245,120.9013,0.388,0.0161,0.2316,0.0463,10.8243,15.6953,1.508,3.016,0.0447,1.0426,146.1282,13.5719,0.4021,15.6953
2023-11-15,NA,NA,NA,11.8845833333333,92.0383333333333,296.518333333333,52.7358333333333,1.72,0,0,0.0056,8.103,0,347.4637,101.4948,6.88,0.2211,120.9013,0.388,0.0177,0.2322,0.0464,11.2823,16.3593,1.476,2.952,0.044,1.0276,152.3106,13.2841,0.3964,16.3593
2023-11-16,NA,NA,NA,12.1895833333333,128.727916666667,275.152083333333,54.45375,2.01458333333333,0,0,0.006,7.7873,0,350.1646,100.1619,6.88,0.2177,120.9013,0.388,0.0194,0.2327,0.0465,11.7402,17.0233,1.444,2.8881,0.0434,1.0127,158.4929,12.9962,0.3906,17.0233
2023-11-17,NA,NA,NA,13.7358333333333,101.87375,320.897083333333,82.4670833333333,2.04083333333333,0,0,0.0051,9.8657,0,333.0298,98.8289,6.88,0.2143,120.9013,0.388,0.021,0.2332,0.0466,12.1982,17.6873,1.412,2.8241,0.0428,0.9977,164.6753,12.7084,0.3848,17.6873
2023-11-18,NA,NA,NA,15.52375,130.16875,332.600416666667,71.8208333333333,2.98875,0.00127041666666667,0,0.0048,10.4147,0,328.7476,97.496,6.88,0.2108,120.9013,0.388,0.0226,0.2338,0.0468,12.6561,18.3514,1.3801,2.7601,0.0421,0.9828,170.8576,12.4206,0.3791,18.3514
2023-11-19,NA,NA,NA,10.0983333333333,135.805833333333,259.406666666667,55.5829166666667,2.79333333333333,0,0,0.006,7.287,0,354.5199,96.163,6.88,0.2074,120.9013,0.388,0.0242,0.2343,0.0469,13.1141,19.0154,1.3481,2.6962,0.0415,0.9678,177.04,12.1328,0.3733,19.0154
2023-11-20,NA,NA,NA,9.63083333333333,85.9366666666667,283.740833333333,63.35375,2.04958333333333,0,0,0.0061,7.0482,0,356.6315,94.83,6.88,0.204,120.9013,0.388,0.0258,0.2348,0.047,13.572,19.6794,1.3161,2.6322,0.0408,0.9529,183.2223,11.845,0.3675,19.6794
2023-11-21,NA,NA,NA,8.10583333333333,8.73166666666667,332.000416666667,87.2566666666667,1.52666666666667,0.0386075,0,0.0139,7.3359,0,354.0896,93.4971,6.88,0.2006,120.9013,0.388,0.0274,0.2353,0.0471,14.03,20.3435,1.2841,2.5683,0.0402,0.9379,189.4047,11.5572,0.3618,20.3435
2023-11-22,NA,NA,NA,11.3529166666667,71.0670833333333,335.126666666667,86.3691666666667,3.12833333333333,0.0134620833333333,0,0.0083,8.224,0,346.4387,92.1641,6.88,0.1971,120.9013,0.388,0.029,0.2359,0.0472,14.4879,21.0075,1.2521,2.5043,0.0396,0.923,195.587,11.2693,0.356,21.0075
2023-11-23,NA,NA,NA,9.61625,129.455416666667,270.739166666667,61.9529166666667,2.92583333333333,0,0,0.0069,6.6548,0,360.1588,90.8312,6.88,0.1937,120.9013,0.388,0.0306,0.2364,0.0473,14.9459,21.6715,1.2202,2.4403,0.0389,0.908,201.7694,10.9815,0.3502,21.6715
2023-11-24,NA,NA,NA,9.0725,98.8345833333333,281.113333333333,71.5175,2.14125,0,0,0.0066,6.5982,0,360.6709,89.4982,6.88,0.1903,120.9013,0.388,0.0323,0.2369,0.0474,15.4038,22.3356,1.1882,2.3764,0.0383,0.8931,207.9517,10.6937,0.3445,22.3356
2023-11-25,NA,NA,NA,5.12208333333333,46.8241666666667,298.238333333333,74.2616666666667,1.5725,0,0,0.0071,5.5632,0,370.2667,88.1653,6.88,0.1868,120.9013,0.388,0.0339,0.2374,0.0475,15.8618,22.9996,1.1562,2.3124,0.0376,0.8781,214.1341,10.4059,0.3387,22.9996
2023-11-26,NA,NA,NA,3.41833333333333,124.757916666667,259.820833333333,68.7458333333333,1.52791666666667,0,0,0.0079,4.3468,0,382.116,86.8323,6.88,0.1834,120.9013,0.388,0.0355,0.238,0.0476,16.3197,23.6636,1.1242,2.2485,0.037,0.8632,220.3164,10.1181,0.3329,23.6636
2023-11-27,NA,NA,NA,7.09375,106.717916666667,266.877083333333,62.4583333333333,2.84083333333333,0,0,0.0073,4.6794,0,378.8127,85.4994,6.88,0.18,120.9013,0.388,0.0371,0.2385,0.0477,16.7777,24.3276,1.0923,2.1845,0.0364,0.8482,226.4988,9.8303,0.3272,24.3276
2023-11-28,NA,NA,NA,3.66125,112.8525,236.430416666667,45.64625,2.72333333333333,0,0,0.0085,2.8201,0,397.9232,84.1664,6.88,0.1766,120.9013,0.388,0.0387,0.239,0.0478,17.2356,24.9917,1.0603,2.1205,0.0357,0.8333,232.6811,9.5424,0.3214,24.9917
2023-11-29,NA,NA,NA,1.17291666666667,123.961666666667,224.602083333333,43.72125,2.14041666666667,0,0,0.0091,1.8174,0,408.9126,82.8335,6.88,0.1731,120.9013,0.388,0.0403,0.2395,0.0479,17.6936,25.6557,1.0283,2.0566,0.0351,0.8184,238.8634,9.2546,0.3157,25.6557
2023-11-30,NA,NA,NA,6.71041666666667,118.197916666667,255.195416666667,57.4954166666667,1.79708333333333,0,0,0.0082,3.1122,0,394.8146,81.5005,6.88,0.1697,120.9013,0.388,0.0419,0.2401,0.048,18.1515,26.3197,0.9963,1.9926,0.0344,0.8034,245.0458,8.9668,0.3099,26.3197
2023-12-01,NA,NA,NA,7.54291666666667,13.8008333333333,302.05,84.3770833333333,1.94666666666667,0.00127041666666667,0,0.0077,4.3065,0,382.5197,80.1676,6.88,0.1663,120.9013,0.388,0.0435,0.2406,0.0481,18.6095,26.9838,0.9643,1.9287,0.0338,0.7885,251.2281,8.679,0.3041,26.9838
2023-12-02,NA,NA,NA,13.5325,52.1570833333333,347.754166666667,95.6695833333333,1.63125,0.00127041666666667,0,0.0063,7.2659,0,354.7051,78.8346,6.88,0.1628,120.9013,0.388,0.0452,0.2411,0.0482,19.0674,27.6478,0.9324,1.8647,0.0332,0.7735,257.4105,8.3912,0.2984,27.6478
2023-12-03,NA,NA,NA,16.775,80.62,362.74625,87.27875,1.84875,0.0101604166666667,0,0.0062,9.7119,0,334.2475,77.5017,6.88,0.1594,120.9013,0.388,0.0468,0.2417,0.0483,19.5254,28.3118,0.9004,1.8007,0.0325,0.7586,263.5928,8.1034,0.2926,28.3118
2023-12-04,NA,NA,NA,12.96625,96.18625,285.412083333333,52.60875,2.31083333333333,0,0,0.0062,7.4117,0,353.4257,76.1687,6.88,0.156,120.9013,0.388,0.0484,0.2422,0.0484,19.9833,28.9759,0.8684,1.7368,0.0319,0.7436,269.7752,7.8155,0.2868,28.9759
2023-12-05,NA,NA,NA,9.32,104.160833333333,271.589583333333,73.0654166666667,1.78833333333333,0,0,0.0071,6.0127,0,366.0462,75.8161,6.88,0.013,120.9013,0.388,0.0735,0.2383,0.0477,19.7983,28.7076,0.8798,1.7596,0.0315,0.7343,267.2773,7.9182,0.2832,28.7076
2023-12-06,NA,NA,NA,8.34083333333333,116.082916666667,293.405833333333,71.38,2.83583333333333,0.000762083333333333,0,0.0076,5.2335,0,373.4156,75.4634,6.88,0.0129,120.9013,0.388,0.0986,0.2344,0.0469,19.6133,28.4393,0.8912,1.7824,0.0311,0.725,264.7794,8.0208,0.2796,28.4393
2023-12-07,NA,NA,NA,7.43083333333333,108.3375,270.040833333333,56.6104166666667,2.29333333333333,0,0,0.0077,4.4647,0,380.9393,75.1108,6.88,0.0128,120.9013,0.388,0.1237,0.2305,0.0461,19.4283,28.171,0.9026,1.8052,0.0307,0.7156,262.2814,8.1234,0.276,28.171
2023-12-08,NA,NA,NA,11.8875,106.005,284.026666666667,40.0554166666667,2.85958333333333,0,0,0.0068,5.4853,0,371.0068,74.7582,6.88,0.0127,120.9013,0.388,0.1487,0.2266,0.0453,19.2432,27.9027,0.914,1.828,0.0303,0.7063,259.7835,8.226,0.2724,27.9027
2023-12-09,NA,NA,NA,9.41666666666667,40.98875,310.974583333333,78.8620833333333,2.09791666666667,0.00228583333333333,0,0.0067,6.0358,0,365.8313,74.4055,6.88,0.0126,120.9013,0.388,0.1738,0.2227,0.0445,19.0582,27.6344,0.9254,1.8508,0.0299,0.697,257.2856,8.3286,0.2688,27.6344
2023-12-10,NA,NA,NA,14.8429166666667,12.9325,371.924583333333,99.885,2.3675,0.0492754166666667,0,0.017,9.1658,0,338.6331,74.0529,6.88,0.0125,120.9013,0.388,0.1989,0.2188,0.0438,18.8732,27.3661,0.9368,1.8736,0.0295,0.6877,254.7877,8.4312,0.2652,27.3661
2023-12-11,NA,NA,NA,5.69875,99.41375,288.664583333333,79.32,5.07125,0.00914416666666667,0,0.0148,5.5216,0,370.6621,73.7003,6.88,0.0124,120.9013,0.388,0.224,0.2149,0.043,18.6881,27.0978,0.9482,1.8964,0.0291,0.6783,252.2898,8.5338,0.2616,27.0978
2023-12-12,NA,NA,NA,4.1375,115.88,233.766666666667,66.5195833333333,2.9775,0,0,0.0111,3.6833,0,388.8528,73.3477,6.88,0.0123,120.9013,0.388,0.2491,0.211,0.0422,18.5031,26.8295,0.9596,1.9192,0.0287,0.669,249.7918,8.6364,0.2581,26.8295
2023-12-13,NA,NA,NA,8.81916666666667,106.140416666667,258.59875,53.55625,2.56875,0,0,0.0102,3.9174,0,386.4532,72.995,6.88,0.0121,120.9013,0.388,0.2742,0.2071,0.0414,18.3181,26.5612,0.971,1.942,0.0283,0.6597,247.2939,8.739,0.2545,26.5612
2023-12-14,NA,NA,NA,6.34125,114.655416666667,239.525416666667,57.1016666666667,2.11291666666667,0,0,0.0107,3.1921,0,393.9714,72.6424,6.88,0.012,120.9013,0.388,0.2993,0.2032,0.0406,18.133,26.2929,0.9824,1.9648,0.0279,0.6504,244.796,8.8417,0.2509,26.2929
2023-12-15,NA,NA,NA,7.73083333333333,113.91375,254.762916666667,58.4866666666667,2.88416666666667,0,0,0.0102,3.2623,0,393.233,72.2898,6.88,0.0118,120.9013,0.388,0.3244,0.1993,0.0399,17.948,26.0246,0.9938,1.9876,0.0275,0.641,242.2981,8.9443,0.2473,26.0246
2023-12-16,NA,NA,NA,7.53958333333333,88.2216666666667,260.01625,72.4733333333333,2.31958333333333,0,0,0.0095,3.7743,0,387.9175,71.9371,6.88,0.0117,120.9013,0.388,0.3495,0.1954,0.0391,17.763,25.7563,1.0052,2.0104,0.0271,0.6317,239.8002,9.0469,0.2437,25.7563
2023-12-17,NA,NA,NA,9.705,9.63,328.436666666667,78.7695833333333,1.44208333333333,0.01803375,0,0.0136,5.2497,0,373.2603,71.5845,6.88,0.0115,120.9013,0.388,0.3746,0.1915,0.0383,17.5779,25.488,1.0166,2.0332,0.0267,0.6224,237.3022,9.1495,0.2401,25.488
2023-12-18,NA,NA,NA,10.1933333333333,107.182083333333,305.406666666667,73.3375,4.60291666666667,0.00533458333333333,0,0.0134,3.9369,0,386.2547,71.2319,6.88,0.0114,120.9013,0.388,0.3996,0.1876,0.0375,17.3929,25.2197,1.028,2.056,0.0263,0.6131,234.8043,9.2521,0.2365,25.2197
2023-12-19,NA,NA,NA,2.2475,121.055416666667,248.305833333333,60.5225,3.28291666666667,0,0,0.0132,2.6241,0,400.0327,70.8792,6.88,0.0112,120.9013,0.388,0.4247,0.1837,0.0367,17.2079,24.9514,1.0394,2.0788,0.0259,0.6037,232.3064,9.3547,0.2329,24.9514
2023-12-20,NA,NA,NA,3.09958333333333,107.1275,236.679583333333,54.5279166666667,2.60041666666667,0,0,0.0122,1.9849,0,407.0419,70.5266,6.88,0.0111,120.9013,0.388,0.4498,0.1798,0.036,17.0229,24.6831,1.0508,2.1016,0.0255,0.5944,229.8085,9.4573,0.2293,24.6831
2023-12-21,NA,NA,NA,7.28416666666667,98.88875,257.55625,62.39375,2.26375,0,0,0.011,2.8716,0,397.3726,70.174,6.88,0.0109,120.9013,0.388,0.4749,0.1759,0.0352,16.8378,24.4148,1.0622,2.1244,0.0251,0.5851,227.3106,9.5599,0.2257,24.4148
2023-12-22,NA,NA,NA,7.785,109.78875,278.244583333333,65.8833333333333,1.74583333333333,0,0,0.01,3.7406,0,388.2631,69.8213,6.88,0.0108,120.9013,0.388,0.5,0.172,0.0344,16.6528,24.1465,1.0736,2.1472,0.0247,0.5758,224.8127,9.6626,0.2221,24.1465
2023-12-23,NA,NA,NA,7.90458333333333,99.8733333333333,283.894583333333,72.2754166666667,1.5575,0,0,0.0092,4.2854,0,382.7307,69.4687,6.88,0.0106,120.9013,0.388,0.5251,0.1681,0.0336,16.4678,23.8782,1.085,2.17,0.0243,0.5664,222.3147,9.7652,0.2185,23.8782
2023-12-24,NA,NA,NA,10.2125,106.58375,295.58625,78.5866666666667,1.92791666666667,0,0,0.0084,5.163,0,374.0951,69.1161,6.88,0.0105,120.9013,0.388,0.5502,0.1642,0.0328,16.2827,23.61,1.0964,2.1928,0.0239,0.5571,219.8168,9.8678,0.2149,23.61
2023-12-25,NA,NA,NA,10.51125,45.76875,319.540833333333,87.2554166666667,1.59083333333333,0.00203208333333333,0,0.0077,6.2372,0,363.9692,68.7634,6.88,0.0104,120.9013,0.388,0.5753,0.1603,0.0321,16.0977,23.3417,1.1078,2.2156,0.0235,0.5478,217.3189,9.9704,0.2113,23.3417
2023-12-26,NA,NA,NA,11.6041666666667,12.53625,353.381666666667,94.2175,1.37291666666667,0.0147325,0,0.0096,7.3514,0,353.9543,68.4108,6.88,0.0102,120.9013,0.388,0.6004,0.1564,0.0313,15.9127,23.0734,1.1192,2.2384,0.0231,0.5385,214.821,10.073,0.2077,23.0734
2023-12-27,NA,NA,NA,13.4916666666667,48.75125,365.9675,99.9991666666667,1.36708333333333,0.0167641666666667,0,0.0168,8.7781,0,341.8087,68.0582,6.88,0.0101,120.9013,0.388,0.6254,0.1525,0.0305,15.7276,22.8051,1.1306,2.2612,0.0227,0.5291,212.3231,10.1756,0.2041,22.8051
2023-12-28,NA,NA,NA,10.7229166666667,104.830833333333,302.59625,84.8366666666667,3.03958333333333,0,0,0.0131,7.4617,0,352.9886,67.7055,6.88,0.0099,120.9013,0.388,0.6505,0.1486,0.0297,15.5426,22.5368,1.142,2.284,0.0223,0.5198,209.8251,10.2782,0.2005,22.5368
2023-12-29,NA,NA,NA,7.45541666666667,26.5558333333333,290.624583333333,84.4216666666667,3.55291666666667,0,0,0.0115,5.6622,0,369.3304,67.3529,6.88,0.0098,120.9013,0.388,0.6756,0.1447,0.0289,15.3576,22.2685,1.1534,2.3069,0.0219,0.5105,207.3272,10.3808,0.1969,22.2685
2023-12-30,NA,NA,NA,7.11958333333333,44.1241666666667,291.239166666667,67.24375,2.14791666666667,0,0,0.0108,4.6338,0,379.2629,67.0003,6.88,0.0096,120.9013,0.388,0.7007,0.1408,0.0282,15.1725,22.0002,1.1648,2.3297,0.0215,0.5012,204.8293,10.4834,0.1933,22.0002
2023-12-31,NA,NA,NA,8.18,0,244.56,64.18,3.66,0,0,0.0106,3.8943,0,386.6892,66.6476,6.88,0.0095,120.9013,0.388,0.7258,0.1369,0.0274,14.9875,21.7319,1.1762,2.3525,0.0211,0.4918,202.3314,10.5861,0.1897,21.7319
