time,Volume,Vol Snow,Vol Blue Ice,Vol White Ice,Tot Inflow Vol,Tot Outflow Vol,Overflow Vol,Evaporation,Rain,Local Runoff,Snowfall,Lake Level,Surface Area,Blue Ice Thickness,Snow Thickness,Snow Density,White Ice Thickness,Albedo,Max Temp,Min Temp,Surface Temp,Daily Qsw,Daily Qe,Daily Qh,Daily Qlw,Light,Benthic Light,Surface Wave Height,Surface Wave Length,Surface Wave Period,LakeNumber,Max dT/dz,CD,CHE,z/L
2018-04-20 24:00:00,321756.540028,    0.000000,    0.000000,    0.000000,    0.000000,    0.000000,    0.000000, -249.683426,    0.000000,    0.000000,    0.000000,    9.297917,119835.733196,    0.000000,    0.000000,    0.000000,    0.000000,    0.073000,   14.311600,    7.018340,   14.311600,  157.078911,  -59.376389,   -5.187360,  -74.497837,    0.000000,    0.000000,    0.033303,    0.767229,    0.701000,    3.887778,    0.085115,    0.001689,    0.001721,    0.000000
2018-04-21 24:00:00,321502.151415,    0.000000,    0.000000,    0.000000, 1909.440426, 1909.440000,    0.000000, -253.088379,    0.000000,    0.000000,    0.000000,    9.295805,119789.916138,    0.000000,    0.000000,    0.000000,    0.000000,    0.073000,   15.734226,    7.103311,   15.734226,  267.710030,  -60.213471,   -9.406154, -140.579627,    0.000000,    0.000000,    0.016656,    0.403314,    0.508250,   10.624605,    0.085115,    0.001689,    0.001721,    0.000000
2018-04-22 24:00:00,321304.104071,    0.000000,    0.000000,    0.000000, 1797.120426, 1797.120000,    0.000000, -196.967841,    0.000000,    0.000000,    0.000000,    9.294160,119754.246512,    0.000000,    0.000000,    0.000000,    0.000000,    0.073000,   15.180317,    7.155221,   15.180317,  158.222080,  -46.874368,    2.882471, -103.134223,    0.000000,    0.000000,    0.017319,    0.418489,    0.517723,   11.781138,    0.056996,    0.001689,    0.001721,    0.000000
2018-04-23 24:00:00,321636.610603,    0.000000,    0.000000,    0.000000, 1745.280426, 1745.280000,    0.000000, -156.051207,  486.738282,    0.000000,    0.000000,    9.296921,119814.133119,    0.000000,    0.000000,    0.000000,    0.000000,    0.073000,   14.349529,    7.167500,   14.349529,   80.988238,  -37.141572,   -3.708291,  -72.586143,    0.000000,    0.000000,    0.034745,    0.797341,    0.714624,    3.638218,    0.085115,    0.001689,    0.001721,    0.000000
2018-04-24 24:00:00,322007.409316,    0.000000,    0.000000,    0.000000, 4121.280426, 4121.280000, 3950.060974,  -67.237535, 4273.160197,    0.000000,    0.000000,    9.300000,119880.916400,    0.000000,    0.000000,    0.000000,    0.000000,    0.073000,   13.588442,    7.177656,   13.588442,   37.874822,  -16.008920,   -6.593986,  -54.268575,    0.000000,    0.000000,    0.009844,    0.243242,    0.394707,   28.421289,    0.075924,    0.001689,    0.001721,    0.000000
2018-04-25 24:00:00,322007.409316,    0.000000,    0.000000,    0.000000, 7456.320426, 7456.320000, 1530.027953, -101.435758, 1584.967248,    0.000000,    0.000000,    9.300000,119880.916400,    0.000000,    0.000000,    0.000000,    0.000000,    0.073000,   14.034779,    7.184783,   14.034779,  128.428053,  -24.149086,    2.161383,  -62.243060,    0.000000,    0.000000,    0.021649,    0.516157,    0.574972,    8.107940,    0.054280,    0.001689,    0.001721,    0.000000
2018-04-26 24:00:00,322007.409316,    0.000000,    0.000000,    0.000000, 7231.680426, 7231.680000,  534.381270, -182.639107,  700.421411,    0.000000,    0.000000,    9.300000,119880.916400,    0.000000,    0.000000,    0.000000,    0.000000,    0.073000,   16.361192,    7.193409,   16.361192,  228.641085,  -43.446027,    2.366461,  -91.150904,    0.000000,    0.000000,    0.008474,    0.210140,    0.366868,   31.096839,    0.079412,    0.001689,    0.001721,    0.000000
2018-04-27 24:00:00,321964.486319,    0.000000,    0.000000,    0.000000, 6946.560426, 6946.560000,    0.000000, -134.092552,   91.361937,    0.000000,    0.000000,    9.299644,119873.185687,    0.000000,    0.000000,    0.000000,    0.000000,    0.073000,   16.531410,    7.204583,   16.531410,  171.021142,  -31.823656,   -5.512692,  -83.118805,    0.000000,    0.000000,    0.029728,    0.691776,    0.665638,    4.384652,    0.098209,    0.001689,    0.001721,    0.000000
2018-04-28 24:00:00,321567.215204,    0.000000,    0.000000,    0.000000, 6635.520426, 6635.520000,    0.000000, -395.324016,    0.000000,    0.000000,    0.000000,    9.296345,119801.634553,    0.000000,    0.000000,    0.000000,    0.000000,    0.073000,   16.080203,    7.212382,   16.080203,  249.742997,  -93.847948,    3.279550, -117.948884,    0.000000,    0.000000,    0.052284,    1.150720,    0.858500,    2.109879,    0.091612,    0.001689,    0.001721,    0.000000
2018-04-29 24:00:00,321002.821946,    0.000000,    0.000000,    0.000000, 6143.040426, 6143.040000,    0.000000, -561.222869,    0.000000,    0.000000,    0.000000,    9.291658,119699.983625,    0.000000,    0.000000,    0.000000,    0.000000,    0.073000,   14.940509,    7.221028,   14.940509,  282.543537, -133.628704,  -28.851076, -151.190700,    0.000000,    0.000000,    0.015599,    0.378939,    0.492652,   15.706349,    0.054280,    0.001689,    0.001721,    0.000000
2018-04-30 24:00:00,320561.053171,    0.000000,    0.000000,    0.000000, 5503.680426, 5503.680000,    0.000000, -438.953218,    0.000000,    0.000000,    0.000000,    9.287990,119620.418170,    0.000000,    0.000000,    0.000000,    0.000000,    0.073000,   15.321959,    7.227673,   15.321959,  281.040884, -104.594551,   -3.249412, -138.779643,    0.000000,    0.000000,    0.044285,    0.992134,    0.797151,    2.573205,    0.052173,    0.001689,    0.001721,    0.000000
2018-05-01 24:00:00,320231.410850,    0.000000,    0.000000,    0.000000, 4872.960426, 4872.960000,    0.000000, -327.350227,    0.000000,    0.000000,    0.000000,    9.285253,119561.047426,    0.000000,    0.000000,    0.000000,    0.000000,    0.073000,   17.342446,    7.237316,   17.342446,  277.593866,  -77.946321,    3.925646, -124.155675,    0.000000,    0.000000,    0.031422,    0.727603,    0.682657,    3.890284,    0.054280,    0.001689,    0.001721,    0.000000
2018-05-02 24:00:00,319941.689699,    0.000000,    0.000000,    0.000000, 4320.000426, 4320.000000,    0.000000, -287.572191,    0.000000,    0.000000,    0.000000,    9.282847,119508.866746,    0.000000,    0.000000,    0.000000,    0.000000,    0.068000,   18.632162,    7.247507,   18.632162,  267.852610,  -68.413593,   19.365066, -103.170852,    0.000000,    0.000000,    0.023272,    0.551973,    0.594586,    8.331466,    0.095881,    0.001689,    0.001721,    0.000000
2018-05-03 24:00:00,319709.804836,    0.000000,    0.000000,    0.000000, 3957.120426, 3957.120000,    0.000000, -230.074309,    0.000000,    0.000000,    0.000000,    9.280922,119467.102761,    0.000000,    0.000000,    0.000000,    0.000000,    0.068000,   20.150652,    7.258247,   20.150652,  253.247960,  -54.633159,   19.698458,  -90.503707,    0.000000,    0.000000,    0.017577,    0.424350,    0.521336,   16.643390,    0.057862,    0.001689,    0.001721,    0.000000
2018-05-04 24:00:00,319439.208167,    0.000000,    0.000000,    0.000000, 3585.600426, 3585.600000,    0.000000, -268.382115,    0.000000,    0.000000,    0.000000,    9.278675,119418.366526,    0.000000,    0.000000,    0.000000,    0.000000,    0.068000,   21.881761,    7.267582,   21.881761,  256.774274,  -63.608306,   12.663342,  -87.994792,    0.000000,    0.000000,    0.027445,    0.642788,    0.641637,    9.086970,    0.057862,    0.001689,    0.001721,    0.000000
2018-05-05 24:00:00,319271.934635,    0.000000,    0.000000,    0.000000, 3075.840426, 3075.840000,    0.000000, -165.849372,    0.000000,    0.000000,    0.000000,    9.277286,119388.239466,    0.000000,    0.000000,    0.000000,    0.000000,    0.068000,   20.960175,    7.278819,   20.960175,  110.289721,  -39.311357,   -0.492083,  -77.551517,    0.000000,    0.000000,    0.021348,    0.509354,    0.571170,   14.359960,    0.077489,    0.001689,    0.001721,    0.000000
2018-05-06 24:00:00,318966.177663,    0.000000,    0.000000,    0.000000, 2816.640426, 2816.640000,    0.000000, -303.047374,    0.000000,    0.000000,    0.000000,    9.274747,119333.170629,    0.000000,    0.000000,    0.000000,    0.000000,    0.068000,   20.643332,    7.290717,   20.643332,  212.050864,  -71.847190,  -11.952165, -101.294588,    0.000000,    0.000000,    0.028851,    0.672924,    0.656505,    9.126807,    0.053373,    0.001689,    0.001721,    0.000000
2018-05-07 24:00:00,319101.531649,    0.000000,    0.000000,    0.000000, 2617.920426, 2617.920000,    0.000000, -290.213220,  424.258170,    0.000000,    0.000000,    9.275871,119357.548770,    0.000000,    0.000000,    0.000000,    0.000000,    0.068000,   20.102096,    7.303233,   20.102096,  191.484880,  -68.944532,  -13.869111, -102.106028,    0.000000,    0.000000,    0.007251,    0.180369,    0.339889,   87.351395,    0.053758,    0.001689,    0.001721,    0.000000
2018-05-08 24:00:00,318992.107924,    0.000000,    0.000000,    0.000000, 2704.320426, 2704.320000,    0.000000, -169.118212,   60.674719,    0.000000,    0.000000,    9.274962,119337.840839,    0.000000,    0.000000,    0.000000,    0.000000,    0.068000,   20.439469,    7.315999,   20.439469,  177.639734,  -40.105200,   -8.910788,  -87.540599,    0.000000,    0.000000,    0.023955,    0.566961,    0.602604,   12.948928,    0.057406,    0.001689,    0.001721,    0.000000
2018-05-09 24:00:00,318813.060506,    0.000000,    0.000000,    0.000000, 2419.200426, 2419.200000,    0.000000, -177.401817,    0.000000,    0.000000,    0.000000,    9.273475,119305.593225,    0.000000,    0.000000,    0.000000,    0.000000,    0.068000,   21.818571,    7.327652,   21.818571,  258.681788,  -42.080496,   -3.890540, -117.802511,    0.000000,    0.000000,    0.007855,    0.195098,    0.353494,   83.460066,    0.054043,    0.001689,    0.001721,    0.000000
2018-05-10 24:00:00,318671.321524,    0.000000,    0.000000,    0.000000, 2246.400426, 2246.400000,    0.000000, -200.991416,   60.587194,    0.000000,    0.000000,    9.272298,119280.065105,    0.000000,    0.000000,    0.000000,    0.000000,    0.068000,   21.909139,    7.343084,   21.909139,  189.991131,  -47.644988,    0.803746, -101.536627,    0.000000,    0.000000,    0.023401,    0.554769,    0.596089,   14.995776,    0.053518,    0.001689,    0.001721,    0.000000
2018-05-11 24:00:00,318474.883589,    0.000000,    0.000000,    0.000000, 2160.000426, 2160.000000,    0.000000, -194.535742,    0.000000,    0.000000,    0.000000,    9.270667,119244.685344,    0.000000,    0.000000,    0.000000,    0.000000,    0.068000,   23.330309,    7.353398,   23.330309,  246.301792,  -46.091665,   -0.351777, -105.311551,    0.000000,    0.000000,    0.034711,    0.796448,    0.714223,    8.141303,    0.070838,    0.001689,    0.001721,    0.000000
2018-05-12 24:00:00,318185.669613,    0.000000,    0.000000,    0.000000, 2064.960426, 2064.960000,    0.000000, -286.309174,    0.000000,    0.000000,    0.000000,    9.268266,119192.596010,    0.000000,    0.000000,    0.000000,    0.000000,    0.068000,   24.241790,    7.368621,   24.241790,  259.174804,  -67.761201,    6.980865, -102.831774,    0.000000,    0.000000,    0.032261,    0.745171,    0.690849,   10.132398,    0.053061,    0.001689,    0.001721,    0.000000
2018-05-13 24:00:00,317864.929597,    0.000000,    0.000000,    0.000000, 1883.520426, 1883.520000,    0.000000, -317.372586,    0.000000,    0.000000,    0.000000,    9.265602,119134.828629,    0.000000,    0.000000,    0.000000,    0.000000,    0.068000,   25.067298,    7.384670,   25.067298,  266.046667,  -75.064729,    3.691519, -105.005112,    0.000000,    0.000000,    0.040250,    0.910367,    0.763596,    7.539434,    0.070593,    0.001689,    0.001721,    0.000000
2018-05-14 24:00:00,317582.788336,    0.000000,    0.000000,    0.000000, 1736.640426, 1736.640000,    0.000000, -279.051806,    0.000000,    0.000000,    0.000000,    9.263260,119084.013137,    0.000000,    0.000000,    0.000000,    0.000000,    0.068000,   25.913189,    7.400599,   25.913189,  243.679739,  -66.020613,    4.062210,  -98.745164,    0.000000,    0.000000,    0.016504,    0.399768,    0.506011,   35.952773,    0.069659,    0.001689,    0.001721,    0.000000
2018-05-15 24:00:00,319534.874092,    0.000000,    0.000000,    0.000000, 1797.120426, 1797.120000,    0.000000, -156.973522, 2088.493918,    0.000000,    0.000000,    9.279469,119435.596587,    0.000000,    0.000000,    0.000000,    0.000000,    0.068000,   25.251756,    7.416839,   25.251756,  153.077060,  -37.003710,   -6.679735,  -98.229428,    0.000000,    0.000000,    0.020670,    0.494212,    0.562616,   24.855942,    0.069000,    0.001689,    0.001721,    0.000000
2018-05-16 24:00:00,322007.409316,    0.000000,    0.000000,    0.000000, 3551.040426, 3551.040000, 2779.782125, -113.502335, 5257.561711,    0.000000,    0.000000,    9.300000,119880.916400,    0.000000,    0.000000,    0.000000,    0.000000,    0.068000,   24.299293,    7.432776,   24.299293,   93.832383,  -26.686614,   -9.422598,  -74.360746,    0.000000,    0.000000,    0.021111,    0.504196,    0.568271,   25.080310,    0.070838,    0.001689,    0.001721,    0.000000
2018-05-17 24:00:00,322007.409316,    0.000000,    0.000000,    0.000000, 9123.840426, 9123.840000, 9173.948959, -126.288844, 9063.997750,    0.000000,    0.000000,    9.300000,119880.916400,    0.000000,    0.000000,    0.000000,    0.000000,    0.068000,   23.653696,    7.449751,   23.653696,  109.421304,  -29.716230,   -9.973392,  -64.980417,    0.000000,    0.000000,    0.014203,    0.346622,    0.471177,   46.609120,    0.070838,    0.001689,    0.001721,    0.000000
2018-05-18 24:00:00,322007.409316,    0.000000,    0.000000,    0.000000,11767.680426,11767.680000, 4485.849045, -130.643330, 4488.389657,    0.000000,    0.000000,    9.300000,119880.916400,    0.000000,    0.000000,    0.000000,    0.000000,    0.068000,   22.085747,    7.467733,   22.085747,   53.693984,  -30.786145,  -11.785090,  -65.382558,    0.000000,    0.000000,    0.012504,    0.306668,    0.443190,   51.540539,    0.055665,    0.001689,    0.001721,    0.000000
2018-05-19 24:00:00,322007.409316,    0.000000,    0.000000,    0.000000,11041.920426,11041.920000, 1140.568037,  -82.746837, 1188.412692,    0.000000,    0.000000,    9.300000,119880.916400,    0.000000,    0.000000,    0.000000,    0.000000,    0.068000,   22.164957,    7.486854,   22.164957,  120.075135,  -19.521737,   -7.641883,  -62.982309,    0.000000,    0.000000,    0.014170,    0.345775,    0.470600,   39.719676,    0.053315,    0.001689,    0.001721,    0.000000
2018-05-20 24:00:00,321895.100457,    0.000000,    0.000000,    0.000000, 8588.160426, 8588.160000,    0.000000, -111.788689,    0.000000,    0.000000,    0.000000,    9.299067,119860.688838,    0.000000,    0.000000,    0.000000,    0.000000,    0.068000,   24.120148,    7.507150,   24.120148,  252.660780,  -26.311800,   -0.198987,  -85.248321,    0.000000,    0.000000,    0.030582,    0.709899,    0.674301,   10.943002,    0.052144,    0.001689,    0.001721,    0.000000
2018-05-21 24:00:00,321896.335991,    0.000000,    0.000000,    0.000000, 7871.040426, 7871.040000,    0.000000, -144.844510,  146.069204,    0.000000,    0.000000,    9.299078,119860.911366,    0.000000,    0.000000,    0.000000,    0.000000,    0.068000,   24.155448,    7.528640,   24.155448,  187.527881,  -34.105905,   -5.760960,  -91.615933,    0.000000,    0.000000,    0.002876,    0.073046,    0.216299,  457.860050,    0.052912,    0.001689,    0.001721,    0.000000
2018-05-22 24:00:00,322007.409316,    0.000000,    0.000000,    0.000000, 8035.200426, 8035.200000, 1967.928234, -144.995492, 2161.495576,    0.000000,    0.000000,    9.300000,119880.916400,    0.000000,    0.000000,    0.000000,    0.000000,    0.068000,   24.765385,    7.550782,   24.765385,  207.213089,  -34.073177,   -6.674889,  -82.858176,    0.000000,    0.000000,    0.018401,    0.443196,    0.532786,   30.400775,    0.070838,    0.001689,    0.001721,    0.000000
2018-05-23 24:00:00,321710.389712,    0.000000,    0.000000,    0.000000, 7974.720426, 7974.720000,    0.000000, -326.074279,   30.469189,    0.000000,    0.000000,    9.297534,119827.421221,    0.000000,    0.000000,    0.000000,    0.000000,    0.068000,   24.548070,    7.574019,   24.548070,  258.545793,  -76.692647,   -2.885998, -105.302371,    0.000000,    0.000000,    0.020140,    0.482408,    0.555857,   26.451347,    0.070838,    0.001689,    0.001721,    0.000000
2018-05-24 24:00:00,321486.488272,    0.000000,    0.000000,    0.000000, 7577.280426, 7577.280000,    0.000000, -222.746720,    0.000000,    0.000000,    0.000000,    9.295674,119787.095103,    0.000000,    0.000000,    0.000000,    0.000000,    0.068000,   25.416101,    7.599128,   25.416101,  270.368722,  -52.380279,   -4.412921, -105.733565,    0.000000,    0.000000,    0.005123,    0.128251,    0.286607,  247.859118,    0.051110,    0.001689,    0.001721,    0.000000
2018-05-25 24:00:00,321330.666373,    0.000000,    0.000000,    0.000000, 7430.400426, 7430.400000,    0.000000, -154.973648,    0.000000,    0.000000,    0.000000,    9.294381,119759.030557,    0.000000,    0.000000,    0.000000,    0.000000,    0.068000,   25.995515,    7.623052,   25.995515,  225.033854,  -36.441430,   -1.432587, -104.373563,    0.000000,    0.000000,    0.008104,    0.201160,    0.358944,  127.374444,    0.070838,    0.001689,    0.001721,    0.000000
2018-05-26 24:00:00,322007.409316,    0.000000,    0.000000,    0.000000, 7482.240426, 7482.240000, 1457.340541, -106.929250, 2192.064235,    0.000000,    0.000000,    9.300000,119880.916400,    0.000000,    0.000000,    0.000000,    0.000000,    0.068000,   25.256638,    7.647760,   25.256638,  114.781218,  -25.118129,   -7.234540,  -75.459990,    0.000000,    0.000000,    0.010715,    0.264110,    0.411290,   86.648122,    0.070838,    0.001689,    0.001721,    0.000000
2018-05-27 24:00:00,322007.409316,    0.000000,    0.000000,    0.000000, 8009.280426, 8009.280000, 2843.783878, -107.504956, 2866.762470,    0.000000,    0.000000,    9.300000,119880.916400,    0.000000,    0.000000,    0.000000,    0.000000,    0.068000,   25.628785,    7.674514,   25.628785,  174.582002,  -25.238488,   -4.565241,  -71.708100,    0.000000,    0.000000,    0.007141,    0.177706,    0.337370,  168.655434,    0.070838,    0.001689,    0.001721,    0.000000
2018-05-28 24:00:00,321918.140364,    0.000000,    0.000000,    0.000000, 8242.560426, 8242.560000,    0.000000,  -88.857005,    0.000000,    0.000000,    0.000000,    9.299259,119864.838476,    0.000000,    0.000000,    0.000000,    0.000000,    0.068000,   25.183377,    7.701779,   25.183377,  104.173740,  -20.874084,   -5.139040,  -64.559603,    0.000000,    0.000000,    0.005825,    0.145493,    0.305264,  212.817349,    0.070838,    0.001689,    0.001721,    0.000000
2018-05-29 24:00:00,322007.409316,    0.000000,    0.000000,    0.000000, 7836.480426, 7836.480000,  395.306403,  -76.331611,  548.081322,    0.000000,    0.000000,    9.300000,119880.916400,    0.000000,    0.000000,    0.000000,    0.000000,    0.068000,   24.722373,    7.729956,   24.722373,   88.251714,  -17.943799,   -5.515435,  -56.036732,    0.000000,    0.000000,    0.010085,    0.248996,    0.399348,   95.327077,    0.070838,    0.001689,    0.001721,    0.000000
2018-05-30 24:00:00,322007.409316,    0.000000,    0.000000,    0.000000, 7715.520426, 7715.520000,  106.896109, -109.697061,  213.254476,    0.000000,    0.000000,    9.300000,119880.916400,    0.000000,    0.000000,    0.000000,    0.000000,    0.068000,   24.606005,    7.758912,   24.606005,  114.238171,  -25.794999,   -6.860987,  -49.169441,    0.000000,    0.000000,    0.030156,    0.700883,    0.670005,   15.749273,    0.070838,    0.001689,    0.001721,    0.000000
2018-05-31 24:00:00,322007.409316,    0.000000,    0.000000,    0.000000, 7784.640426, 7784.640000, 2047.682014, -117.355558, 2102.419666,    0.000000,    0.000000,    9.300000,119880.916400,    0.000000,    0.000000,    0.000000,    0.000000,    0.068000,   25.076427,    7.788764,   25.076427,  179.093590,  -27.584473,   -5.354381,  -69.276823,    0.000000,    0.000000,    0.026220,    0.616507,    0.628383,   20.535884,    0.070838,    0.001689,    0.001721,    0.000000
2018-06-01 24:00:00,321821.473945,    0.000000,    0.000000,    0.000000, 7845.120426, 7845.120000,    0.000000, -276.401678,   91.329779,    0.000000,    0.000000,    9.298456,119847.428220,    0.000000,    0.000000,    0.000000,    0.000000,    0.068000,   25.215178,    7.821180,   25.215178,  239.631144,  -64.999797,   -8.475023,  -93.953627,    0.000000,    0.000000,    0.040594,    0.917665,    0.766651,    9.671687,    0.070838,    0.001689,    0.001721,    0.000000
2018-06-02 24:00:00,322007.409316,    0.000000,    0.000000,    0.000000, 7646.400426, 7646.400000,  317.685450, -298.798693,  791.581236,    0.000000,    0.000000,    9.300000,119880.916400,    0.000000,    0.000000,    0.000000,    0.000000,    0.067000,   23.428477,    7.852995,   23.428477,  104.892131,  -70.297184,  -13.814143,  -81.833286,    0.000000,    0.000000,    0.012875,    0.315368,    0.449432,   66.284940,    0.070838,    0.001689,    0.001721,    0.000000
2018-06-03 24:00:00,321914.928129,    0.000000,    0.000000,    0.000000, 7473.600426, 7473.600000,    0.000000, -183.396954,   91.336289,    0.000000,    0.000000,    9.299232,119864.259932,    0.000000,    0.000000,    0.000000,    0.000000,    0.067000,   24.593231,    7.884462,   24.593231,  243.568756,  -43.165874,   -4.327401,  -87.702027,    0.000000,    0.000000,    0.016923,    0.409449,    0.512101,   41.073064,    0.067006,    0.001689,    0.001721,    0.000000
2018-06-04 24:00:00,321490.163102,    0.000000,    0.000000,    0.000000, 7292.160426, 7292.160000,    0.000000, -453.109834,   30.465098,    0.000000,    0.000000,    9.295705,119787.756964,    0.000000,    0.000000,    0.000000,    0.000000,    0.067000,   24.044677,    7.919799,   24.044677,  299.719762, -106.644170,  -10.983065, -134.517964,    0.000000,    0.000000,    0.045194,    1.010419,    0.804463,    8.255555,    0.070838,    0.001689,    0.001721,    0.000000
2018-06-05 24:00:00,321080.157112,    0.000000,    0.000000,    0.000000, 7223.040426, 7223.040000,    0.000000, -407.701161,    0.000000,    0.000000,    0.000000,    9.292300,119713.912195,    0.000000,    0.000000,    0.000000,    0.000000,    0.067000,   24.163861,    7.954412,   24.163861,  290.353697,  -96.088270,   -9.198179, -125.133758,    0.000000,    0.000000,    0.020951,    0.500545,    0.566209,   30.221371,    0.070838,    0.001689,    0.001721,    0.000000
2018-06-06 24:00:00,320625.391419,    0.000000,    0.000000,    0.000000, 7188.480426, 7188.480000,    0.000000, -451.916703,    0.000000,    0.000000,    0.000000,    9.288524,119632.005911,    0.000000,    0.000000,    0.000000,    0.000000,    0.067000,   23.702706,    7.988479,   23.702706,  269.856498, -106.547474,   -8.445221, -126.406859,    0.000000,    0.000000,    0.011591,    0.284981,    0.427231,   79.891919,    0.070838,    0.001689,    0.001721,    0.000000
2018-06-07 24:00:00,320472.443595,    0.000000,    0.000000,    0.000000, 7102.080426, 7102.080000,    0.000000, -151.918654,    0.000000,    0.000000,    0.000000,    9.287254,119604.459005,    0.000000,    0.000000,    0.000000,    0.000000,    0.067000,   24.993482,    8.024635,   24.993482,  280.781909,  -35.815891,   -3.970973, -116.853001,    0.000000,    0.000000,    0.015334,    0.372802,    0.488646,   51.675078,    0.070838,    0.001689,    0.001721,    0.000000
2018-06-08 24:00:00,320308.108562,    0.000000,    0.000000,    0.000000, 7145.280426, 7145.280000,    0.000000, -163.190293,    0.000000,    0.000000,    0.000000,    9.285890,119574.861187,    0.000000,    0.000000,    0.000000,    0.000000,    0.067000,   26.257867,    8.062548,   26.257867,  269.679728,  -38.428651,   -3.340127, -100.852712,    0.000000,    0.000000,    0.014159,    0.345470,    0.470393,   60.885049,    0.070838,    0.001689,    0.001721,    0.000000
2018-06-09 24:00:00,320081.280581,    0.000000,    0.000000,    0.000000, 7110.720426, 7110.720000,    0.000000, -225.181960,    0.000000,    0.000000,    0.000000,    9.284006,119534.007980,    0.000000,    0.000000,    0.000000,    0.000000,    0.067000,   26.704310,    8.100044,   26.704310,  253.516177,  -52.982209,   -6.288731,  -95.694002,    0.000000,    0.000000,    0.018648,    0.448717,    0.536095,   41.517640,    0.070838,    0.001689,    0.001721,    0.000000
2018-06-10 24:00:00,321690.295753,    0.000000,    0.000000,    0.000000, 5140.800426, 5140.800000,    0.000000, -194.594622, 1792.470361,    0.000000,    0.000000,    9.297367,119823.802167,    0.000000,    0.000000,    0.000000,    0.000000,    0.067000,   26.410687,    8.136922,   26.410687,  201.095179,  -45.657732,   -9.627789, -100.700268,    0.000000,    0.000000,    0.013387,    0.327424,    0.457943,   74.226026,    0.070838,    0.001689,    0.001721,    0.000000
2018-06-11 24:00:00,321699.680069,    0.000000,    0.000000,    0.000000,  959.040426,  959.040000,    0.000000, -295.048149,  304.350888,    0.000000,    0.000000,    9.297445,119825.492344,    0.000000,    0.000000,    0.000000,    0.000000,    0.067000,   24.497329,    8.175460,   24.497329,   84.986168,  -69.345244,  -20.418224,  -81.616814,    0.000000,    0.000000,    0.019060,    0.458079,    0.541659,   38.598393,    0.075230,    0.001689,    0.001721,    0.000000
2018-06-12 24:00:00,321773.706949,    0.000000,    0.000000,    0.000000,  682.560426,  682.560000,    0.000000, -139.455521,  213.108940,    0.000000,    0.000000,    9.298059,119838.825071,    0.000000,    0.000000,    0.000000,    0.000000,    0.067000,   23.549547,    8.213288,   23.549547,   67.101447,  -32.831020,  -12.952849,  -73.292630,    0.000000,    0.000000,    0.013130,    0.321373,    0.453691,   65.822881,    0.075230,    0.001689,    0.001721,    0.000000
2018-06-13 24:00:00,321748.930363,    0.000000,    0.000000,    0.000000,  596.160426,  596.160000,    0.000000,  -85.572268,   60.915668,    0.000000,    0.000000,    9.297854,119834.362645,    0.000000,    0.000000,    0.000000,    0.000000,    0.067000,   24.433032,    8.253204,   24.433032,  177.666689,  -20.139805,   -3.007940,  -71.121270,    0.000000,    0.000000,    0.029017,    0.676600,    0.658296,   17.920411,    0.071125,    0.001689,    0.001721,    0.000000
2018-06-14 24:00:00,321420.576894,    0.000000,    0.000000,    0.000000,  673.920426,  673.920000,    0.000000, -326.655040,    0.000000,    0.000000,    0.000000,    9.295127,119775.224031,    0.000000,    0.000000,    0.000000,    0.000000,    0.067000,   24.543970,    8.296648,   24.543970,  244.942015,  -76.831592,   -3.077826,  -97.997031,    0.000000,    0.000000,    0.063683,    1.370332,    0.936846,    4.911574,    0.053453,    0.001689,    0.001721,    0.000000
2018-06-15 24:00:00,321108.322580,    0.000000,    0.000000,    0.000000, 1080.000426, 1080.000000,    0.000000, -310.488785,    0.000000,    0.000000,    0.000000,    9.292534,119718.984981,    0.000000,    0.000000,    0.000000,    0.000000,    0.067000,   25.111148,    8.337703,   25.111148,  286.362424,  -73.123794,   -8.059518, -123.644126,    0.000000,    0.000000,    0.025220,    0.594672,    0.617155,   24.020597,    0.066186,    0.001689,    0.001721,    0.000000
2018-06-16 24:00:00,320886.964677,    0.000000,    0.000000,    0.000000, 1339.200426, 1339.200000,    0.000000, -220.017374,    0.000000,    0.000000,    0.000000,    9.290696,119679.116971,    0.000000,    0.000000,    0.000000,    0.000000,    0.067000,   25.962034,    8.381994,   25.962034,  276.613783,  -51.763914,   -7.356039, -113.391624,    0.000000,    0.000000,    0.022316,    0.530894,    0.583122,   30.591643,    0.066186,    0.001689,    0.001721,    0.000000
2018-06-17 24:00:00,320648.578707,    0.000000,    0.000000,    0.000000, 1339.200426, 1339.200000,    0.000000, -236.860477,    0.000000,    0.000000,    0.000000,    9.288717,119636.182094,    0.000000,    0.000000,    0.000000,    0.000000,    0.067000,   26.823234,    8.425203,   26.823234,  263.178713,  -55.709252,   -1.700085,  -95.469738,    0.000000,    0.000000,    0.029432,    0.685413,    0.662570,   20.137866,    0.066186,    0.001689,    0.001721,    0.000000
2018-06-18 24:00:00,320443.631346,    0.000000,    0.000000,    0.000000, 6384.960426, 6384.960000,    0.000000, -203.567516,    0.000000,    0.000000,    0.000000,    9.287015,119599.269729,    0.000000,    0.000000,    0.000000,    0.000000,    0.067000,   27.565474,    8.469001,   27.565474,  261.791003,  -47.824029,   -2.551941,  -98.840908,    0.000000,    0.000000,    0.023276,    0.552067,    0.594636,   31.798449,    0.066186,    0.001689,    0.001721,    0.000000
2018-06-19 24:00:00,320127.958886,    0.000000,    0.000000,    0.000000, 7050.240426, 7050.240000,    0.000000, -313.425358,    0.000000,    0.000000,    0.000000,    9.284394,119542.415049,    0.000000,    0.000000,    0.000000,    0.000000,    0.067000,   28.365769,    8.512780,   28.365769,  270.838196,  -73.590790,    4.343239,  -87.311119,    0.000000,    0.000000,    0.008224,    0.204058,    0.361520,  182.048391,    0.066186,    0.001689,    0.001721,    0.000000
2018-06-20 24:00:00,319870.217270,    0.000000,    0.000000,    0.000000, 6739.200426, 6739.200000,    0.000000, -255.795991,    0.000000,    0.000000,    0.000000,    9.282254,119495.994093,    0.000000,    0.000000,    0.000000,    0.000000,    0.067000,   28.217630,    8.557662,   28.217630,  206.820833,  -60.070764,   -2.767614,  -91.041653,    0.000000,    0.000000,    0.018513,    0.445647,    0.534258,   49.958729,    0.066186,    0.001689,    0.001721,    0.000000
2018-06-21 24:00:00,321822.411842,    0.000000,    0.000000,    0.000000, 6402.240426, 6402.240000,    0.000000, -217.898856, 2155.958245,    0.000000,    0.000000,    9.298464,119847.597141,    0.000000,    0.000000,    0.000000,    0.000000,    0.067000,   27.769198,    8.602210,   27.769198,  161.186943,  -51.056956,   -5.592702,  -80.812581,    0.000000,    0.000000,    0.002346,    0.060061,    0.196133, 1120.999713,    0.066186,    0.001689,    0.001721,    0.000000
2018-06-22 24:00:00,322007.409316,    0.000000,    0.000000,    0.000000, 6419.520426, 6419.520000,  314.620769, -180.946346,  669.801925,    0.000000,    0.000000,    9.300000,119880.916400,    0.000000,    0.000000,    0.000000,    0.000000,    0.067000,   28.166244,    8.648657,   28.166244,  194.910388,  -42.344632,   -8.799199,  -71.382918,    0.000000,    0.000000,    0.014818,    0.360868,    0.480762,   76.432339,    0.066186,    0.001689,    0.001721,    0.000000
2018-06-23 24:00:00,321876.006425,    0.000000,    0.000000,    0.000000, 5054.400426, 5054.400000,    0.000000, -222.141598,   91.343418,    0.000000,    0.000000,    9.298909,119857.249877,    0.000000,    0.000000,    0.000000,    0.000000,    0.067000,   27.847483,    8.695134,   27.847483,  186.748680,  -52.020193,  -12.590871,  -92.035471,    0.000000,    0.000000,    0.019196,    0.461147,    0.543469,   47.587538,    0.066186,    0.001689,    0.001721,    0.000000
2018-06-24 24:00:00,321601.315423,    0.000000,    0.000000,    0.000000, 4000.320426, 4000.320000,    0.000000, -303.788380,   30.455674,    0.000000,    0.000000,    9.296628,119807.776226,    0.000000,    0.000000,    0.000000,    0.000000,    0.067000,   27.931859,    8.742338,   27.931859,  242.473143,  -71.189931,   -6.922979, -104.146174,    0.000000,    0.000000,    0.039120,    0.887574,    0.753976,   14.297453,    0.066186,    0.001689,    0.001721,    0.000000
2018-06-25 24:00:00,321391.116806,    0.000000,    0.000000,    0.000000, 3559.680426, 3559.680000,    0.000000, -209.082538,    0.000000,    0.000000,    0.000000,    9.294883,119769.918076,    0.000000,    0.000000,    0.000000,    0.000000,    0.067000,   26.458604,    8.789849,   26.458604,   86.652057,  -49.060958,  -12.167759,  -91.976216,    0.000000,    0.000000,    0.015863,    0.385063,    0.496617,   61.697681,    0.066186,    0.001689,    0.001721,    0.000000
2018-06-26 24:00:00,322007.409316,    0.000000,    0.000000,    0.000000, 3525.120426, 3525.120000,  808.827762, -155.916693, 1552.759362,    0.000000,    0.000000,    9.300000,119880.916400,    0.000000,    0.000000,    0.000000,    0.000000,    0.067000,   24.938738,    8.837437,   24.938738,   38.912084,  -36.616256,  -12.727921,  -79.781251,    0.000000,    0.000000,    0.005124,    0.128294,    0.286654,  339.505702,    0.051843,    0.001689,    0.001721,    0.000000
2018-06-27 24:00:00,321910.395629,    0.000000,    0.000000,    0.000000, 2980.800426, 2980.800000,    0.000000, -127.033697,   30.467718,    0.000000,    0.000000,    9.299194,119863.443599,    0.000000,    0.000000,    0.000000,    0.000000,    0.067000,   24.901317,    8.884923,   24.901317,  142.171039,  -29.866054,   -7.866741,  -80.111006,    0.000000,    0.000000,    0.007619,    0.189354,    0.348251,  178.212272,    0.075230,    0.001689,    0.001721,    0.000000
2018-06-28 24:00:00,321677.991854,    0.000000,    0.000000,    0.000000, 2436.480426, 2436.480000,    0.000000, -231.273541,    0.000000,    0.000000,    0.000000,    9.297265,119821.586154,    0.000000,    0.000000,    0.000000,    0.000000,    0.067000,   25.140621,    8.935195,   25.140621,  216.107024,  -54.369475,   -3.388875, -102.267997,    0.000000,    0.000000,    0.061199,    1.323074,    0.920550,    5.576236,    0.075230,    0.001689,    0.001721,    0.000000
2018-06-29 24:00:00,321480.530603,    0.000000,    0.000000,    0.000000, 1961.280426, 1961.280000,    0.000000, -196.437625,    0.000000,    0.000000,    0.000000,    9.295625,119786.022088,    0.000000,    0.000000,    0.000000,    0.000000,    0.067000,   25.652309,    8.985012,   25.652309,  240.444716,  -46.197916,   -5.539757, -111.326972,    0.000000,    0.000000,    0.022870,    0.543150,    0.589814,   30.130880,    0.075230,    0.001689,    0.001721,    0.000000
2018-06-30 24:00:00,321302.902223,    0.000000,    0.000000,    0.000000, 1632.960426, 1632.960000,    0.000000, -176.657060,    0.000000,    0.000000,    0.000000,    9.294150,119754.030051,    0.000000,    0.000000,    0.000000,    0.000000,    0.067000,   26.560864,    9.034598,   26.560864,  275.536493,  -41.504171,   -5.753935, -118.300322,    0.000000,    0.000000,    0.015075,    0.366826,    0.484714,   62.822256,    0.075230,    0.001689,    0.001721,    0.000000
2018-07-01 24:00:00,321149.793057,    0.000000,    0.000000,    0.000000, 1321.920426, 1321.920000,    0.000000, -152.234042,    0.000000,    0.000000,    0.000000,    9.292879,119726.454086,    0.000000,    0.000000,    0.000000,    0.000000,    0.067000,   27.586421,    9.085534,   27.586421,  255.843642,  -35.754833,   -2.940220, -103.411923,    0.000000,    0.000000,    0.013127,    0.321311,    0.453647,   81.551357,    0.075230,    0.001689,    0.001721,    0.000000
2018-07-02 24:00:00,321023.852706,    0.000000,    0.000000,    0.000000,  993.600426,  993.600000,    0.000000, -125.194192,    0.000000,    0.000000,    0.000000,    9.291833,119703.771402,    0.000000,    0.000000,    0.000000,    0.000000,    0.068000,   27.237638,    9.136894,   27.237638,  161.695131,  -29.378402,   -4.116246,  -91.944852,    0.000000,    0.000000,    0.031573,    0.730824,    0.684167,   19.792421,    0.075230,    0.001689,    0.001721,    0.000000
2018-07-03 24:00:00,320862.737362,    0.000000,    0.000000,    0.000000,  760.320426,  760.320000,    0.000000, -160.126283,    0.000000,    0.000000,    0.000000,    9.290495,119674.753472,    0.000000,    0.000000,    0.000000,    0.000000,    0.068000,   28.275594,    9.186511,   28.275594,  245.210538,  -37.566419,   -2.552370,  -96.633754,    0.000000,    0.000000,    0.023279,    0.552145,    0.594678,   33.709882,    0.075230,    0.001689,    0.001721,    0.000000
2018-07-04 24:00:00,320707.830691,    0.000000,    0.000000,    0.000000,  527.040426,  527.040000,    0.000000, -153.919176,    0.000000,    0.000000,    0.000000,    9.289209,119646.853765,    0.000000,    0.000000,    0.000000,    0.000000,    0.068000,   28.844908,    9.238455,   28.844908,  233.764220,  -36.066787,   -0.883878, -102.364169,    0.000000,    0.000000,    0.017449,    0.421448,    0.519550,   57.894112,    0.075230,    0.001689,    0.001721,    0.000000
2018-07-05 24:00:00,320540.954441,    0.000000,    0.000000,    0.000000,  276.480426,  276.480000,    0.000000, -165.772170,    0.000000,    0.000000,    0.000000,    9.287823,119616.798257,    0.000000,    0.000000,    0.000000,    0.000000,    0.068000,   29.330177,    9.289192,   29.330177,  231.849053,  -38.839249,   -4.129600, -100.281223,    0.000000,    0.000000,    0.016916,    0.409267,    0.511987,   63.604047,    0.075230,    0.001689,    0.001721,    0.000000
2018-07-06 24:00:00,320928.545060,    0.000000,    0.000000,    0.000000,  164.160426,  164.160000,    0.000000, -344.219878,  729.223534,    0.000000,    0.000000,    9.291042,119686.605870,    0.000000,    0.000000,    0.000000,    0.000000,    0.068000,   28.586875,    9.340952,   28.586875,  183.377002,  -80.656099,  -11.429069,  -87.762962,    0.000000,    0.000000,    0.011212,    0.275959,    0.420415,  123.937471,    0.075230,    0.001689,    0.001721,    0.000000
2018-07-07 24:00:00,320821.481364,    0.000000,    0.000000,    0.000000,  112.320426,  112.320000,    0.000000, -380.024053,  273.570891,    0.000000,    0.000000,    9.290153,119667.322996,    0.000000,    0.000000,    0.000000,    0.000000,    0.068000,   28.101201,    9.393171,   28.101201,  251.303058,  -89.116385,  -19.346722, -121.091881,    0.000000,    0.000000,    0.009830,    0.242883,    0.394416,  151.413736,    0.051177,    0.001689,    0.001721,    0.000000
2018-07-08 24:00:00,320437.528454,    0.000000,    0.000000,    0.000000,   34.560426,   34.560000,    0.000000, -381.417837,    0.000000,    0.000000,    0.000000,    9.286964,119598.170559,    0.000000,    0.000000,    0.000000,    0.000000,    0.068000,   27.807616,    9.447230,   27.807616,  302.563798,  -89.521867,  -18.794889, -160.069730,    0.000000,    0.000000,    0.025493,    0.600599,    0.620223,   31.136122,    0.051456,    0.001689,    0.001721,    0.000000
2018-07-09 24:00:00,320025.114403,    0.000000,    0.000000,    0.000000,   25.920426,   25.920000,    0.000000, -409.446286,    0.000000,    0.000000,    0.000000,    9.283540,119523.892083,    0.000000,    0.000000,    0.000000,    0.000000,    0.068000,   27.531491,    9.500155,   27.531491,  294.562769,  -96.229488,  -22.771844, -142.737847,    0.000000,    0.000000,    0.050286,    1.111355,    0.843688,    9.613186,    0.051435,    0.001689,    0.001721,    0.000000
2018-07-10 24:00:00,319683.669397,    0.000000,    0.000000,    0.000000,   34.560426,   34.560000,    0.000000, -338.794838,    0.000000,    0.000000,    0.000000,    9.280705,119462.395597,    0.000000,    0.000000,    0.000000,    0.000000,    0.068000,   27.777260,    9.553330,   27.777260,  279.126326,  -79.637329,   -8.212594, -120.566424,    0.000000,    0.000000,    0.037924,    0.862945,    0.743442,   15.818250,    0.051977,    0.001689,    0.001721,    0.000000
2018-07-11 24:00:00,319345.272052,    0.000000,    0.000000,    0.000000,   34.560426,   34.560000,    0.000000, -335.598578,    0.000000,    0.000000,    0.000000,    9.277895,119401.448016,    0.000000,    0.000000,    0.000000,    0.000000,    0.068000,   27.961029,    9.606567,   27.961029,  236.321525,  -78.928349,   -4.971219,  -95.238236,    0.000000,    0.000000,    0.006057,    0.151180,    0.311173,  317.491206,    0.052506,    0.001689,    0.001721,    0.000000
2018-07-12 24:00:00,319100.230489,    0.000000,    0.000000,    0.000000,    8.640426,    8.640000,    0.000000, -242.907245,    0.000000,    0.000000,    0.000000,    9.275860,119357.314423,    0.000000,    0.000000,    0.000000,    0.000000,    0.068000,   28.602464,    9.659820,   28.602464,  265.994939,  -57.098443,   -3.025909, -109.993744,    0.000000,    0.000000,    0.009701,    0.239766,    0.391877,  158.462712,    0.052641,    0.001689,    0.001721,    0.000000
2018-07-13 24:00:00,318876.607571,    0.000000,    0.000000,    0.000000,   17.280426,   17.280000,    0.000000, -221.596654,    0.000000,    0.000000,    0.000000,    9.274003,119317.038468,    0.000000,    0.000000,    0.000000,    0.000000,    0.068000,   28.938992,    9.713105,   28.938992,  245.253405,  -52.080699,   -4.933544, -115.573107,    0.000000,    0.000000,    0.004429,    0.111205,    0.266881,  537.672203,    0.052916,    0.001689,    0.001721,    0.000000
2018-07-14 24:00:00,318707.793707,    0.000000,    0.000000,    0.000000,   25.920426,   25.920000,    0.000000, -167.234367,    0.000000,    0.000000,    0.000000,    9.272601,119286.633984,    0.000000,    0.000000,    0.000000,    0.000000,    0.068000,   29.137423,    9.766079,   29.137423,  226.429852,  -39.307997,   -4.682060, -118.489080,    0.000000,    0.000000,    0.007370,    0.183291,    0.342631,  256.164933,    0.053341,    0.001689,    0.001721,    0.000000
2018-07-15 24:00:00,318427.076578,    0.000000,    0.000000,    0.000000,   34.560426,   34.560000,    0.000000, -277.997213,    0.000000,    0.000000,    0.000000,    9.270270,119236.074988,    0.000000,    0.000000,    0.000000,    0.000000,    0.068000,   28.718712,    9.819226,   28.718712,  195.996150,  -65.370640,  -11.750281, -103.345330,    0.000000,    0.000000,    0.015587,    0.378628,    0.492449,   76.389143,    0.053889,    0.001689,    0.001721,    0.000000
2018-07-16 24:00:00,318241.205556,    0.000000,    0.000000,    0.000000,   51.840426,   51.840000,    0.000000, -184.004788,    0.000000,    0.000000,    0.000000,    9.268727,119202.598397,    0.000000,    0.000000,    0.000000,    0.000000,    0.068000,   29.087895,    9.872092,   29.087895,  187.198692,  -43.289392,   -6.234674,  -87.990139,    0.000000,    0.000000,    0.006769,    0.168599,    0.328612,  286.563014,    0.054683,    0.001689,    0.001721,    0.000000
2018-07-17 24:00:00,317976.326797,    0.000000,    0.000000,    0.000000,   60.480426,   60.480000,    0.000000, -262.131013,    0.000000,    0.000000,    0.000000,    9.266527,119154.891995,    0.000000,    0.000000,    0.000000,    0.000000,    0.068000,   28.666154,    9.925392,   28.666154,  184.732621,  -61.674493,   -8.876003,  -94.294831,    0.000000,    0.000000,    0.052073,    1.146230,    0.856824,    9.940740,    0.055594,    0.001689,    0.001721,    0.000000
2018-07-18 24:00:00,317353.054509,    0.000000,    0.000000,    0.000000,   51.840426,   51.840000,    0.000000, -616.398352,    0.000000,    0.000000,    0.000000,    9.261352,119042.636568,    0.000000,    0.000000,    0.000000,    0.000000,    0.068000,   27.858413,    9.980165,   27.858413,  290.351902, -145.334012,  -21.952123, -131.236877,    0.000000,    0.000000,    0.023943,    0.566644,    0.602435,   35.650168,    0.072704,    0.001689,    0.001721,    0.000000
2018-07-19 24:00:00,317079.284935,    0.000000,    0.000000,    0.000000,   51.840426,   51.840000,    0.000000, -270.563517,    0.000000,    0.000000,    0.000000,    9.259079,118993.328871,    0.000000,    0.000000,    0.000000,    0.000000,    0.068000,   27.851969,   10.032499,   27.851969,  236.114702,  -63.853324,  -10.012862, -128.372560,    0.000000,    0.000000,    0.013241,    0.323929,    0.455492,   93.580976,    0.072463,    0.001689,    0.001721,    0.000000
2018-07-20 24:00:00,316824.610749,    0.000000,    0.000000,    0.000000,   43.200426,   43.200000,    0.000000, -251.591145,    0.000000,    0.000000,    0.000000,    9.256964,118947.460380,    0.000000,    0.000000,    0.000000,    0.000000,    0.068000,   27.713696,   10.086316,   27.713696,  185.923317,  -59.400903,   -6.808706,  -99.213499,    0.000000,    0.000000,    0.007246,    0.180256,    0.339782,  241.959768,    0.072319,    0.001689,    0.001721,    0.000000
2018-07-21 24:00:00,317722.215379,    0.000000,    0.000000,    0.000000,   43.200426,   43.200000,    0.000000, -201.055324, 1087.767475,    0.000000,    0.000000,    9.264417,119109.124862,    0.000000,    0.000000,    0.000000,    0.000000,    0.068000,   27.089231,   10.138581,   27.089231,  131.218170,  -47.425540,  -10.282326,  -89.898653,    0.000000,    0.000000,    0.028840,    0.672632,    0.656363,   24.523624,    0.072173,    0.001689,    0.001721,    0.000000
2018-07-22 24:00:00,318132.733330,    0.000000,    0.000000,    0.000000,   34.560426,   34.560000,    0.000000, -168.816155,  574.781042,    0.000000,    0.000000,    9.267826,119183.061838,    0.000000,    0.000000,    0.000000,    0.000000,    0.068000,   26.588648,   10.190738,   26.588648,  117.890697,  -39.819485,  -11.494600,  -85.452676,    0.000000,    0.000000,    0.005819,    0.145350,    0.305114,  313.680758,    0.072595,    0.001689,    0.001721,    0.000000
2018-07-23 24:00:00,319796.817080,    0.000000,    0.000000,    0.000000,  190.080426,  190.080000,    0.000000, -109.060255, 1756.674582,    0.000000,    0.000000,    9.281644,119482.774237,    0.000000,    0.000000,    0.000000,    0.000000,    0.068000,   26.364421,   10.243674,   26.364421,  102.513747,  -25.674705,   -7.553428,  -70.936025,    0.000000,    0.000000,    0.005587,    0.139650,    0.299072,  324.526899,    0.072469,    0.001689,    0.001721,    0.000000
2018-07-24 24:00:00,320861.779998,    0.000000,    0.000000,    0.000000,  345.600426,  345.600000,    0.000000,  -96.802991, 1154.031519,    0.000000,    0.000000,    9.290487,119674.581045,    0.000000,    0.000000,    0.000000,    0.000000,    0.068000,   26.272056,   10.296357,   26.272056,   99.640425,  -22.754057,   -6.980647,  -59.455642,    0.000000,    0.000000,    0.007617,    0.189299,    0.348200,  199.913357,    0.072838,    0.001689,    0.001721,    0.000000
2018-07-25 24:00:00,322007.409316,    0.000000,    0.000000,    0.000000,  544.320426,  544.320000, 1256.915499, -169.416717, 2526.079162,    0.000000,    0.000000,    9.300000,119880.916400,    0.000000,    0.000000,    0.000000,    0.000000,    0.068000,   25.923206,   10.347721,   25.923206,  120.728138,  -39.752803,  -11.592792,  -69.914494,    0.000000,    0.000000,    0.047619,    1.058911,    0.823541,    9.692422,    0.073043,    0.001689,    0.001721,    0.000000
2018-07-26 24:00:00,321742.999368,    0.000000,    0.000000,    0.000000,  172.800426,  172.800000,    0.000000, -263.156104,    0.000000,    0.000000,    0.000000,    9.297804,119833.294434,    0.000000,    0.000000,    0.000000,    0.000000,    0.068000,   26.756721,   10.401457,   26.756721,  249.848378,  -61.798162,  -11.374249, -100.308587,    0.000000,    0.000000,    0.033879,    0.779287,    0.706487,   16.669389,    0.072085,    0.001689,    0.001721,    0.000000
2018-07-27 24:00:00,321513.140372,    0.000000,    0.000000,    0.000000,  103.680426,  103.680000,    0.000000, -228.684047,    0.000000,    0.000000,    0.000000,    9.295896,119791.895321,    0.000000,    0.000000,    0.000000,    0.000000,    0.068000,   26.937294,   10.454320,   26.937294,  211.212671,  -53.656220,  -10.429373,  -95.067967,    0.000000,    0.000000,    0.040886,    0.923563,    0.769111,   12.489460,    0.071959,    0.001689,    0.001721,    0.000000
2018-07-28 24:00:00,321042.407093,    0.000000,    0.000000,    0.000000,   60.480426,   60.480000,    0.000000, -468.082923,    0.000000,    0.000000,    0.000000,    9.291987,119707.113169,    0.000000,    0.000000,    0.000000,    0.000000,    0.068000,   26.226024,   10.505296,   26.226024,  231.614366, -109.952381,  -15.246161, -111.632403,    0.000000,    0.000000,    0.042359,    0.953383,    0.781428,   11.653406,    0.071566,    0.001689,    0.001721,    0.000000
2018-07-29 24:00:00,320794.129676,    0.000000,    0.000000,    0.000000,   25.920426,   25.920000,    0.000000, -246.744615,    0.000000,    0.000000,    0.000000,    9.289925,119662.396778,    0.000000,    0.000000,    0.000000,    0.000000,    0.068000,   26.805501,   10.554594,   26.805501,  216.636534,  -58.017109,   -6.238322,  -96.195658,    0.000000,    0.000000,    0.011338,    0.278962,    0.422696,  103.906651,    0.071353,    0.001689,    0.001721,    0.000000
2018-07-30 24:00:00,320779.939149,    0.000000,    0.000000,    0.000000,   43.200426,   43.200000,    0.000000, -166.109271,  152.005315,    0.000000,    0.000000,    9.289808,119659.840971,    0.000000,    0.000000,    0.000000,    0.000000,    0.068000,   26.882020,   10.604153,   26.882020,  146.559499,  -39.011828,   -7.895299,  -74.423612,    0.000000,    0.000000,    0.008470,    0.210036,    0.366777,  166.610201,    0.071297,    0.001689,    0.001721,    0.000000
2018-07-31 24:00:00,321363.865176,    0.000000,    0.000000,    0.000000,   60.480426,   60.480000,    0.000000, -118.873662,  699.230380,    0.000000,    0.000000,    9.294656,119765.009879,    0.000000,    0.000000,    0.000000,    0.000000,    0.068000,   26.433691,   10.653931,   26.433691,   94.739348,  -27.916522,   -8.936050,  -65.651844,    0.000000,    0.000000,    0.015207,    0.369870,    0.486721,   64.937404,    0.071221,    0.001689,    0.001721,    0.000000
2018-08-01 24:00:00,322007.409316,    0.000000,    0.000000,    0.000000,  129.600426,  129.600000,  133.394406, -143.595616,  912.889692,    0.000000,    0.000000,    9.300000,119880.916400,    0.000000,    0.000000,    0.000000,    0.000000,    0.068000,   26.964638,   10.702286,   26.964638,  153.164753,  -33.687134,   -6.447308,  -65.338960,    0.000000,    0.000000,    0.015867,    0.385155,    0.496676,   62.162913,    0.071064,    0.001689,    0.001721,    0.000000
2018-08-02 24:00:00,322007.409316,    0.000000,    0.000000,    0.000000,  803.520426,  803.520000, 3991.576752, -183.417765, 4057.564835,    0.000000,    0.000000,    9.300000,119880.916400,    0.000000,    0.000000,    0.000000,    0.000000,    0.071000,   26.294357,   10.749271,   26.294357,  105.285406,  -43.023565,  -13.910002,  -64.450570,    0.000000,    0.000000,    0.021255,    0.507439,    0.570095,   37.721733,    0.053681,    0.001689,    0.001721,    0.000000
2018-08-03 24:00:00,322007.409316,    0.000000,    0.000000,    0.000000,  518.400426,  518.400000,  983.994922, -173.526274, 1127.331774,    0.000000,    0.000000,    9.300000,119880.916400,    0.000000,    0.000000,    0.000000,    0.000000,    0.071000,   25.472320,   10.796517,   25.472320,   69.773348,  -40.745725,  -14.591614,  -64.024233,    0.000000,    0.000000,    0.020419,    0.488694,    0.559466,   37.776424,    0.070286,    0.001689,    0.001721,    0.000000
2018-08-04 24:00:00,321852.488010,    0.000000,    0.000000,    0.000000,  250.560426,  250.560000,    0.000000, -154.198829,    0.000000,    0.000000,    0.000000,    9.298714,119853.014056,    0.000000,    0.000000,    0.000000,    0.000000,    0.071000,   27.479810,   10.844000,   27.479810,  253.610633,  -36.180292,   -6.320291,  -85.797136,    0.000000,    0.000000,    0.025644,    0.603923,    0.621937,   24.686308,    0.069555,    0.001689,    0.001721,    0.000000
2018-08-05 24:00:00,321639.562248,    0.000000,    0.000000,    0.000000,   95.040426,   95.040000,    0.000000, -211.874445,    0.000000,    0.000000,    0.000000,    9.296946,119814.664730,    0.000000,    0.000000,    0.000000,    0.000000,    0.071000,   28.095545,   10.889421,   28.095545,  242.488398,  -49.649057,   -8.581273, -106.399318,    0.000000,    0.000000,    0.023146,    0.549254,    0.593119,   31.052935,    0.056042,    0.001689,    0.001721,    0.000000
2018-08-06 24:00:00,321384.110258,    0.000000,    0.000000,    0.000000,   43.200426,   43.200000,    0.000000, -284.547619,   30.445520,    0.000000,    0.000000,    9.294824,119768.656151,    0.000000,    0.000000,    0.000000,    0.000000,    0.071000,   28.391613,   10.934436,   28.391613,  225.030347,  -66.671092,  -12.073302, -105.609292,    0.000000,    0.000000,    0.027040,    0.634133,    0.637303,   24.208904,    0.056042,    0.001689,    0.001721,    0.000000
2018-08-07 24:00:00,321078.074646,    0.000000,    0.000000,    0.000000,   34.560426,   34.560000,    0.000000, -304.289610,    0.000000,    0.000000,    0.000000,    9.292283,119713.537130,    0.000000,    0.000000,    0.000000,    0.000000,    0.071000,   28.269817,   10.979765,   28.269817,  209.742452,  -71.296737,   -9.730106, -101.900798,    0.000000,    0.000000,    0.022318,    0.530928,    0.583141,   34.539830,    0.056042,    0.001689,    0.001721,    0.000000
2018-08-08 24:00:00,320743.151402,    0.000000,    0.000000,    0.000000,   25.920426,   25.920000,    0.000000, -332.852330,    0.000000,    0.000000,    0.000000,    9.289502,119653.215256,    0.000000,    0.000000,    0.000000,    0.000000,    0.071000,   28.082312,   11.024961,   28.082312,  199.293500,  -78.059974,   -8.330033,  -96.850411,    0.000000,    0.000000,    0.048786,    1.081827,    0.832404,    9.217911,    0.056042,    0.001689,    0.001721,    0.000000
2018-08-09 24:00:00,320261.962326,    0.000000,    0.000000,    0.000000,   17.280426,   17.280000,    0.000000, -477.921914,    0.000000,    0.000000,    0.000000,    9.285507,119566.549947,    0.000000,    0.000000,    0.000000,    0.000000,    0.071000,   27.773269,   11.068508,   27.773269,  255.033609, -112.202452,  -14.909659, -111.185493,    0.000000,    0.000000,    0.044579,    0.998009,    0.799508,   10.850231,    0.060499,    0.001689,    0.001721,    0.000000
2018-08-10 24:00:00,319984.180734,    0.000000,    0.000000,    0.000000,    8.640426,    8.640000,    0.000000, -275.736693,    0.000000,    0.000000,    0.000000,    9.283200,119516.519660,    0.000000,    0.000000,    0.000000,    0.000000,    0.071000,   28.516846,   11.111948,   28.516846,  238.168902,  -64.802647,   -9.935444, -110.711376,    0.000000,    0.000000,    0.019454,    0.466938,    0.546871,   42.802232,    0.056303,    0.001689,    0.001721,    0.000000
2018-08-11 24:00:00,319987.831989,    0.000000,    0.000000,    0.000000,   17.280426,   17.280000,    0.000000, -239.297217,  242.907933,    0.000000,    0.000000,    9.283230,119517.177275,    0.000000,    0.000000,    0.000000,    0.000000,    0.071000,   28.528577,   11.154965,   28.528577,  181.926570,  -56.166312,  -12.886245,  -79.925375,    0.000000,    0.000000,    0.024794,    0.585350,    0.612298,   29.645569,    0.056303,    0.001689,    0.001721,    0.000000
2018-08-12 24:00:00,320047.077679,    0.000000,    0.000000,    0.000000,   25.920426,   25.920000,    0.000000, -214.399562,  273.162611,    0.000000,    0.000000,    9.283722,119527.847813,    0.000000,    0.000000,    0.000000,    0.000000,    0.071000,   27.483461,   11.197375,   27.483461,  120.814995,  -50.355789,  -14.865028,  -93.177849,    0.000000,    0.000000,    0.012481,    0.306073,    0.442759,   92.485423,    0.056701,    0.001689,    0.001721,    0.000000
2018-08-13 24:00:00,319913.485186,    0.000000,    0.000000,    0.000000,   25.920426,   25.920000,    0.000000, -314.738034,  182.130930,    0.000000,    0.000000,    9.282613,119503.786928,    0.000000,    0.000000,    0.000000,    0.000000,    0.071000,   26.858105,   11.240131,   26.858105,  187.753347,  -73.990299,  -17.943689, -117.593600,    0.000000,    0.000000,    0.021762,    0.518574,    0.576316,   35.695394,    0.057097,    0.001689,    0.001721,    0.000000
2018-08-14 24:00:00,319613.840188,    0.000000,    0.000000,    0.000000,   25.920426,   25.920000,    0.000000, -297.277941,    0.000000,    0.000000,    0.000000,    9.280125,119449.818899,    0.000000,    0.000000,    0.000000,    0.000000,    0.071000,   26.875549,   11.281186,   26.875549,  217.780542,  -69.941941,  -15.991567, -121.800528,    0.000000,    0.000000,    0.040861,    0.922933,    0.768848,   11.871518,    0.057076,    0.001689,    0.001721,    0.000000
2018-08-15 24:00:00,319328.085350,    0.000000,    0.000000,    0.000000,   25.920426,   25.920000,    0.000000, -283.372537,    0.000000,    0.000000,    0.000000,    9.277752,119398.352578,    0.000000,    0.000000,    0.000000,    0.000000,    0.071000,   26.944162,   11.324212,   26.944162,  213.958966,  -66.746804,  -13.030858, -115.796027,    0.000000,    0.000000,    0.025485,    0.600371,    0.620105,   25.893288,    0.057471,    0.001689,    0.001721,    0.000000
2018-08-16 24:00:00,319169.647094,    0.000000,    0.000000,    0.000000,   25.920426,   25.920000,    0.000000, -157.064102,    0.000000,    0.000000,    0.000000,    9.276436,119369.816809,    0.000000,    0.000000,    0.000000,    0.000000,    0.071000,   28.125267,   11.364775,   28.125267,  216.547940,  -36.965552,   -6.013973, -100.280646,    0.000000,    0.000000,    0.015853,    0.384790,    0.496440,   56.137590,    0.057864,    0.001689,    0.001721,    0.000000
2018-08-17 24:00:00,318972.389239,    0.000000,    0.000000,    0.000000,   34.560426,   34.560000,    0.000000, -195.495072,    0.000000,    0.000000,    0.000000,    9.274798,119334.289375,    0.000000,    0.000000,    0.000000,    0.000000,    0.071000,   28.893763,   11.404905,   28.893763,  215.214296,  -45.939131,   -4.041704, -100.025255,    0.000000,    0.000000,    0.012862,    0.315042,    0.449200,   80.676833,    0.057864,    0.001689,    0.001721,    0.000000
2018-08-18 24:00:00,321502.807482,    0.000000,    0.000000,    0.000000,   34.560426,   34.560000,    0.000000, -220.901084, 2730.214922,    0.000000,    0.000000,    9.295810,119790.034300,    0.000000,    0.000000,    0.000000,    0.000000,    0.071000,   26.885913,   11.444846,   26.885913,   81.396617,  -51.788399,  -12.619019,  -88.829830,    0.000000,    0.000000,    0.013645,    0.333468,    0.462149,   75.825477,    0.058367,    0.001689,    0.001721,    0.000000
2018-08-19 24:00:00,322007.409316,    0.000000,    0.000000,    0.000000,   34.560426,   34.560000,  749.764065, -141.548844, 1369.578670,    0.000000,    0.000000,    9.300000,119880.916400,    0.000000,    0.000000,    0.000000,    0.000000,    0.071000,   27.367931,   11.484232,   27.367931,  150.966743,  -33.188463,   -7.505256,  -79.802717,    0.000000,    0.000000,    0.023016,    0.546420,    0.591587,   31.899075,    0.058873,    0.001689,    0.001721,    0.000000
2018-08-20 24:00:00,322007.409316,    0.000000,    0.000000,    0.000000,    0.000426,    0.000000,    5.569609, -146.838005,  152.215780,    0.000000,    0.000000,    9.300000,119880.916400,    0.000000,    0.000000,    0.000000,    0.000000,    0.071000,   26.406425,   11.522869,   26.406425,   75.861967,  -34.437539,  -10.113810,  -69.418113,    0.000000,    0.000000,    0.008228,    0.204166,    0.361616,  171.348048,    0.058873,    0.001689,    0.001721,    0.000000
2018-08-21 24:00:00,322007.409316,    0.000000,    0.000000,    0.000000,  293.760426,  293.760000, 1412.779542,  -93.079895, 1462.472171,    0.000000,    0.000000,    9.300000,119880.916400,    0.000000,    0.000000,    0.000000,    0.000000,    0.071000,   26.204860,   11.560806,   26.204860,   81.822974,  -21.840284,   -5.762230,  -60.691671,    0.000000,    0.000000,    0.025098,    0.592100,    0.615819,   27.180963,    0.058678,    0.001689,    0.001721,    0.000000
2018-08-22 24:00:00,321591.230290,    0.000000,    0.000000,    0.000000,   86.400426,   86.400000,    0.000000, -414.162958,    0.000000,    0.000000,    0.000000,    9.296544,119805.959827,    0.000000,    0.000000,    0.000000,    0.000000,    0.071000,   25.697652,   11.598181,   25.697652,  197.486290,  -97.217837,  -15.188716, -104.891439,    0.000000,    0.000000,    0.083354,    1.735764,    1.054389,    3.242592,    0.058617,    0.001689,    0.001721,    0.000000
2018-08-23 24:00:00,321072.168269,    0.000000,    0.000000,    0.000000,   77.760426,   77.760000,    0.000000, -516.186288,    0.000000,    0.000000,    0.000000,    9.292234,119712.473352,    0.000000,    0.000000,    0.000000,    0.000000,    0.071000,   24.745229,   11.635107,   24.745229,  243.325887, -121.520240,  -27.017597, -144.596503,    0.000000,    0.000000,    0.020815,    0.497505,    0.564487,   32.295893,    0.074565,    0.001689,    0.001721,    0.000000
2018-08-24 24:00:00,320788.728748,    0.000000,    0.000000,    0.000000,   69.120426,   69.120000,    0.000000, -281.694691,    0.000000,    0.000000,    0.000000,    9.289881,119661.424035,    0.000000,    0.000000,    0.000000,    0.000000,    0.071000,   24.865041,   11.671262,   24.865041,  233.844652,  -66.343609,  -17.068306, -140.944889,    0.000000,    0.000000,    0.016918,    0.409300,    0.512008,   42.862582,    0.074375,    0.001689,    0.001721,    0.000000
2018-08-25 24:00:00,320634.663780,    0.000000,    0.000000,    0.000000,   60.480426,   60.480000,    0.000000, -153.065726,    0.000000,    0.000000,    0.000000,    9.288601,119633.675924,    0.000000,    0.000000,    0.000000,    0.000000,    0.071000,   25.550656,   11.706630,   25.550656,  209.310265,  -36.040636,   -7.368918, -118.235804,    0.000000,    0.000000,    0.007981,    0.198158,    0.356255,  140.593867,    0.074340,    0.001689,    0.001721,    0.000000
2018-08-26 24:00:00,320608.949629,    0.000000,    0.000000,    0.000000,   51.840426,   51.840000,    0.000000, -147.064350,  121.509014,    0.000000,    0.000000,    9.288388,119629.044637,    0.000000,    0.000000,    0.000000,    0.000000,    0.071000,   25.551222,   11.741382,   25.551222,  159.092554,  -34.640642,   -7.521325,  -95.527170,    0.000000,    0.000000,    0.029858,    0.694472,    0.666934,   16.653088,    0.075131,    0.001689,    0.001721,    0.000000
2018-08-27 24:00:00,320525.468837,    0.000000,    0.000000,    0.000000,   34.560426,   34.560000,    0.000000,  -82.921318,    0.000000,    0.000000,    0.000000,    9.287695,119614.009199,    0.000000,    0.000000,    0.000000,    0.000000,    0.071000,   26.568396,   11.775422,   26.568396,  182.809227,  -19.502148,   -0.471099,  -87.898593,    0.000000,    0.000000,    0.027313,    0.640002,    0.640245,   19.693047,    0.075652,    0.001689,    0.001721,    0.000000
2018-08-28 24:00:00,320359.093831,    0.000000,    0.000000,    0.000000,   25.920426,   25.920000,    0.000000, -165.228898,    0.000000,    0.000000,    0.000000,    9.286313,119584.043968,    0.000000,    0.000000,    0.000000,    0.000000,    0.071000,   27.208560,   11.808756,   27.208560,  196.232107,  -38.809955,   -6.063636,  -94.013323,    0.000000,    0.000000,    0.021902,    0.521689,    0.578045,   29.791498,    0.075652,    0.001689,    0.001721,    0.000000
2018-08-29 24:00:00,320194.329664,    0.000000,    0.000000,    0.000000,   17.280426,   17.280000,    0.000000, -163.588328,    0.000000,    0.000000,    0.000000,    9.284945,119554.368861,    0.000000,    0.000000,    0.000000,    0.000000,    0.071000,   28.019764,   11.840969,   28.019764,  207.415370,  -38.431249,   -4.412428, -100.333273,    0.000000,    0.000000,    0.020674,    0.494321,    0.562678,   33.700028,    0.075652,    0.001689,    0.001721,    0.000000
2018-08-30 24:00:00,321836.110826,    0.000000,    0.000000,    0.000000,    8.640426,    8.640000,    0.000000, -192.376273, 1823.649881,    0.000000,    0.000000,    9.298578,119850.064418,    0.000000,    0.000000,    0.000000,    0.000000,    0.071000,   27.771026,   11.873632,   27.771026,  163.056512,  -45.059070,   -7.129533,  -88.289761,    0.000000,    0.000000,    0.010459,    0.257968,    0.406479,  108.474902,    0.075652,    0.001689,    0.001721,    0.000000
2018-08-31 24:00:00,321663.813099,    0.000000,    0.000000,    0.000000,    0.000426,    0.000000,    0.000000, -171.447878,    0.000000,    0.000000,    0.000000,    9.297147,119819.032467,    0.000000,    0.000000,    0.000000,    0.000000,    0.071000,   27.743328,   11.904727,   27.743328,  172.549306,  -40.183235,  -10.928435,  -96.711969,    0.000000,    0.000000,    0.022734,    0.540146,    0.588181,   31.111116,    0.073649,    0.001689,    0.001721,    0.000000
2018-09-01 24:00:00,321566.695080,    0.000000,    0.000000,    0.000000,  120.960426,  120.960000,    0.000000, -187.926165,   91.300389,    0.000000,    0.000000,    9.296340,119801.540875,    0.000000,    0.000000,    0.000000,    0.000000,    0.071000,   27.264935,   11.935926,   27.264935,  147.551310,  -44.046128,  -10.343241,  -97.688056,    0.000000,    0.000000,    0.019464,    0.467182,    0.547014,   40.712032,    0.075281,    0.001689,    0.001721,    0.000000
2018-09-02 24:00:00,321409.319598,    0.000000,    0.000000,    0.000000,  250.560426,  250.560000,    0.000000, -156.537500,    0.000000,    0.000000,    0.000000,    9.295034,119773.196518,    0.000000,    0.000000,    0.000000,    0.000000,    0.080000,   28.017729,   11.965865,   28.017729,  197.811530,  -36.695352,   -8.298799, -102.707888,    0.000000,    0.000000,    0.022732,    0.540100,    0.588156,   30.553203,    0.075652,    0.001689,    0.001721,    0.000000
2018-09-03 24:00:00,321144.796476,    0.000000,    0.000000,    0.000000,  371.520426,  371.520000,    0.000000, -263.031891,    0.000000,    0.000000,    0.000000,    9.292837,119725.554169,    0.000000,    0.000000,    0.000000,    0.000000,    0.080000,   28.270643,   11.996279,   28.270643,  224.991409,  -61.623311,  -13.336226, -105.817273,    0.000000,    0.000000,    0.028729,    0.670408,    0.655277,   21.449806,    0.075652,    0.001689,    0.001721,    0.000000
2018-09-04 24:00:00,320886.014910,    0.000000,    0.000000,    0.000000,  492.480426,  492.480000,    0.000000, -257.221337,    0.000000,    0.000000,    0.000000,    9.290688,119678.945911,    0.000000,    0.000000,    0.000000,    0.000000,    0.080000,   27.821688,   12.025126,   27.821688,  171.491098,  -60.332763,  -13.994459,  -97.855791,    0.000000,    0.000000,    0.018787,    0.451876,    0.537979,   44.180033,    0.075652,    0.001689,    0.001721,    0.000000
2018-09-05 24:00:00,320664.222601,    0.000000,    0.000000,    0.000000,  613.440426,  613.440000,    0.000000, -220.375185,    0.000000,    0.000000,    0.000000,    9.288847,119638.999661,    0.000000,    0.000000,    0.000000,    0.000000,    0.080000,   28.327958,   12.053639,   28.327958,  210.709479,  -51.673377,   -9.851828, -101.606871,    0.000000,    0.000000,    0.019728,    0.473122,    0.550481,   40.863709,    0.075652,    0.001689,    0.001721,    0.000000
2018-09-06 24:00:00,320391.644955,    0.000000,    0.000000,    0.000000,  743.040426,  743.040000,    0.000000, -270.735473,    0.000000,    0.000000,    0.000000,    9.286583,119589.906639,    0.000000,    0.000000,    0.000000,    0.000000,    0.080000,   27.990289,   12.081779,   27.990289,  195.027552,  -63.534041,  -15.230808, -110.010407,    0.000000,    0.000000,    0.024797,    0.585430,    0.612341,   27.893850,    0.054306,    0.001689,    0.001721,    0.000000
2018-09-07 24:00:00,320097.231337,    0.000000,    0.000000,    0.000000,  864.000426,  864.000000,    0.000000, -292.299255,    0.000000,    0.000000,    0.000000,    9.284139,119536.880816,    0.000000,    0.000000,    0.000000,    0.000000,    0.080000,   27.566498,   12.108660,   27.566498,  183.689211,  -68.644688,  -15.387735, -103.635302,    0.000000,    0.000000,    0.020809,    0.497343,    0.564395,   37.278130,    0.075652,    0.001689,    0.001721,    0.000000
2018-09-08 24:00:00,322007.409316,    0.000000,    0.000000,    0.000000,  984.960426,  984.960000, 2398.583285, -220.033207, 4441.609276,    0.000000,    0.000000,    9.300000,119880.916400,    0.000000,    0.000000,    0.000000,    0.000000,    0.080000,   26.812347,   12.134764,   26.812347,  129.660688,  -51.563792,  -13.244406,  -83.994712,    0.000000,    0.000000,    0.008356,    0.207274,    0.364357,  163.880057,    0.064216,    0.001689,    0.001721,    0.000000
2018-09-09 24:00:00,322007.409316,    0.000000,    0.000000,    0.000000, 1114.560426, 1114.560000, 3926.002798, -247.615871, 4059.723687,    0.000000,    0.000000,    9.300000,119880.916400,    0.000000,    0.000000,    0.000000,    0.000000,    0.080000,   24.963559,   12.160128,   24.963559,   45.402700,  -58.142254,  -24.082491,  -84.429182,    0.000000,    0.000000,    0.013662,    0.333919,    0.462462,   64.039448,    0.072009,    0.001689,    0.001721,    0.000000
2018-09-10 24:00:00,322007.409316,    0.000000,    0.000000,    0.000000,  440.640426,  440.640000, 1472.477798, -126.737747, 1553.933002,    0.000000,    0.000000,    9.300000,119880.916400,    0.000000,    0.000000,    0.000000,    0.000000,    0.080000,   24.134665,   12.184712,   24.134665,   56.901075,  -29.806364,  -12.412405,  -70.663629,    0.000000,    0.000000,    0.006063,    0.151342,    0.311341,  215.090540,    0.073803,    0.001689,    0.001721,    0.000000
2018-09-11 24:00:00,322007.409316,    0.000000,    0.000000,    0.000000,   77.760426,   77.760000,  204.299910,  -76.104222,  274.017459,    0.000000,    0.000000,    9.300000,119880.916400,    0.000000,    0.000000,    0.000000,    0.000000,    0.080000,   24.137636,   12.208532,   24.137636,   88.865715,  -17.906700,   -5.462651,  -61.025962,    0.000000,    0.000000,    0.014037,    0.342641,    0.468463,   56.714276,    0.073033,    0.001689,    0.001721,    0.000000
2018-09-12 24:00:00,322007.409316,    0.000000,    0.000000,    0.000000,  155.520426,  155.520000,  892.435400,  -79.544332,  944.351028,    0.000000,    0.000000,    9.300000,119880.916400,    0.000000,    0.000000,    0.000000,    0.000000,    0.080000,   24.399635,   12.231171,   24.399635,   97.916111,  -18.709001,   -4.934438,  -56.928282,    0.000000,    0.000000,    0.010462,    0.258048,    0.406542,   89.651145,    0.073230,    0.001689,    0.001721,    0.000000
2018-09-13 24:00:00,321871.630713,    0.000000,    0.000000,    0.000000,   51.840426,   51.840000,    0.000000, -165.614333,   30.466236,    0.000000,    0.000000,    9.298873,119856.461783,    0.000000,    0.000000,    0.000000,    0.000000,    0.080000,   24.820717,   12.253599,   24.820717,  160.310023,  -38.945368,   -4.738863,  -71.872154,    0.000000,    0.000000,    0.048351,    1.073317,    0.829124,    6.979287,    0.073203,    0.001689,    0.001721,    0.000000
2018-09-14 24:00:00,321910.965413,    0.000000,    0.000000,    0.000000,    8.640426,    8.640000,    0.000000, -234.855398,  273.995277,    0.000000,    0.000000,    9.299199,119863.546220,    0.000000,    0.000000,    0.000000,    0.000000,    0.080000,   24.014437,   12.276963,   24.014437,   74.910010,  -55.254666,  -11.057131,  -53.015736,    0.000000,    0.000000,    0.055038,    1.204435,    0.878309,    5.441383,    0.072754,    0.001689,    0.001721,    0.000000
2018-09-15 24:00:00,321912.392322,    0.000000,    0.000000,    0.000000,   17.280426,   17.280000,    0.000000, -272.627758,  274.039500,    0.000000,    0.000000,    9.299211,119863.803216,    0.000000,    0.000000,    0.000000,    0.000000,    0.080000,   23.297523,   12.299057,   23.297523,   78.834797,  -64.197318,  -10.839409,  -54.057878,    0.000000,    0.000000,    0.046548,    1.037486,    0.815167,    6.800940,    0.076016,    0.001689,    0.001721,    0.000000
2018-09-16 24:00:00,322007.409316,    0.000000,    0.000000,    0.000000,  535.680426,  535.680000, 3685.074582, -202.682073, 3875.081055,    0.000000,    0.000000,    9.300000,119880.916400,    0.000000,    0.000000,    0.000000,    0.000000,    0.080000,   22.368766,   12.319898,   22.368766,   35.898127,  -47.765668,  -12.797847,  -49.000091,    0.000000,    0.000000,    0.042123,    0.948948,    0.779609,    7.464848,    0.092710,    0.001689,    0.001721,    0.000000
2018-09-17 24:00:00,322007.409316,    0.000000,    0.000000,    0.000000, 3957.120426, 3957.120000, 3116.647706,  -56.330375, 3081.234308,    0.000000,    0.000000,    9.300000,119880.916400,    0.000000,    0.000000,    0.000000,    0.000000,    0.080000,   23.041588,   12.341626,   23.041588,   98.000143,  -13.276038,    0.872678,  -43.936782,    0.000000,    0.000000,    0.013659,    0.333837,    0.462405,   47.625909,    0.070541,    0.001689,    0.001721,    0.000000
2018-09-18 24:00:00,321785.155057,    0.000000,    0.000000,    0.000000,  656.640426,  656.640000,    0.000000, -221.206866,    0.000000,    0.000000,    0.000000,    9.298154,119840.886950,    0.000000,    0.000000,    0.000000,    0.000000,    0.080000,   22.617759,   12.361222,   22.617759,  117.217730,  -52.144808,    0.298429,  -72.237953,    0.000000,    0.000000,    0.040004,    0.905648,    0.761615,    8.072770,    0.079885,    0.001689,    0.001721,    0.000000
2018-09-19 24:00:00,321587.313208,    0.000000,    0.000000,    0.000000,  181.440426,  181.440000,    0.000000, -196.847185,    0.000000,    0.000000,    0.000000,    9.296512,119805.254335,    0.000000,    0.000000,    0.000000,    0.000000,    0.080000,   23.628741,   12.380104,   23.628741,  200.980871,  -46.410569,   -0.922391,  -95.812721,    0.000000,    0.000000,    0.017320,    0.418528,    0.517747,   31.306484,    0.079885,    0.001689,    0.001721,    0.000000
2018-09-20 24:00:00,321508.153623,    0.000000,    0.000000,    0.000000,   69.120426,   69.120000,    0.000000,  -78.745134,    0.000000,    0.000000,    0.000000,    9.295854,119790.997175,    0.000000,    0.000000,    0.000000,    0.000000,    0.080000,   24.545559,   12.398529,   24.545559,  164.588933,  -18.544571,   -1.175368,  -80.036228,    0.000000,    0.000000,    0.025362,    0.597786,    0.618769,   16.794372,    0.079885,    0.001689,    0.001721,    0.000000
2018-09-21 24:00:00,321416.977485,    0.000000,    0.000000,    0.000000,   25.920426,   25.920000,    0.000000,  -90.687145,    0.000000,    0.000000,    0.000000,    9.295097,119774.575754,    0.000000,    0.000000,    0.000000,    0.000000,    0.080000,   25.360556,   12.414768,   25.360556,  162.811780,  -21.332182,   -1.513947,  -75.663391,    0.000000,    0.000000,    0.012743,    0.312253,    0.447207,   56.239093,    0.079885,    0.001689,    0.001721,    0.000000
2018-09-22 24:00:00,322007.409316,    0.000000,    0.000000,    0.000000, 1019.520426, 1019.520000, 6993.011677, -158.984409, 7547.553048,    0.000000,    0.000000,    9.300000,119880.916400,    0.000000,    0.000000,    0.000000,    0.000000,    0.080000,   24.681346,   12.430571,   24.681346,  118.236261,  -37.369169,   -7.064940,  -77.209149,    0.000000,    0.000000,    0.016295,    0.395121,    0.503061,   41.209600,    0.078986,    0.001689,    0.001721,    0.000000
2018-09-23 24:00:00,322007.409316,    0.000000,    0.000000,    0.000000, 4942.080426, 4942.080000, 2655.611738, -137.883135, 2713.846079,    0.000000,    0.000000,    9.300000,119880.916400,    0.000000,    0.000000,    0.000000,    0.000000,    0.080000,   23.345552,   12.444818,   23.345552,   41.302680,  -32.451848,  -13.623746,  -69.438569,    0.000000,    0.000000,    0.017203,    0.415892,    0.516114,   35.410666,    0.070560,    0.001689,    0.001721,    0.000000
2018-09-24 24:00:00,321919.853754,    0.000000,    0.000000,    0.000000, 1028.160426, 1028.160000,    0.000000, -148.081080,   60.927839,    0.000000,    0.000000,    9.299273,119865.147069,    0.000000,    0.000000,    0.000000,    0.000000,    0.080000,   22.299995,   12.459005,   22.299995,   31.557352,  -34.902699,  -15.205186,  -66.303975,    0.000000,    0.000000,    0.007619,    0.189354,    0.348251,  114.798455,    0.070344,    0.001689,    0.001721,    0.000000
2018-09-25 24:00:00,322007.409316,    0.000000,    0.000000,    0.000000,  492.480426,  492.480000,   33.455813,  -32.731454,  152.286432,    0.000000,    0.000000,    9.300000,119880.916400,    0.000000,    0.000000,    0.000000,    0.000000,    0.080000,   22.339914,   12.471793,   22.339914,   75.165157,   -7.718924,   -2.313082,  -61.589181,    0.000000,    0.000000,    0.011850,    0.291142,    0.431825,   58.196528,    0.078238,    0.001689,    0.001721,    0.000000
2018-09-26 24:00:00,321977.973828,    0.000000,    0.000000,    0.000000,  345.600426,  345.600000,    0.000000,  -59.770298,   30.468309,    0.000000,    0.000000,    9.299756,119875.614876,    0.000000,    0.000000,    0.000000,    0.000000,    0.080000,   23.124854,   12.483692,   23.124854,  128.751613,  -14.084999,   -1.285671,  -73.741841,    0.000000,    0.000000,    0.014556,    0.354757,    0.476673,   38.539210,    0.077767,    0.001689,    0.001721,    0.000000
2018-09-27 24:00:00,322007.409316,    0.000000,    0.000000,    0.000000,  768.960426,  768.960000, 2308.768549, -139.824310, 2409.151136,    0.000000,    0.000000,    9.300000,119880.916400,    0.000000,    0.000000,    0.000000,    0.000000,    0.080000,   21.789742,   12.494172,   21.789742,   35.197132,  -32.970803,  -14.146980,  -65.447984,    0.000000,    0.000000,    0.001451,    0.038103,    0.156220, 1066.074449,    0.077682,    0.001689,    0.001721,    0.000000
2018-09-28 24:00:00,321968.988274,    0.000000,    0.000000,    0.000000, 1321.920426, 1321.920000,    0.000000, -220.990124,  182.725379,    0.000000,    0.000000,    9.299681,119873.996518,    0.000000,    0.000000,    0.000000,    0.000000,    0.080000,   21.870482,   12.505189,   21.870482,  182.731042,  -52.145311,  -12.747068,  -98.458482,    0.000000,    0.000000,    0.025226,    0.594847,    0.617246,   15.388635,    0.078007,    0.001689,    0.001721,    0.000000
2018-09-29 24:00:00,321724.576328,    0.000000,    0.000000,    0.000000,  984.960426,  984.960000,    0.000000, -243.242011,    0.000000,    0.000000,    0.000000,    9.297651,119829.976324,    0.000000,    0.000000,    0.000000,    0.000000,    0.080000,   21.572635,   12.514997,   21.572635,  162.186648,  -57.410454,  -14.682016, -110.963332,    0.000000,    0.000000,    0.024252,    0.573558,    0.606100,   15.603527,    0.086027,    0.001689,    0.001721,    0.000000
2018-09-30 24:00:00,321662.820810,    0.000000,    0.000000,    0.000000,  708.480426,  708.480000,    0.000000,  -61.445750,    0.000000,    0.000000,    0.000000,    9.297139,119818.853750,    0.000000,    0.000000,    0.000000,    0.000000,    0.080000,   21.337105,   12.523621,   21.337105,   70.060773,  -14.511515,   -5.327763,  -70.138958,    0.000000,    0.000000,    0.000759,    0.020863,    0.115597, 2033.951493,    0.084315,    0.001689,    0.001721,    0.000000
2018-10-01 24:00:00,321607.870283,    0.000000,    0.000000,    0.000000,  604.800426,  604.800000,    0.000000,  -54.670137,    0.000000,    0.000000,    0.000000,    9.296682,119808.956799,    0.000000,    0.000000,    0.000000,    0.000000,    0.080000,   22.609564,   12.530957,   22.609564,  165.798298,  -12.897408,    0.061206,  -84.879514,    0.000000,    0.000000,    0.011722,    0.288084,    0.429551,   46.444192,    0.078986,    0.001689,    0.001721,    0.000000
2018-10-02 24:00:00,321523.481414,    0.000000,    0.000000,    0.000000,  527.040426,  527.040000,    0.000000,  -83.949296,    0.000000,    0.000000,    0.000000,    9.295982,119793.757810,    0.000000,    0.000000,    0.000000,    0.000000,    0.103000,   22.378630,   12.537304,   22.378630,  119.233100,  -19.806512,   -3.797951,  -83.370692,    0.000000,    0.000000,    0.028732,    0.670496,    0.655320,   11.867727,    0.078986,    0.001689,    0.001721,    0.000000
2018-10-03 24:00:00,321411.313110,    0.000000,    0.000000,    0.000000,  449.280426,  449.280000,    0.000000, -111.567628,    0.000000,    0.000000,    0.000000,    9.295050,119773.555563,    0.000000,    0.000000,    0.000000,    0.000000,    0.103000,   22.709300,   12.542779,   22.709300,  140.384077,  -26.333049,   -2.274349,  -86.047665,    0.000000,    0.000000,    0.018790,    0.451954,    0.538025,   23.982435,    0.078986,    0.001689,    0.001721,    0.000000
2018-10-04 24:00:00,321254.939001,    0.000000,    0.000000,    0.000000,  345.600426,  345.600000,    0.000000, -155.505207,    0.000000,    0.000000,    0.000000,    9.293752,119745.391560,    0.000000,    0.000000,    0.000000,    0.000000,    0.103000,   23.544833,   12.548438,   23.544833,  176.828713,  -36.659962,   -1.113554,  -85.554280,    0.000000,    0.000000,    0.028306,    0.661355,    0.650838,   11.778279,    0.078986,    0.001689,    0.001721,    0.000000
2018-10-05 24:00:00,321155.192027,    0.000000,    0.000000,    0.000000,  224.640426,  224.640000,    0.000000,  -99.173726,    0.000000,    0.000000,    0.000000,    9.292924,119727.426476,    0.000000,    0.000000,    0.000000,    0.000000,    0.103000,   23.170796,   12.552034,   23.170796,   93.244014,  -23.392679,   -1.363646,  -65.219870,    0.000000,    0.000000,    0.015075,    0.366808,    0.484702,   37.688095,    0.078986,    0.001689,    0.001721,    0.000000
2018-10-06 24:00:00,321098.484041,    0.000000,    0.000000,    0.000000,  172.800426,  172.800000,    0.000000,  -56.375461,    0.000000,    0.000000,    0.000000,    9.292453,119717.212996,    0.000000,    0.000000,    0.000000,    0.000000,    0.103000,   22.864757,   12.554797,   22.864757,   54.018086,  -13.301997,   -3.876354,  -48.399817,    0.000000,    0.000000,    0.006535,    0.162884,    0.322994,  147.562040,    0.078986,    0.001689,    0.001721,    0.000000
2018-10-07 24:00:00,321054.392400,    0.000000,    0.000000,    0.000000,  155.520426,  155.520000,    0.000000,  -43.829859,    0.000000,    0.000000,    0.000000,    9.292087,119709.271802,    0.000000,    0.000000,    0.000000,    0.000000,    0.103000,   23.574010,   12.557492,   23.574010,  129.689146,  -10.335513,   -0.433152,  -77.546830,    0.000000,    0.000000,    0.011974,    0.294076,    0.433995,   55.241276,    0.078986,    0.001689,    0.001721,    0.000000
2018-10-08 24:00:00,320972.985724,    0.000000,    0.000000,    0.000000,   95.040426,   95.040000,    0.000000,  -80.915443,    0.000000,    0.000000,    0.000000,    9.291411,119694.609925,    0.000000,    0.000000,    0.000000,    0.000000,    0.103000,   23.842477,   12.558193,   23.842477,  125.855238,  -19.074225,   -1.394764,  -73.138926,    0.000000,    0.000000,    0.015467,    0.375898,    0.490671,   38.231582,    0.074263,    0.001689,    0.001721,    0.000000
2018-10-09 24:00:00,321513.513127,    0.000000,    0.000000,    0.000000,  120.960426,  120.960000,    0.000000, -101.253490,  638.577413,    0.000000,    0.000000,    9.295899,119791.962457,    0.000000,    0.000000,    0.000000,    0.000000,    0.103000,   23.452296,   12.558123,   23.452296,   75.322583,  -23.857878,   -6.083376,  -55.722471,    0.000000,    0.000000,    0.017320,    0.418518,    0.517741,   33.036559,    0.074187,    0.001689,    0.001721,    0.000000
2018-10-10 24:00:00,322007.409316,    0.000000,    0.000000,    0.000000,  345.600426,  345.600000,  721.983656,  -87.916598, 1279.090646,    0.000000,    0.000000,    9.300000,119880.916400,    0.000000,    0.000000,    0.000000,    0.000000,    0.103000,   22.717603,   12.553618,   22.717603,   19.378120,  -20.712544,   -8.101512,  -46.895831,    0.000000,    0.000000,    0.031589,    0.731257,    0.684369,   11.602541,    0.073907,    0.001689,    0.001721,    0.000000
2018-10-11 24:00:00,322007.409316,    0.000000,    0.000000,    0.000000, 9815.040426, 9815.040000, 9509.994958, -414.722015, 9680.327321,    0.000000,    0.000000,    9.300000,119880.916400,    0.000000,    0.000000,    0.000000,    0.000000,    0.103000,   20.577240,   12.546181,   20.577240,    9.752011,  -97.883475,  -25.440219,  -65.058347,    1.791266,    0.000000,    0.171386,    3.245947,    1.441870,    0.480659,    0.081800,    0.001689,    0.001721,    0.000000
2018-10-12 24:00:00,321070.276107,    0.000000,    0.000000,    0.000000, 8372.160426, 8372.160000,    0.000000, -932.246908,    0.000000,    0.000000,    0.000000,    9.292218,119712.132562,    0.000000,    0.000000,    0.000000,    0.000000,    0.103000,   17.849368,   12.536896,   17.849368,  172.018826, -221.009982,  -76.252740, -140.611314,    0.000000,    0.000000,    0.053647,    1.177297,    0.868357,    1.846736,    0.053690,    0.001689,    0.001721,    0.000000
2018-10-13 24:00:00,320740.862462,    0.000000,    0.000000,    0.000000, 6471.360426, 6471.360000,    0.000000, -357.800987,   30.425559,    0.000000,    0.000000,    9.289483,119652.803003,    0.000000,    0.000000,    0.000000,    0.000000,    0.103000,   17.196971,   12.526004,   17.196971,  159.279555,  -84.999395,  -34.401901, -113.662935,    0.000000,    0.000000,    0.011592,    0.284991,    0.427239,   19.412846,    0.059370,    0.001689,    0.001721,    0.000000
2018-10-14 24:00:00,320805.378792,    0.000000,    0.000000,    0.000000, 6168.960426, 6168.960000,    0.000000, -118.280585,  182.371543,    0.000000,    0.000000,    9.290019,119664.422818,    0.000000,    0.000000,    0.000000,    0.000000,    0.103000,   16.639351,   12.513673,   16.639351,   42.554590,  -28.120162,  -15.139530,  -74.250681,    0.000000,    0.000000,    0.014942,    0.363732,    0.482665,   10.637461,    0.059092,    0.001689,    0.001721,    0.000000
2018-10-15 24:00:00,320899.922782,    0.000000,    0.000000,    0.000000, 6626.880426, 6626.880000,    0.000000,  -27.616971,  121.555245,    0.000000,    0.000000,    9.290804,119681.450810,    0.000000,    0.000000,    0.000000,    0.000000,    0.103000,   17.517727,   12.501409,   17.517727,   93.704544,   -6.565108,    1.146318,  -52.181612,   81.650517,    0.000000,    0.023417,    0.555188,    0.596315,    4.248306,    0.053366,    0.001689,    0.001721,    0.000000
2018-10-16 24:00:00,320925.831373,    0.000000,    0.000000,    0.000000, 6851.520426, 6851.520000,    0.000000, -156.650646,  182.384039,    0.000000,    0.000000,    9.291019,119686.117118,    0.000000,    0.000000,    0.000000,    0.000000,    0.103000,   17.072002,   12.487456,   17.072002,   78.222439,  -37.235774,   -4.205645,  -58.605461,    0.000000,    0.000000,    0.002450,    0.062610,    0.200252,  143.406835,    0.053361,    0.001689,    0.001721,    0.000000
2018-10-17 24:00:00,320636.680622,    0.000000,    0.000000,    0.000000, 6108.480426, 6108.480000,    0.000000, -287.306631,    0.000000,    0.000000,    0.000000,    9.288618,119634.039170,    0.000000,    0.000000,    0.000000,    0.000000,    0.103000,   16.738933,   12.473438,   16.738933,  159.563652,  -68.305791,   -2.073079, -108.046367,    0.000000,    0.000000,    0.024660,    0.582446,    0.610778,    4.682597,    0.089500,    0.001689,    0.001721,    0.000000
2018-10-18 24:00:00,320219.784540,    0.000000,    0.000000,    0.000000, 5080.320426, 5080.320000,    0.000000, -414.019529,    0.000000,    0.000000,    0.000000,    9.285156,119558.953451,    0.000000,    0.000000,    0.000000,    0.000000,    0.103000,   15.764459,   12.458862,   15.764459,  159.898913,  -98.589619,  -37.553930, -140.659994,    0.000000,    0.000000,    0.025352,    0.597523,    0.618633,    2.951213,    0.089834,    0.001689,    0.001721,    0.000000
2018-10-19 24:00:00,320054.676231,    0.000000,    0.000000,    0.000000, 4026.240426, 4026.240000,    0.000000, -163.895713,    0.000000,    0.000000,    0.000000,    9.283785,119529.216362,    0.000000,    0.000000,    0.000000,    0.000000,    0.103000,   16.111783,   12.443552,   16.111783,  153.103740,  -39.057497,  -15.976706, -119.989156,    0.000000,    0.000000,    0.006772,    0.168682,    0.328692,   18.890668,    0.081418,    0.001689,    0.001721,    0.000000
2018-10-20 24:00:00,319928.136095,    0.000000,    0.000000,    0.000000, 3456.000426, 3456.000000,    0.000000, -216.704927,   91.120612,    0.000000,    0.000000,    9.282735,119506.425653,    0.000000,    0.000000,    0.000000,    0.000000,    0.103000,   15.267562,   12.429538,   15.267562,   71.847153,  -51.656418,   -3.374077,  -74.548970,    0.000000,    0.000000,    0.072450,    1.534860,    0.991493,    0.388349,    0.088018,    0.001689,    0.001721,    0.000000
2018-10-21 24:00:00,319482.288469,    0.000000,    0.000000,    0.000000, 2851.200426, 2851.200000,    0.000000, -442.288414,    0.000000,    0.000000,    0.000000,    9.279032,119426.125571,    0.000000,    0.000000,    0.000000,    0.000000,    0.103000,   14.180275,   12.141342,   14.180275,  157.137526, -105.613575,  -44.932347, -145.413342,    0.000000,    0.000000,    0.012352,    0.302997,    0.440529,    4.343842,    0.075867,    0.001689,    0.001721,    0.000000
2018-10-22 24:00:00,319277.333408,    0.000000,    0.000000,    0.000000, 2332.800426, 2332.800000,    0.000000, -203.217738,    0.000000,    0.000000,    0.000000,    9.277331,119389.211820,    0.000000,    0.000000,    0.000000,    0.000000,    0.103000,   13.822876,   11.799654,   13.822876,  143.330870,  -48.578426,  -23.366676, -136.856606,    0.000000,    0.000000,    0.017441,    0.421252,    0.519429,    2.401535,    0.072389,    0.001689,    0.001721,    0.000000
2018-10-23 24:00:00,318980.595707,    0.000000,    0.000000,    0.000000, 2125.440426, 2125.440000,    0.000000, -294.111811,    0.000000,    0.000000,    0.000000,    9.274867,119335.767414,    0.000000,    0.000000,    0.000000,    0.000000,    0.103000,   13.682770,   11.853091,   13.682770,  147.508365,  -70.353757,   -4.232714, -118.686934,    0.000000,    0.000000,    0.025761,    0.606358,    0.623189,    1.063565,    0.050509,    0.001689,    0.001721,    0.000000
2018-10-24 24:00:00,318644.538763,    0.000000,    0.000000,    0.000000, 1848.960426, 1848.960000,    0.000000, -332.924756,    0.000000,    0.000000,    0.000000,    9.272076,119275.241354,    0.000000,    0.000000,    0.000000,    0.000000,    0.103000,   12.922288,   11.587636,   12.922288,  149.228315,  -79.725139,  -23.160596, -133.359444,    0.000000,    0.000000,    0.022438,    0.533528,    0.584567,    0.720983,    0.051692,    0.001689,    0.001721,    0.000000
2018-10-25 24:00:00,318496.925797,    0.000000,    0.000000,    0.000000, 1650.240426, 1650.240000,    0.000000, -146.182880,    0.000000,    0.000000,    0.000000,    9.270850,119248.655290,    0.000000,    0.000000,    0.000000,    0.000000,    0.103000,   12.558252,   10.777072,   12.558252,  105.654050,  -35.035156,  -20.542530, -117.959143,    0.000000,    0.000000,    0.013117,    0.321046,    0.453460,    1.921826,    0.052204,    0.001689,    0.001721,    0.000000
2018-10-26 24:00:00,321778.804459,    0.000000,    0.000000,    0.000000, 2160.000426, 2160.000000,    0.000000,  -82.151229, 3338.844242,    0.000000,    0.000000,    9.298102,119839.743166,    0.000000,    0.000000,    0.000000,    0.000000,    0.103000,   12.038268,   10.473444,   12.038268,   16.350511,  -19.601541,  -14.650094,  -62.699372,    0.000000,    0.000000,    0.020684,    0.494581,    0.562826,    0.597752,    0.060206,    0.001689,    0.001721,    0.000000
2018-10-27 24:00:00,321674.289424,    0.000000,    0.000000,    0.000000, 2445.120426, 2445.120000,    0.000000, -134.455336,   30.458983,    0.000000,    0.000000,    9.297234,119820.919322,    0.000000,    0.000000,    0.000000,    0.000000,    0.103000,   11.971222,   10.630660,   11.971222,   65.192044,  -32.093309,  -13.645085,  -54.916661,    0.000000,    0.000000,    0.028875,    0.673557,    0.656814,    0.445044,    0.073199,    0.001689,    0.001721,    0.000000
2018-10-28 24:00:00,321930.728372,    0.000000,    0.000000,    0.000000, 2004.480426, 2004.480000,    0.000000, -140.562799,  395.717959,    0.000000,    0.000000,    9.299363,119867.105659,    0.000000,    0.000000,    0.000000,    0.000000,    0.103000,   12.038423,   10.771811,   12.038423,   86.756312,  -33.541056,   -4.380101,  -69.066553,    0.000000,    0.000000,    0.063693,    1.370591,    0.936935,    0.130987,    0.055905,    0.001689,    0.001721,    0.000000
2018-10-29 24:00:00,321706.631382,    0.000000,    0.000000,    0.000000, 1771.200426, 1771.200000,    0.000000, -223.014782,    0.000000,    0.000000,    0.000000,    9.297502,119826.744321,    0.000000,    0.000000,    0.000000,    0.000000,    0.103000,   11.891909,   10.848848,   11.891909,  121.852535,  -53.228055,   -2.872981, -105.983204,    0.000000,    0.000000,    0.022048,    0.524964,    0.579856,    0.560199,    0.086899,    0.001689,    0.001721,    0.000000
2018-10-30 24:00:00,321586.166473,    0.000000,    0.000000,    0.000000, 1598.400426, 1598.400000,    0.000000, -119.852004,    0.000000,    0.000000,    0.000000,    9.296502,119805.047801,    0.000000,    0.000000,    0.000000,    0.000000,    0.103000,   12.278852,   10.789913,   12.278852,  140.434970,  -28.615365,   -6.716457, -112.655617,    0.000000,    0.000000,    0.029441,    0.685637,    0.662678,    0.550481,    0.051942,    0.001689,    0.001721,    0.000000
2018-10-31 24:00:00,321535.719513,    0.000000,    0.000000,    0.000000, 1425.600426, 1425.600000,    0.000000,  -50.183992,    0.000000,    0.000000,    0.000000,    9.296083,119795.961972,    0.000000,    0.000000,    0.000000,    0.000000,    0.103000,   13.636677,   10.928100,   13.636677,  125.662144,  -11.974889,   12.199913,  -89.255332,    0.000000,    0.000000,    0.019598,    0.470218,    0.548789,    1.229274,    0.090093,    0.001689,    0.001721,    0.000000
2018-11-01 24:00:00,321715.189814,    0.000000,    0.000000,    0.000000, 1261.440426, 1261.440000,    0.000000,   -4.013556,  182.549181,    0.000000,    0.000000,    9.297574,119828.285751,    0.000000,    0.000000,    0.000000,    0.000000,    0.103000,   13.466627,   11.049260,   13.466627,   70.263288,   -0.956930,   26.274935,  -55.046695,    0.000000,    0.000000,    0.062910,    1.355679,    0.931824,    0.395749,    0.053332,    0.001689,    0.001721,    0.000000
2018-11-02 24:00:00,322007.409316,    0.000000,    0.000000,    0.000000, 1563.840426, 1563.840000, 1086.240972,  -57.595808, 1401.195253,    0.000000,    0.000000,    9.300000,119880.916400,    0.000000,    0.000000,    0.000000,    0.000000,    0.138000,   13.377806,   11.154788,   13.377806,   27.152106,  -13.718356,    9.868312,  -29.505411,    0.000000,    0.000000,    0.061692,    1.332650,    0.923876,    0.480864,    0.084669,    0.001689,    0.001721,    0.000000
2018-11-03 24:00:00,321751.887471,    0.000000,    0.000000,    0.000000, 1503.360426, 1503.360000,    0.000000, -254.311338,    0.000000,    0.000000,    0.000000,    9.297878,119834.895240,    0.000000,    0.000000,    0.000000,    0.000000,    0.138000,   12.679761,   11.049118,   12.679761,  126.741627,  -60.626686,  -20.376568, -120.105246,    0.000000,    0.000000,    0.031866,    0.737050,    0.687075,    1.022244,    0.052498,    0.001689,    0.001721,    0.000000
2018-11-04 24:00:00,321649.510104,    0.000000,    0.000000,    0.000000, 1244.160426, 1244.160000,    0.000000, -162.769387,   60.902862,    0.000000,    0.000000,    9.297028,119816.456404,    0.000000,    0.000000,    0.000000,    0.000000,    0.138000,   13.064977,   10.607931,   13.064977,  129.973898,  -38.826302,  -12.624174, -102.458679,    0.000000,    0.000000,    0.019464,    0.467195,    0.547021,    1.516165,    0.058596,    0.001689,    0.001721,    0.000000
2018-11-05 24:00:00,321749.474338,    0.000000,    0.000000,    0.000000, 1218.240426, 1218.240000,    0.000000,  -22.361340,  121.821149,    0.000000,    0.000000,    9.297858,119834.460618,    0.000000,    0.000000,    0.000000,    0.000000,    0.138000,   13.282599,   10.755125,   13.282599,   47.996424,   -5.332582,   -1.222855,  -36.736524,    0.000000,    0.000000,    0.017188,    0.415509,    0.515876,    2.265589,    0.058596,    0.001689,    0.001721,    0.000000
2018-11-06 24:00:00,322007.409316,    0.000000,    0.000000,    0.000000, 1321.920426, 1321.920000,  348.940115,  -14.249212,  609.018866,    0.000000,    0.000000,    9.300000,119880.916400,    0.000000,    0.000000,    0.000000,    0.000000,    0.138000,   12.854263,   10.883456,   12.854263,   25.992018,   -3.395873,    3.640611,  -54.478471,    0.000000,    0.000000,    0.033165,    0.764372,    0.699693,    0.964586,    0.058596,    0.001689,    0.001721,    0.000000
2018-11-07 24:00:00,321788.306308,    0.000000,    0.000000,    0.000000, 1252.800426, 1252.800000,    0.000000, -218.070906,    0.000000,    0.000000,    0.000000,    9.298181,119841.454511,    0.000000,    0.000000,    0.000000,    0.000000,    0.138000,   12.877683,   10.996367,   12.877683,  116.641108,  -51.994663,   12.778892,  -88.525491,    0.000000,    0.000000,    0.045946,    1.025482,    0.810437,    0.556766,    0.058596,    0.001689,    0.001721,    0.000000
2018-11-08 24:00:00,321648.629298,    0.000000,    0.000000,    0.000000, 1010.880426, 1010.880000,    0.000000, -138.981300,    0.000000,    0.000000,    0.000000,    9.297021,119816.297765,    0.000000,    0.000000,    0.000000,    0.000000,    0.138000,   12.962066,   11.092040,   12.962066,   81.021330,  -33.142631,    7.483236,  -71.849836,    0.000000,    0.000000,    0.014555,    0.354720,    0.476649,    3.242499,    0.058596,    0.001689,    0.001721,    0.000000
2018-11-09 24:00:00,322007.409316,    0.000000,    0.000000,    0.000000, 1028.160426, 1028.160000,   71.623841,  -91.132062,  517.534633,    0.000000,    0.000000,    9.300000,119880.916400,    0.000000,    0.000000,    0.000000,    0.000000,    0.138000,   12.405669,   10.550560,   12.405669,   18.300283,  -21.728606,  -10.418819,  -56.919539,    0.000000,    0.000000,    0.027749,    0.649431,    0.644944,    0.824333,    0.084817,    0.001689,    0.001721,    0.000000
2018-11-10 24:00:00,321610.918776,    0.000000,    0.000000,    0.000000,  959.040426,  959.040000,    0.000000, -394.572650,    0.000000,    0.000000,    0.000000,    9.296708,119809.505853,    0.000000,    0.000000,    0.000000,    0.000000,    0.138000,   11.274478,    8.415171,   11.274478,  131.621793,  -94.207129,  -49.288293, -147.244292,    0.000000,    0.000000,    0.028309,    0.661437,    0.650878,    0.202177,    0.089931,    0.001689,    0.001721,    0.000000
2018-11-11 24:00:00,321392.581394,    0.000000,    0.000000,    0.000000,  803.520426,  803.520000,    0.000000, -217.179552,    0.000000,    0.000000,    0.000000,    9.294895,119770.181858,    0.000000,    0.000000,    0.000000,    0.000000,    0.138000,   10.564888,    6.897441,   10.564888,  125.111928,  -51.923749,  -34.287663, -153.454473,    0.000000,    0.000000,    0.017585,    0.424583,    0.521479,    0.507801,    0.068813,    0.001689,    0.001721,    0.000000
2018-11-12 24:00:00,322007.409316,    0.000000,    0.000000,    0.000000, 1373.760426, 1373.760000, 2688.119905, -102.890968, 3323.041475,    0.000000,    0.000000,    9.300000,119880.916400,    0.000000,    0.000000,    0.000000,    0.000000,    0.138000,    9.930908,    7.025298,    9.930908,   22.005579,  -24.595034,  -18.121999,  -80.686152,    0.000000,    0.000000,    0.017469,    0.421985,    0.519881,    0.627342,    0.053980,    0.001689,    0.001721,    0.000000
2018-11-13 24:00:00,322007.409316,    0.000000,    0.000000,    0.000000, 2833.920426, 2833.920000,  139.982693, -108.023843,  243.634518,    0.000000,    0.000000,    9.300000,119880.916400,    0.000000,    0.000000,    0.000000,    0.000000,    0.138000,    9.639751,    7.608968,    9.639751,   24.445239,  -25.834086,   -8.266540,  -55.825469,    0.000000,    0.000000,    0.081116,    1.695026,    1.041942,    0.037374,    0.083120,    0.001689,    0.001721,    0.000000
2018-11-14 24:00:00,321862.829103,    0.000000,    0.000000,    0.000000, 2306.880426, 2306.880000,    0.000000, -174.369847,   30.461937,    0.000000,    0.000000,    9.298799,119854.876555,    0.000000,    0.000000,    0.000000,    0.000000,    0.138000,    9.101756,    8.026235,    9.101756,   40.362340,  -41.729558,  -19.751278,  -77.180139,    0.000000,    0.000000,    0.015866,    0.385121,    0.496654,    0.361838,    0.073052,    0.001689,    0.001721,    0.000000
2018-11-15 24:00:00,322007.409316,    0.000000,    0.000000,    0.000000, 5598.720426, 5598.720000, 3489.128153, -130.257937, 3660.189150,    0.000000,    0.000000,    9.300000,119880.916400,    0.000000,    0.000000,    0.000000,    0.000000,    0.138000,    8.455871,    7.580203,    8.455871,   15.775433,  -31.184132,  -28.970254,  -61.971807,    0.000000,    0.000000,    0.036968,    0.843631,    0.735075,    0.098743,    0.062344,    0.001689,    0.001721,    0.000000
2018-11-16 24:00:00,321821.921977,    0.000000,    0.000000,    0.000000, 6981.120426, 6981.120000,    0.000000, -184.618308,    0.000000,    0.000000,    0.000000,    9.298460,119847.508913,    0.000000,    0.000000,    0.000000,    0.000000,    0.138000,    8.303433,    7.993250,    8.303433,  123.714766,  -44.230113,  -23.002854, -114.170723,    0.000000,    0.000000,    0.032872,    0.758196,    0.696861,    0.105614,    0.067877,    0.001689,    0.001721,    0.000000
2018-11-17 24:00:00,321732.359169,    0.000000,    0.000000,    0.000000, 6177.600426, 6177.600000,    0.000000,  -89.124612,    0.000000,    0.000000,    0.000000,    9.297716,119831.378064,    0.000000,    0.000000,    0.000000,    0.000000,    0.138000,    8.381253,    7.931722,    8.381253,  113.904439,  -21.354371,   -7.976048, -113.071667,    0.000000,    0.000000,    0.020276,    0.485453,    0.557608,    0.285224,    0.057138,    0.001689,    0.001721,    0.000000
2018-11-18 24:00:00,321700.028239,    0.000000,    0.000000,    0.000000, 5745.600426, 5745.600000,    0.000000,  -32.170009,    0.000000,    0.000000,    0.000000,    9.297448,119825.555052,    0.000000,    0.000000,    0.000000,    0.000000,    0.138000,    8.565846,    8.020795,    8.565846,   99.420320,   -7.708785,   -1.517648, -103.978244,    0.000000,    0.000000,    0.023009,    0.546228,    0.591483,    0.238101,    0.054049,    0.001689,    0.001721,    0.000000
2018-11-19 24:00:00,321675.465053,    0.000000,    0.000000,    0.000000, 5607.360426, 5607.360000,    0.000000,  -24.439975,    0.000000,    0.000000,    0.000000,    9.297244,119821.131061,    0.000000,    0.000000,    0.000000,    0.000000,    0.138000,    9.109514,    8.176345,    9.109514,   92.747036,   -5.852324,   10.967976,  -80.444953,    0.000000,    0.000000,    0.018121,    0.436786,    0.528920,    0.541251,    0.098730,    0.001689,    0.001721,    0.000000
2018-11-20 24:00:00,321536.475555,    0.000000,    0.000000,    0.000000, 5166.720426, 5166.720000,    0.000000, -138.274087,    0.000000,    0.000000,    0.000000,    9.296090,119796.098140,    0.000000,    0.000000,    0.000000,    0.000000,    0.138000,    8.912351,    8.321070,    8.912351,  100.519034,  -33.108981,   -1.715047,  -73.654804,    0.000000,    0.000000,    0.021363,    0.509740,    0.571386,    0.568362,    0.094897,    0.001689,    0.001721,    0.000000
2018-11-21 24:00:00,321302.934966,    0.000000,    0.000000,    0.000000, 4440.960426, 4440.960000,    0.000000, -232.273663,    0.000000,    0.000000,    0.000000,    9.294150,119754.035948,    0.000000,    0.000000,    0.000000,    0.000000,    0.138000,    8.389296,    7.496245,    8.389296,  110.904145,  -55.676104,  -11.789851, -122.631363,    0.000000,    0.000000,    0.088684,    1.832274,    1.083305,    0.018201,    0.064444,    0.001689,    0.001721,    0.000000
2018-11-22 24:00:00,321139.318825,    0.000000,    0.000000,    0.000000, 3905.280426, 3905.280000,    0.000000, -162.679599,    0.000000,    0.000000,    0.000000,    9.292792,119724.567608,    0.000000,    0.000000,    0.000000,    0.000000,    0.138000,    8.114159,    7.329750,    8.114159,   84.404017,  -39.019041,  -10.255765,  -98.583871,    0.000000,    0.000000,    0.020408,    0.488397,    0.559296,    0.244637,    0.089278,    0.001689,    0.001721,    0.000000
2018-11-23 24:00:00,320950.499527,    0.000000,    0.000000,    0.000000, 3360.960426, 3360.960000,    0.000000, -187.688774,    0.000000,    0.000000,    0.000000,    9.291224,119690.560014,    0.000000,    0.000000,    0.000000,    0.000000,    0.138000,    7.522788,    6.138537,    7.522788,   46.551244,  -45.050090,  -34.024108,  -73.844009,    0.000000,    0.000000,    0.012998,    0.318263,    0.451490,    0.427251,    0.097248,    0.001689,    0.001721,    0.000000
2018-11-24 24:00:00,322007.409316,    0.000000,    0.000000,    0.000000, 4622.400426, 4622.400000, 2205.615970,  -69.272505, 3258.794041,    0.000000,    0.000000,    9.300000,119880.916400,    0.000000,    0.000000,    0.000000,    0.000000,    0.138000,    7.276952,    6.401444,    7.276952,   31.173897,  -16.607909,  -16.166522,  -54.798991,    0.000000,    0.000000,    0.032752,    0.755801,    0.695759,    0.074810,    0.053679,    0.001689,    0.001721,    0.000000
2018-11-25 24:00:00,321989.489380,    0.000000,    0.000000,    0.000000, 4933.440426, 4933.440000,    0.000000,  -17.838491,    0.000000,    0.000000,    0.000000,    9.299851,119877.688902,    0.000000,    0.000000,    0.000000,    0.000000,    0.138000,    8.101873,    7.197651,    8.101873,   95.134783,   -4.275716,   10.962170,  -78.873197,    0.000000,    0.000000,    0.041040,    0.926721,    0.770424,    0.101458,    0.050364,    0.001689,    0.001721,    0.000000
2018-11-26 24:00:00,321904.879894,    0.000000,    0.000000,    0.000000, 4492.800426, 4492.800000,    0.000000,  -84.217286,    0.000000,    0.000000,    0.000000,    9.299149,119862.450179,    0.000000,    0.000000,    0.000000,    0.000000,    0.138000,    7.880410,    7.392477,    7.880410,   55.037736,  -20.177547,    8.388157,  -54.694100,    0.000000,    0.000000,    0.038243,    0.869642,    0.746321,    0.143626,    0.052415,    0.001689,    0.001721,    0.000000
2018-11-27 24:00:00,321617.472316,    0.000000,    0.000000,    0.000000, 4268.160426, 4268.160000,    0.000000, -285.995589,    0.000000,    0.000000,    0.000000,    9.296762,119810.686188,    0.000000,    0.000000,    0.000000,    0.000000,    0.138000,    6.848416,    5.738794,    6.848416,   43.253730,  -68.607977,  -42.331217,  -89.863415,    0.000000,    0.000000,    0.038533,    0.875563,    0.748857,    0.056709,    0.065892,    0.001689,    0.001721,    0.000000
2018-11-28 24:00:00,321150.073766,    0.000000,    0.000000,    0.000000, 3896.640426, 3896.640000,    0.000000, -464.840622,    0.000000,    0.000000,    0.000000,    9.292881,119726.504644,    0.000000,    0.000000,    0.000000,    0.000000,    0.138000,    5.237829,    3.924703,    5.237827,  109.891427, -111.735137,  -90.473770, -145.568903,    0.000000,    0.000000,    0.066177,    1.417513,    0.952838,    0.006284,    0.069773,    0.001689,    0.001721,    0.000000
2018-11-29 24:00:00,321015.623104,    0.000000,    0.000000,    0.000000, 3533.760426, 3533.760000,    0.000000, -133.653461,    0.000000,    0.000000,    0.000000,    9.291765,119702.289197,    0.000000,    0.000000,    0.000000,    0.000000,    0.138000,    5.497009,    4.653167,    5.497009,   99.010695,  -32.164149,  -15.559080,  -79.059220,    0.000000,    0.000000,    0.014552,    0.354649,    0.476601,    0.222059,    0.059448,    0.001689,    0.001721,    0.000000
2018-11-30 24:00:00,321405.202210,    0.000000,    0.000000,    0.000000, 3343.680426, 3343.680000,    0.000000,   -8.041141,  395.358710,    0.000000,    0.000000,    9.295000,119772.454950,    0.000000,    0.000000,    0.000000,    0.000000,    0.138000,    6.252887,    5.118632,    6.252887,   39.348903,   -1.933247,   18.428987,  -23.237646,    0.000000,    0.000000,    0.021499,    0.512756,    0.573074,    0.237534,    0.062274,    0.001689,    0.001721,    0.000000
2018-12-01 24:00:00,321949.521345,    0.000000,    0.000000,    0.000000, 3265.920426, 3265.920000,    0.000000,   -6.364139,  547.906193,    0.000000,    0.000000,    9.299519,119870.490397,    0.000000,    0.000000,    0.000000,    0.000000,    0.138000,    6.199379,    5.347392,    6.199379,   10.132903,   -1.527711,    3.388405,  -30.043790,    0.000000,    0.000000,    0.008719,    0.216059,    0.371999,    1.079805,    0.086667,    0.001689,    0.001721,    0.000000
2018-12-02 24:00:00,322007.366781,    0.000000,    0.000000,    0.000000, 2998.080426, 2998.080000,    0.000000,   -3.357979,   60.935521,    0.000000,    0.000000,    9.300000,119880.908739,    0.000000,    0.000000,    0.000000,    0.000000,    0.161000,    6.900947,    5.564791,    6.900947,   43.398131,   -0.805557,   16.169980,  -22.383343,    0.000000,    0.000000,    0.025645,    0.603955,    0.621953,    0.369197,    0.082929,    0.001689,    0.001721,    0.000000
2018-12-03 24:00:00,321884.696013,    0.000000,    0.000000,    0.000000, 2972.160426, 2972.160000,    0.000000, -122.101604,    0.000000,    0.000000,    0.000000,    9.298981,119858.814929,    0.000000,    0.000000,    0.000000,    0.000000,    0.161000,    6.837415,    5.782212,    6.837415,   89.072259,  -29.289661,   19.585709,  -87.707206,    0.000000,    0.000000,    0.030297,    0.703851,    0.671422,    0.214567,    0.073771,    0.001689,    0.001721,    0.000000
2018-12-04 24:00:00,321789.683170,    0.000000,    0.000000,    0.000000, 2678.400426, 2678.400000,    0.000000, -125.016111,   30.458796,    0.000000,    0.000000,    9.298192,119841.702493,    0.000000,    0.000000,    0.000000,    0.000000,    0.161000,    6.333542,    5.811810,    6.333542,   27.481075,  -30.007516,   -7.393344,  -72.629864,    0.000000,    0.000000,    0.025364,    0.597844,    0.618799,    0.096186,    0.097157,    0.001689,    0.001721,    0.000000
2018-12-05 24:00:00,321650.489005,    0.000000,    0.000000,    0.000000, 2522.880426, 2522.880000,    0.000000, -138.501312,    0.000000,    0.000000,    0.000000,    9.297036,119816.632711,    0.000000,    0.000000,    0.000000,    0.000000,    0.161000,    5.884964,    5.119260,    5.884964,   43.250040,  -33.263473,  -16.835178,  -82.861605,    0.000000,    0.000000,    0.045794,    1.022440,    0.809235,    0.011782,    0.082759,    0.001689,    0.001721,    0.000000
2018-12-06 24:00:00,321508.520491,    0.000000,    0.000000,    0.000000, 2306.880426, 2306.880000,    0.000000, -141.231925,    0.000000,    0.000000,    0.000000,    9.295857,119791.063250,    0.000000,    0.000000,    0.000000,    0.000000,    0.161000,    5.511389,    4.404783,    5.511389,   87.329252,  -33.942713,  -16.344511, -116.236310,    0.000000,    0.000000,    0.034310,    0.788265,    0.710545,    0.015800,    0.052676,    0.001689,    0.001721,    0.000000
2018-12-07 24:00:00,321381.300418,    0.000000,    0.000000,    0.000000, 2160.000426, 2160.000000,    0.000000, -126.534401,    0.000000,    0.000000,    0.000000,    9.294801,119768.150080,    0.000000,    0.000000,    0.000000,    0.000000,    0.161000,    5.215179,    4.725798,    5.215179,   59.427785,  -30.423191,   -9.634325,  -91.091404,    0.000000,    0.000000,    0.027461,    0.643219,    0.641852,    0.010262,    0.054958,    0.001689,    0.001721,    0.000000
2018-12-08 24:00:00,321314.437956,    0.000000,    0.000000,    0.000000, 1995.840426, 1995.840000,    0.000000,  -66.492479,    0.000000,    0.000000,    0.000000,    9.294246,119756.107712,    0.000000,    0.000000,    0.000000,    0.000000,    0.161000,    5.091281,    4.429547,    5.091281,   53.890182,  -15.993146,   -7.490585,  -81.180633,    0.000000,    0.000000,    0.014033,    0.342546,    0.468398,    0.033162,    0.091394,    0.001689,    0.001721,    0.000000
2018-12-09 24:00:00,321175.748711,    0.000000,    0.000000,    0.000000, 2419.200426, 2419.200000,    0.000000, -137.900272,    0.000000,    0.000000,    0.000000,    9.293094,119731.128869,    0.000000,    0.000000,    0.000000,    0.000000,    0.161000,    4.436373,    4.063662,    4.063662,    5.111962,  -33.187652,  -38.686533,  -57.724203,    0.000000,    0.000000,    0.048793,    1.081998,    0.832470,    0.000000,    0.079453,    0.001689,    0.001721,    0.000000
2018-12-10 24:00:00,321657.052725,    0.000000,    0.000000,    0.000000, 2566.080426, 2566.080000,    0.000000, -129.806959,  608.420317,    0.000000,    0.000000,    9.297091,119817.814880,    0.000000,    0.000000,    0.000000,    0.000000,    0.161000,    4.333465,    3.661467,    4.333465,   95.542309,  -31.228328,  -15.850520,  -92.187795,    0.000000,    0.000000,    0.025503,    0.600850,    0.620352,    0.000518,    0.082981,    0.001689,    0.001721,    0.000000
2018-12-11 24:00:00,321481.334645,    0.000000,    0.000000,    0.000000, 2436.480426, 2436.480000,    0.000000, -174.803746,    0.000000,    0.000000,    0.000000,    9.295632,119786.166901,    0.000000,    0.000000,    0.000000,    0.000000,    0.161000,    4.244657,    3.813435,    3.813435,   98.317003,  -42.077409,  -16.523031, -125.413642,    0.000000,    0.000000,    0.041329,    0.932550,    0.772844,   -0.000013,    0.078454,    0.001689,    0.001721,    0.000000
2018-12-12 24:00:00,321424.740675,    0.000000,    0.000000,    0.000000, 2237.760426, 2237.760000,    0.000000,  -56.289742,    0.000000,    0.000000,    0.000000,    9.295162,119775.973956,    0.000000,    0.000000,    0.000000,    0.000000,    0.161000,    4.324314,    2.317524,    2.317524,   49.506798,  -13.564232,   -2.666428,  -77.409302,    0.000000,    0.000000,    0.017852,    0.430669,    0.525203,    0.017897,    0.087425,    0.001689,    0.001721,    0.000000
2018-12-13 24:00:00,321380.174706,    0.000000,    0.000000,    0.000000, 2194.560426, 2194.560000,    0.000000,  -44.323079,    0.000000,    0.000000,    0.000000,    9.294792,119767.947332,    0.000000,    0.000000,    0.000000,    0.000000,    0.161000,    4.106607,    4.022658,    4.079269,   35.825823,  -10.675763,    0.018996,  -45.195158,    0.000000,    0.000000,    0.018655,    0.448908,    0.536209,    0.000057,    0.065148,    0.001689,    0.001721,    0.000000
2018-12-14 24:00:00,322007.409316,    0.000000,    0.000000,    0.000000, 2963.520426, 2963.520000, 1919.265853,  -13.157811, 2498.583144,    0.000000,    0.000000,    9.300000,119880.916400,    0.000000,    0.000000,    0.000000,    0.000000,    0.161000,    4.277999,    4.191485,    4.277999,   15.396945,   -3.164756,   -1.955148,  -28.131009,    0.000000,    0.000000,    0.023853,    0.564865,    0.601489,    0.000096,    0.068235,    0.001689,    0.001721,    0.000000
2018-12-15 24:00:00,322007.409316,    0.000000,    0.000000,    0.000000, 6350.400426, 6350.400000, 2293.201628,   -1.402387, 2226.320941,    0.000000,    0.000000,    9.300000,119880.916400,    0.000000,    0.000000,    0.000000,    0.000000,    0.161000,    4.861480,    4.412946,    4.861480,   17.603268,   -0.337257,    5.975767,  -18.623839,    0.000000,    0.000000,    0.004664,    0.116981,    0.273724,    0.062436,    0.050391,    0.001689,    0.001721,    0.000000
2018-12-16 24:00:00,322007.409316,    0.000000,    0.000000,    0.000000, 7655.040426, 7655.040000,  399.802337,   -8.594828,  396.002626,    0.000000,    0.000000,    9.300000,119880.916400,    0.000000,    0.000000,    0.000000,    0.000000,    0.161000,    5.307308,    4.902845,    5.307308,   32.903102,   -2.065402,   21.232688,  -35.554904,    0.000000,    0.000000,    0.015080,    0.366953,    0.484798,    0.004830,    0.091441,    0.001689,    0.001721,    0.000000
2018-12-17 24:00:00,321907.974776,    0.000000,    0.000000,    0.000000, 7603.200426, 7603.200000,    0.000000,  -98.974912,    0.000000,    0.000000,    0.000000,    9.299174,119863.007587,    0.000000,    0.000000,    0.000000,    0.000000,    0.161000,    5.265273,    5.085146,    5.265273,   94.147534,  -23.782661,   22.301975,  -95.505861,    0.000000,    0.000000,    0.062602,    1.349852,    0.929819,    0.000136,    0.091686,    0.001689,    0.001721,    0.000000
2018-12-18 24:00:00,321725.407364,    0.000000,    0.000000,    0.000000, 7629.120426, 7629.120000,    0.000000, -181.685321,    0.000000,    0.000000,    0.000000,    9.297658,119830.125999,    0.000000,    0.000000,    0.000000,    0.000000,    0.161000,    4.972827,    4.752662,    4.972827,   94.444793,  -43.677738,   -0.131897, -108.512648,    0.000000,    0.000000,    0.026482,    0.622086,    0.631220,    0.014314,    0.055654,    0.001689,    0.001721,    0.000000
2018-12-19 24:00:00,321675.457405,    0.000000,    0.000000,    0.000000, 7248.960426, 7248.960000,    0.000000,  -49.699956,    0.000000,    0.000000,    0.000000,    9.297244,119821.129683,    0.000000,    0.000000,    0.000000,    0.000000,    0.161000,    4.998652,    4.669653,    4.998652,   79.735014,  -11.950234,    0.072261,  -98.596327,    0.000000,    0.000000,    0.025503,    0.600853,    0.620354,    0.035959,    0.056877,    0.001689,    0.001721,    0.000000
2018-12-20 24:00:00,322007.409316,    0.000000,    0.000000,    0.000000, 8199.360426, 8199.360000, 3523.977368,   -1.008329, 3752.967010,    0.000000,    0.000000,    9.300000,119880.916400,    0.000000,    0.000000,    0.000000,    0.000000,    0.161000,    5.425725,    4.978174,    5.425725,   10.875719,   -0.242315,   11.829507,  -22.348340,    0.000000,    0.000000,    0.017740,    0.428188,    0.523688,    0.110785,    0.067378,    0.001689,    0.001721,    0.000000
2018-12-21 24:00:00,322007.409316,    0.000000,    0.000000,    0.000000, 9936.000426, 9936.000000,  939.560701,   -3.327161,  914.068445,    0.000000,    0.000000,    9.300000,119880.916400,    0.000000,    0.000000,    0.000000,    0.000000,    0.161000,    6.287461,    5.314646,    6.287461,   14.661045,   -0.798750,   56.358564,  -18.873120,    0.000000,    0.000000,    0.043127,    0.969018,    0.787810,    0.011897,    0.062272,    0.001689,    0.001721,    0.000000
2018-12-22 24:00:00,321925.201348,    0.000000,    0.000000,    0.000000, 8743.680426, 8743.680000,    0.000000,  -81.829059,    0.000000,    0.000000,    0.000000,    9.299317,119866.110206,    0.000000,    0.000000,    0.000000,    0.000000,    0.161000,    5.854879,    5.576415,    5.854879,   39.289081,  -19.647356,   12.239476,  -80.135049,    0.000000,    0.000000,    0.087242,    1.806346,    1.075613,    0.004275,    0.096967,    0.001689,    0.001721,    0.000000
2018-12-23 24:00:00,321829.468043,    0.000000,    0.000000,    0.000000, 8069.760426, 8069.760000,    0.000000,  -95.279300,    0.000000,    0.000000,    0.000000,    9.298522,119848.868009,    0.000000,    0.000000,    0.000000,    0.000000,    0.161000,    6.006142,    5.195001,    6.006142,   82.418597,  -22.885141,    5.401189,  -85.581462,    0.000000,    0.000000,    0.038243,    0.869618,    0.746311,    0.074007,    0.056709,    0.001689,    0.001721,    0.000000
2018-12-24 24:00:00,321685.924778,    0.000000,    0.000000,    0.000000, 7767.360426, 7767.360000,    0.000000, -142.836819,    0.000000,    0.000000,    0.000000,    9.297331,119823.014926,    0.000000,    0.000000,    0.000000,    0.000000,    0.161000,    5.722021,    4.974862,    5.722021,   86.945544,  -34.311142,    1.741973,  -98.716031,    0.000000,    0.000000,    0.036343,    0.830478,    0.729322,    0.039070,    0.060588,    0.001689,    0.001721,    0.000000
2018-12-25 24:00:00,321620.880188,    0.000000,    0.000000,    0.000000, 7542.720426, 7542.720000,    0.000000,  -64.714353,    0.000000,    0.000000,    0.000000,    9.296790,119811.299969,    0.000000,    0.000000,    0.000000,    0.000000,    0.161000,    5.679574,    4.800241,    5.679574,   84.501965,  -15.547208,   -3.534203,  -97.508104,    0.000000,    0.000000,    0.023422,    0.555323,    0.596387,    0.113245,    0.057042,    0.001689,    0.001721,    0.000000
2018-12-26 24:00:00,321553.730246,    0.000000,    0.000000,    0.000000, 7369.920426, 7369.920000,    0.000000,  -66.802367,    0.000000,    0.000000,    0.000000,    9.296233,119799.205823,    0.000000,    0.000000,    0.000000,    0.000000,    0.161000,    5.524517,    4.513728,    5.524517,   92.487735,  -16.053630,   -6.575031, -115.058955,    0.000000,    0.000000,    0.013387,    0.327411,    0.457933,    0.292533,    0.058325,    0.001689,    0.001721,    0.000000
2018-12-27 24:00:00,321570.669566,    0.000000,    0.000000,    0.000000, 7223.040426, 7223.040000,    0.000000,  -43.996405,   60.843968,    0.000000,    0.000000,    9.296373,119802.256706,    0.000000,    0.000000,    0.000000,    0.000000,    0.161000,    5.372155,    4.623410,    5.372155,   31.130451,  -10.576116,   -3.569857,  -64.254060,    0.000000,    0.000000,    0.013645,    0.333475,    0.462154,    0.224501,    0.061095,    0.001689,    0.001721,    0.000000
2018-12-28 24:00:00,322007.409316,    0.000000,    0.000000,    0.000000, 8821.440426, 8821.440000, 3983.065326,   -0.052259, 4303.228151,    0.000000,    0.000000,    9.300000,119880.916400,    0.000000,    0.000000,    0.000000,    0.000000,    0.161000,    5.682365,    4.935877,    5.682365,   10.764370,   -0.012554,   13.570073,  -28.458059,    0.000000,    0.000000,    0.027218,    0.638153,    0.639319,    0.067652,    0.061095,    0.001689,    0.001721,    0.000000
2018-12-29 24:00:00,321994.813035,    0.000000,    0.000000,    0.000000, 8424.000426, 8424.000000,    0.000000,  -12.539206,    0.000000,    0.000000,    0.000000,    9.299895,119878.647727,    0.000000,    0.000000,    0.000000,    0.000000,    0.161000,    6.088655,    5.187913,    6.088655,   71.387903,   -3.009799,   28.993338,  -76.327239,    0.000000,    0.000000,    0.026484,    0.622144,    0.631249,    0.146913,    0.055737,    0.001689,    0.001721,    0.000000
2018-12-30 24:00:00,321963.698725,    0.000000,    0.000000,    0.000000, 7827.840426, 7827.840000,    0.000000,  -30.971693,    0.000000,    0.000000,    0.000000,    9.299637,119873.043836,    0.000000,    0.000000,    0.000000,    0.000000,    0.161000,    6.287639,    5.406115,    6.287639,   66.816835,   -7.433870,    4.896886,  -62.199752,    0.000000,    0.000000,    0.018390,    0.442911,    0.532615,    0.361770,    0.055737,    0.001689,    0.001721,    0.000000
2018-12-31 24:00:00,322007.409316,    0.000000,    0.000000,    0.000000, 7326.720426, 7326.720000,  205.503373,   -1.060900,  243.666921,    0.000000,    0.000000,    9.300000,119880.916400,    0.000000,    0.000000,    0.000000,    0.000000,    0.161000,    6.554344,    5.606076,    6.554344,   12.992419,   -0.254627,   11.074181,  -20.570040,    0.000000,    0.000000,    0.013389,    0.327477,    0.457979,    0.809424,    0.055737,    0.001689,    0.001721,    0.000000
2019-01-01 24:00:00,321995.019236,    0.000000,    0.000000,    0.000000, 7188.480426, 7188.480000,    0.000000,  -12.333946,    0.000000,    0.000000,    0.000000,    9.299897,119878.684865,    0.000000,    0.000000,    0.000000,    0.000000,    0.145000,    6.936003,    5.791437,    6.936003,   35.375733,   -2.957920,   25.665044,  -38.601145,    0.000000,    0.000000,    0.031153,    0.722011,    0.680029,    0.292978,    0.080640,    0.001689,    0.001721,    0.000000
2019-01-02 24:00:00,322007.409316,    0.000000,    0.000000,    0.000000, 7050.240426, 7050.240000,   73.606547,  -38.186097,  121.826896,    0.000000,    0.000000,    9.300000,119880.916400,    0.000000,    0.000000,    0.000000,    0.000000,    0.145000,    6.763126,    5.960903,    6.763126,   21.379627,   -9.160302,   -0.815586,  -49.396470,    0.000000,    0.000000,    0.007136,    0.177575,    0.337246,    2.339964,    0.076331,    0.001689,    0.001721,    0.000000
2019-01-03 24:00:00,322007.409316,    0.000000,    0.000000,    0.000000, 7093.440426, 7093.440000,  284.976734,  -28.482572,  304.603635,    0.000000,    0.000000,    9.300000,119880.916400,    0.000000,    0.000000,    0.000000,    0.000000,    0.145000,    6.809412,    6.120809,    6.809412,   36.836589,   -6.831450,    7.363045,  -50.630626,    0.000000,    0.000000,    0.029447,    0.685803,    0.662758,    0.196876,    0.082720,    0.001689,    0.001721,    0.000000
2019-01-04 24:00:00,322007.409316,    0.000000,    0.000000,    0.000000, 7067.520426, 7067.520000,  544.001851,  -21.192042,  548.385795,    0.000000,    0.000000,    9.300000,119880.916400,    0.000000,    0.000000,    0.000000,    0.000000,    0.145000,    6.679579,    6.120143,    6.679579,    8.921276,   -5.084088,   -1.460855,  -41.855107,    0.000000,    0.000000,    0.009711,    0.240007,    0.392074,    0.848352,    0.069548,    0.001689,    0.001721,    0.000000
2019-01-05 24:00:00,322007.409316,    0.000000,    0.000000,    0.000000, 7058.880426, 7058.880000,   53.300615,  -70.202811,  121.833214,    0.000000,    0.000000,    9.300000,119880.916400,    0.000000,    0.000000,    0.000000,    0.000000,    0.145000,    7.001062,    6.275867,    7.001062,   98.417591,  -16.837309,   13.654765,  -71.694436,    0.000000,    0.000000,    0.016791,    0.406427,    0.510207,    0.509692,    0.051405,    0.001689,    0.001721,    0.000000
2019-01-06 24:00:00,321925.995443,    0.000000,    0.000000,    0.000000, 6860.160426, 6860.160000,    0.000000,  -81.038664,    0.000000,    0.000000,    0.000000,    9.299324,119866.253227,    0.000000,    0.000000,    0.000000,    0.000000,    0.145000,    6.681316,    5.982684,    6.681316,   44.472901,  -19.441855,   14.159709,  -96.028205,    0.000000,    0.000000,    0.043559,    0.977654,    0.791312,    0.042300,    0.065302,    0.001689,    0.001721,    0.000000
2019-01-07 24:00:00,321827.189259,    0.000000,    0.000000,    0.000000, 6799.680426, 6799.680000,    0.000000,  -98.337416,    0.000000,    0.000000,    0.000000,    9.298504,119848.457585,    0.000000,    0.000000,    0.000000,    0.000000,    0.145000,    6.510022,    5.711759,    6.510022,   47.922437,  -23.600748,   -3.708181,  -64.565238,    0.000000,    0.000000,    0.029301,    0.682669,    0.661242,    0.095180,    0.065190,    0.001689,    0.001721,    0.000000
2019-01-08 24:00:00,321803.641809,    0.000000,    0.000000,    0.000000, 6799.680426, 6799.680000,    0.000000,  -23.433905,    0.000000,    0.000000,    0.000000,    9.298308,119844.216535,    0.000000,    0.000000,    0.000000,    0.000000,    0.145000,    7.380734,    5.928482,    7.380734,   85.978222,   -5.620463,   26.550457,  -56.225146,    0.000000,    0.000000,    0.050163,    1.109096,    0.842830,    0.106220,    0.095577,    0.001689,    0.001721,    0.000000
2019-01-09 24:00:00,321577.488811,    0.000000,    0.000000,    0.000000, 6894.720426, 6894.720000,    0.000000, -225.017502,    0.000000,    0.000000,    0.000000,    9.296430,119803.484897,    0.000000,    0.000000,    0.000000,    0.000000,    0.145000,    6.829862,    5.518604,    6.829862,  114.526690,  -53.999460,   -5.044134,  -98.956285,    0.000000,    0.000000,    0.070590,    1.500423,    0.980307,    0.046855,    0.092438,    0.001689,    0.001721,    0.000000
2019-01-10 24:00:00,321116.876190,    0.000000,    0.000000,    0.000000, 7439.040426, 7439.040000,    0.000000, -458.066822,    0.000000,    0.000000,    0.000000,    9.292605,119720.525542,    0.000000,    0.000000,    0.000000,    0.000000,    0.145000,    4.981453,    3.787040,    4.981453,   88.738813, -110.126282,  -97.626391, -133.634820,    0.000000,    0.000000,    0.122980,    2.434368,    1.248673,    0.002100,    0.065522,    0.001689,    0.001721,    0.000000
2019-01-11 24:00:00,320879.830371,    0.000000,    0.000000,    0.000000, 7093.440426, 7093.440000,    0.000000, -235.611120,    0.000000,    0.000000,    0.000000,    9.290637,119677.832035,    0.000000,    0.000000,    0.000000,    0.000000,    0.145000,    4.250685,    3.986719,    3.986719,  105.873123,  -56.746399,  -45.222659, -117.758030,    0.000000,    0.000000,    0.008225,    0.204101,    0.361558,    0.000000,    0.066952,    0.001689,    0.001721,    0.000000
2019-01-12 24:00:00,320822.471328,    0.000000,    0.000000,    0.000000, 6773.760426, 6773.760000,    0.000000,  -56.999054,    0.000000,    0.000000,    0.000000,    9.290161,119667.501295,    0.000000,    0.000000,    0.000000,    0.000000,    0.145000,    4.120680,    3.846030,    3.846030,   18.415029,  -13.733454,   -8.364492,  -54.677809,    0.000000,    0.000000,    0.012356,    0.303121,    0.440620,   -0.000016,    0.073363,    0.001689,    0.001721,    0.000000
2019-01-13 24:00:00,320814.614364,    0.000000,    0.000000,    0.000000, 6791.040426, 6791.040000,    0.000000,   -7.807628,    0.000000,    0.000000,    0.000000,    9.290096,119666.086205,    0.000000,    0.000000,    0.000000,    0.000000,    0.145000,    4.336026,    1.444272,    1.444272,   10.291996,   -1.881582,   -2.285321,  -39.979260,    0.000000,    0.000000,    0.010080,    0.248881,    0.399256,    4.946359,    0.055177,    0.001689,    0.001721,    0.000000
2019-01-14 24:00:00,321732.338955,    0.000000,    0.000000,    0.000000, 6238.080426, 6238.080000,    0.000000,    0.000000,  912.409275,    0.000000,    0.000000,    9.297716,119831.374424,    0.000000,    0.000000,    0.000000,    0.000000,    0.064000,    4.337004,    4.099735,    4.099735,   29.357666,   -0.000008,    1.996310,  -10.843946,    0.000000,    0.000000,    0.033447,    0.770238,    0.702373,    0.000000,    0.066962,    0.001689,    0.001721,    0.000000
2019-01-15 24:00:00,322007.409316,    0.000000,    0.000000,    0.000000, 6341.760426, 6341.760000,   81.046037,  -73.986192,  426.225132,    0.000000,    0.000000,    9.300000,119880.916400,    0.000000,    0.000000,    0.000000,    0.000000,    0.145000,    4.446347,    3.745708,    4.446347,   95.783551,  -17.788214,   -0.667085,  -84.005640,    0.000000,    0.000000,    0.039420,    0.893735,    0.756589,    0.002431,    0.051339,    0.001689,    0.001721,    0.000000
2019-01-16 24:00:00,321863.619612,    0.000000,    0.000000,    0.000000, 6091.200426, 6091.200000,    0.000000, -143.120196,    0.000000,    0.000000,    0.000000,    9.298806,119855.018931,    0.000000,    0.000000,    0.000000,    0.000000,    0.145000,    4.163971,    3.983315,    3.983315,   89.340925,  -34.426639,  -13.724557,  -99.389811,    0.000000,    0.000000,    0.029870,    0.694776,    0.667080,    0.000000,    0.066963,    0.001689,    0.001721,    0.000000
2019-01-17 24:00:00,321804.887207,    0.000000,    0.000000,    0.000000, 5685.120426, 5685.120000,    0.000000,  -58.450145,    0.000000,    0.000000,    0.000000,    9.298318,119844.440840,    0.000000,    0.000000,    0.000000,    0.000000,    0.145000,    4.204773,    3.636361,    3.636361,   18.855123,  -14.065234,  -12.116430,  -59.562083,    0.000000,    0.000000,    0.012873,    0.315318,    0.449397,    0.003948,    0.051548,    0.001689,    0.001721,    0.000000
2019-01-18 24:00:00,322007.409316,    0.000000,    0.000000,    0.000000, 5425.920426, 5425.920000,   25.992053,  -16.828616,  243.542883,    0.000000,    0.000000,    9.300000,119880.916400,    0.000000,    0.000000,    0.000000,    0.000000,    0.145000,    4.262052,    4.106448,    4.262052,   69.393767,   -4.047495,    6.290690,  -45.490653,    0.000000,    0.000000,    0.041632,    0.938733,    0.775401,    0.001276,    0.050683,    0.001689,    0.001721,    0.000000
2019-01-19 24:00:00,322007.409316,    0.000000,    0.000000,    0.000000, 5322.240426, 5322.240000, 1220.968527,   -4.680341, 1188.436843,    0.000000,    0.000000,    9.300000,119880.916400,    0.000000,    0.000000,    0.000000,    0.000000,    0.145000,    4.285180,    4.143905,    4.285180,   11.892849,   -1.125552,    0.613906,  -37.752933,    0.000000,    0.000000,    0.009588,    0.237057,    0.389656,    0.007256,    0.095701,    0.001689,    0.001721,    0.000000
2019-01-20 24:00:00,322007.409316,    0.000000,    0.000000,    0.000000, 7119.360426, 7119.360000,  416.775384, -205.395035,  609.112067,    0.000000,    0.000000,    9.300000,119880.916400,    0.000000,    0.000000,    0.000000,    0.000000,    0.145000,    4.141179,    3.902667,    3.902667,  114.000627,  -49.387783,  -24.997706,  -98.171269,    0.000000,    0.000000,    0.038543,    0.875812,    0.748964,   -0.000003,    0.078293,    0.001689,    0.001721,    0.000000
2019-01-21 24:00:00,321522.721924,    0.000000,  109.850750,    0.000000, 6920.640426, 6920.640000,    0.000000, -372.410687,    0.000000,    0.000000,    0.000000,    9.295975,119793.621021,    0.001000,    0.000000,    0.000000,    0.000000,    0.064000,    4.162130,    0.767072,    0.767072,  123.472105,  -71.687647,  -63.411245, -147.905970,    0.000000,    0.000000,    0.045047,    1.007504,    0.803302,    0.008799,    0.057027,    0.001689,    0.001721,    0.000000
2019-01-22 24:00:00,321447.373937,    0.000000,    0.000000,    0.000000, 5978.880426, 5978.880000,    0.000000, -184.812066,    0.000000,    0.000000,    0.000000,    9.295350,119780.050354,    0.000000,    0.000000,   50.000000,    0.000000,    0.064000,    4.262739,    2.509703,    2.509703,  120.757570,  -38.544505,  -21.761571,  -99.370519,    0.000000,    0.000000,    0.020003,    0.479326,    0.554078,    0.035295,    0.059855,    0.001689,    0.001721,    0.000000
2019-01-23 24:00:00,321857.174749,    0.000000,    0.000000,    0.000000, 5451.840426, 5451.840000,    0.000000,  -48.770431,  456.438895,    0.000000,    0.000000,    9.298753,119853.858169,    0.000000,    0.000000,   50.000000,    0.000000,    0.145000,    4.096537,    3.384196,    3.384196,   12.802455,  -11.751045,    5.285921,  -24.086620,    0.000000,    0.000000,    0.039270,    0.890658,    0.755285,    0.000485,    0.098070,    0.001689,    0.001721,    0.000000
2019-01-24 24:00:00,322007.409316,    0.000000,    0.000000,    0.000000, 6566.400426, 6566.400000, 1187.992091,  -69.921567, 1371.176611,    0.000000,    0.000000,    9.300000,119880.916400,    0.000000,    0.000000,   50.000000,    0.000000,    0.145000,    4.156930,    4.088286,    4.156930,   92.347708,  -16.815556,   23.053797,  -46.798088,    0.000000,    0.000000,    0.055366,    1.210942,    0.880678,    0.000011,    0.082928,    0.001689,    0.001721,    0.000000
2019-01-25 24:00:00,321844.811839,    0.000000,    0.000000,    0.000000, 6903.360426, 6903.360000,    0.000000, -161.838154,    0.000000,    0.000000,    0.000000,    9.298650,119851.631528,    0.000000,    0.000000,   50.000000,    0.000000,    0.145000,    4.215930,    3.277301,    3.277301,  122.290730,  -38.939855,  -17.986622, -115.965883,    0.000000,    0.000000,    0.017056,    0.412481,    0.513993,    0.005756,    0.099369,    0.001689,    0.001721,    0.000000
2019-01-26 24:00:00,321708.587162,    0.000000,    0.000000,    0.000000, 6626.880426, 6626.880000,    0.000000, -135.558057,    0.000000,    0.000000,    0.000000,    9.297519,119827.096570,    0.000000,    0.000000,   50.000000,    0.000000,    0.145000,    4.234940,    1.924164,    1.924164,   90.189562,  -32.649985,  -14.328131, -109.207863,    0.000000,    0.000000,    0.014164,    0.345622,    0.470496,    0.057910,    0.058424,    0.001689,    0.001721,    0.000000
2019-01-27 24:00:00,321626.149381,    0.000000,    0.000000,    0.000000, 6048.000426, 6048.000000,    0.000000,  -82.013925,    0.000000,    0.000000,    0.000000,    9.296834,119812.248985,    0.000000,    0.000000,   50.000000,    0.000000,    0.064000,    4.238010,    2.528895,    2.528895,   44.248352,  -16.389678,    2.995923,  -68.061763,    0.000000,    0.000000,    0.034890,    0.800351,    0.715971,    0.028706,    0.088981,    0.001689,    0.001721,    0.000000
2019-01-28 24:00:00,321550.245445,    0.000000,    0.000000,    0.000000, 5460.480426, 5460.480000,    0.000000,  -75.510122,    0.000000,    0.000000,    0.000000,    9.296204,119798.578188,    0.000000,    0.000000,   50.000000,    0.000000,    0.064000,    4.165009,    3.672885,    3.672885,  112.948655,  -17.365643,    2.324612,  -77.103535,    0.000000,    0.000000,    0.018925,    0.455015,    0.539844,    0.002607,    0.077962,    0.001689,    0.001721,    0.000000
2019-01-29 24:00:00,321720.318207,    0.000000,    0.000000,    0.000000, 5201.280426, 5201.280000,    0.000000, -104.774626,  273.950432,    0.000000,    0.000000,    9.297616,119829.209408,    0.000000,    0.000000,   50.000000,    0.000000,    0.145000,    4.148692,    2.496032,    2.496032,   22.608355,  -25.224094,  -11.090332,  -72.303225,    0.000000,    0.000000,    0.025922,    0.609960,    0.625037,    0.023111,    0.076043,    0.001689,    0.001721,    0.000000
2019-01-30 24:00:00,321378.036200,    0.000000,  109.826855,    0.000000, 5063.040426, 5063.040000,    0.000000, -230.633052,    0.000000,    0.000000,    0.000000,    9.294774,119767.562173,    0.001000,    0.000000,   50.000000,    0.000000,    0.064000,    4.098763,    0.801055,    0.801055,  122.057079,  -50.106919,  -38.072432, -126.213430,    0.000000,    0.000000,    0.031434,    0.727926,    0.682809,    0.016933,    0.086032,    0.001689,    0.001721,    0.000000
2019-01-31 24:00:00,321179.602627,    0.000000,  109.794082,    0.000000, 4786.560426, 4786.560000,    0.000000, -197.328130,    0.000000,    0.000000,    0.000000,    9.293126,119731.822985,    0.001000,    0.000000,   50.000000,    0.000000,    0.064000,    4.269711,    0.111194,    0.111194,  120.184304,  -35.939690,  -20.596094, -115.839132,    0.000000,    0.000000,    0.016787,    0.406327,    0.510144,    0.048499,    0.061946,    0.001689,    0.001721,    0.000000
2019-02-01 24:00:00,321212.332518,    0.000000,    0.000000,    0.000000, 4492.800426, 4492.800000,    0.000000,  -77.271074,    0.000000,    0.000000,    0.000000,    9.293398,119737.717853,    0.000000,    0.000000,   50.000000,    0.000000,    0.064000,    4.224468,    2.170432,    2.170432,   27.036870,  -12.230401,    2.790412,  -32.164922,    0.000000,    0.000000,    0.023419,    0.555247,    0.596346,    0.093874,    0.086032,    0.001689,    0.001721,    0.000000
2019-02-02 24:00:00,321146.920645,    0.000000,    0.000000,    0.000000, 4397.760426, 4397.760000,    0.000000,  -65.030130,    0.000000,    0.000000,    0.000000,    9.292855,119725.936746,    0.000000,    0.000000,   50.000000,    0.000000,    0.064000,    4.122218,    3.907511,    3.907511,  130.003574,  -13.076323,    1.172874,  -76.347155,    0.000000,    0.000000,    0.036482,    0.833327,    0.730572,   -0.000002,    0.078692,    0.001689,    0.001721,    0.000000
2019-02-03 24:00:00,321109.972784,    0.000000,    0.000000,    0.000000, 4294.080426, 4294.080000,    0.000000,  -36.731414,    0.000000,    0.000000,    0.000000,    9.292548,119719.282193,    0.000000,    0.000000,   50.000000,    0.000000,    0.111000,    4.638406,    4.050404,    4.638406,  103.534688,   -8.842853,   10.643200,  -59.992927,    0.000000,    0.000000,    0.034306,    0.788154,    0.710495,    0.020234,    0.089177,    0.001689,    0.001721,    0.000000
2019-02-04 24:00:00,321077.581122,    0.000000,    0.000000,    0.000000, 4173.120426, 4173.120000,    0.000000,  -32.200279,    0.000000,    0.000000,    0.000000,    9.292279,119713.448243,    0.000000,    0.000000,   50.000000,    0.000000,    0.111000,    5.486464,    4.314774,    5.486464,  134.602407,   -7.750354,   13.774581,  -76.245470,    0.000000,    0.000000,    0.030004,    0.697608,    0.668438,    0.096833,    0.089528,    0.001689,    0.001721,    0.000000
2019-02-05 24:00:00,321074.805398,    0.000000,    0.000000,    0.000000, 4000.320426, 4000.320000,    0.000000,   -2.759636,    0.000000,    0.000000,    0.000000,    9.292256,119712.948317,    0.000000,    0.000000,   50.000000,    0.000000,    0.111000,    6.721383,    4.467411,    6.721383,  120.144212,   -0.663804,   45.859242,  -46.370915,    0.000000,    0.000000,    0.042953,    0.965376,    0.786328,    0.173229,    0.061064,    0.001689,    0.001721,    0.000000
2019-02-06 24:00:00,321074.805825,    0.000000,    0.000000,    0.000000, 3810.240426, 3810.240000,    0.000000,    0.000000,    0.000000,    0.000000,    0.000000,    9.292256,119712.948394,    0.000000,    0.000000,   50.000000,    0.000000,    0.111000,    7.286800,    4.595035,    7.286800,   36.252599,    0.000000,   15.348902,  -24.715952,    0.000000,    0.000000,    0.018654,    0.448863,    0.536182,    0.856352,    0.051120,    0.001689,    0.001721,    0.000000
2019-02-07 24:00:00,321533.693375,    0.000000,    0.000000,    0.000000, 3853.440426, 3853.440000,    0.000000,    0.000000,  456.236009,    0.000000,    0.000000,    9.296066,119795.597051,    0.000000,    0.000000,   50.000000,    0.000000,    0.111000,    8.722459,    4.712853,    8.722459,   51.314818,    0.000000,   25.162762,  -12.710261,    0.000000,    0.000000,    0.020954,    0.500621,    0.566252,    0.937289,    0.088803,    0.001689,    0.001721,    0.000000
2019-02-08 24:00:00,321382.155514,    0.000000,    0.000000,    0.000000, 3663.360426, 3663.360000,    0.000000, -242.019148,   91.288400,    0.000000,    0.000000,    9.294808,119768.304089,    0.000000,    0.000000,   50.000000,    0.000000,    0.111000,    7.400193,    4.834431,    7.400193,  103.416041,  -58.031031,    7.905930,  -67.594307,    0.000000,    0.000000,    0.070585,    1.500314,    0.980272,    0.140703,    0.056237,    0.001689,    0.001721,    0.000000
2019-02-09 24:00:00,321101.052402,    0.000000,    0.000000,    0.000000, 3335.040426, 3335.040000,    0.000000, -279.503940,    0.000000,    0.000000,    0.000000,    9.292474,119717.675574,    0.000000,    0.000000,   50.000000,    0.000000,    0.111000,    6.144155,    4.403497,    6.144155,  107.062989,  -67.148307,  -46.013935, -118.923992,    0.000000,    0.000000,    0.010206,    0.251903,    0.401673,    1.128535,    0.052709,    0.001689,    0.001721,    0.000000
2019-02-10 24:00:00,320999.997607,    0.000000,    0.000000,    0.000000, 3093.120426, 3093.120000,    0.000000, -130.874419,   30.423064,    0.000000,    0.000000,    9.291635,119699.474943,    0.000000,    0.000000,   50.000000,    0.000000,    0.111000,    5.532475,    3.866462,    5.532475,   51.391733,  -31.475618,  -23.121385,  -85.286599,    0.000000,    0.000000,    0.012485,    0.306162,    0.442824,    0.320341,    0.050306,    0.001689,    0.001721,    0.000000
2019-02-11 24:00:00,321485.000102,    0.000000,    0.000000,    0.000000, 3265.920426, 3265.920000,    0.000000,  -34.906258,  517.072798,    0.000000,    0.000000,    9.295662,119786.827074,    0.000000,    0.000000,   50.000000,    0.000000,    0.111000,    5.604035,    4.256745,    5.604035,   44.466215,   -8.390023,   -8.700178,  -37.576345,    0.000000,    0.000000,    0.011467,    0.282037,    0.425019,    0.428988,    0.050306,    0.001689,    0.001721,    0.000000
2019-02-12 24:00:00,322007.409316,    0.000000,    0.000000,    0.000000, 4112.640426, 4112.640000,  964.337749,  -37.883037, 1492.436555,    0.000000,    0.000000,    9.300000,119880.916400,    0.000000,    0.000000,   50.000000,    0.000000,    0.111000,    5.376136,    4.601860,    5.376136,   21.309154,   -9.099557,  -10.469280,  -42.714439,    0.000000,    0.000000,    0.029170,    0.679909,    0.659904,    0.051108,    0.090055,    0.001689,    0.001721,    0.000000
2019-02-13 24:00:00,321779.882367,    0.000000,    0.000000,    0.000000, 4354.560426, 4354.560000,    0.000000, -226.453681,    0.000000,    0.000000,    0.000000,    9.298111,119839.937304,    0.000000,    0.000000,   50.000000,    0.000000,    0.111000,    5.279239,    4.772043,    5.279239,  152.233154,  -54.418717,   -4.174519, -108.804058,    0.000000,    0.000000,    0.024947,    0.588741,    0.614070,    0.029296,    0.057315,    0.001689,    0.001721,    0.000000
2019-02-14 24:00:00,321587.008776,    0.000000,    0.000000,    0.000000, 3965.760426, 3965.760000,    0.000000, -191.903139,    0.000000,    0.000000,    0.000000,    9.296509,119805.199505,    0.000000,    0.000000,   50.000000,    0.000000,    0.111000,    5.225063,    4.950991,    5.225063,   89.476167,  -46.136969,    9.479019,  -72.983536,    0.000000,    0.000000,    0.046243,    1.031386,    0.812767,    0.012244,    0.051318,    0.001689,    0.001721,    0.000000
2019-02-15 24:00:00,321527.115324,    0.000000,    0.000000,    0.000000, 3749.760426, 3749.760000,    0.000000,  -59.580824,    0.000000,    0.000000,    0.000000,    9.296012,119794.412301,    0.000000,    0.000000,   50.000000,    0.000000,    0.111000,    5.743157,    5.184139,    5.743157,   55.046694,  -14.324010,   24.812584,  -32.391203,    0.000000,    0.000000,    0.030578,    0.709808,    0.674257,    0.047617,    0.051707,    0.001689,    0.001721,    0.000000
2019-02-16 24:00:00,322007.409316,    0.000000,    0.000000,    0.000000, 4112.640426, 4112.640000,  735.267971,  -88.533457, 1278.917775,    0.000000,    0.000000,    9.300000,119880.916400,    0.000000,    0.000000,   50.000000,    0.000000,    0.111000,    5.672427,    5.486205,    5.672427,   78.665169,  -21.262190,   -6.705334,  -56.127819,    0.000000,    0.000000,    0.013391,    0.327530,    0.458016,    0.136860,    0.077729,    0.001689,    0.001721,    0.000000
2019-02-17 24:00:00,322007.409316,    0.000000,    0.000000,    0.000000, 4423.680426, 4423.680000,  304.825436,  -70.141503,  365.495869,    0.000000,    0.000000,    9.300000,119880.916400,    0.000000,    0.000000,   50.000000,    0.000000,    0.111000,    5.306947,    4.661768,    5.306947,   26.848398,  -16.848206,  -16.419480,  -52.883764,    0.000000,    0.000000,    0.005240,    0.131134,    0.289809,    0.367291,    0.065636,    0.001689,    0.001721,    0.000000
2019-02-18 24:00:00,322007.409316,    0.000000,    0.000000,    0.000000, 5520.960426, 5520.960000, 1340.563686, -132.745829, 1431.483236,    0.000000,    0.000000,    9.300000,119880.916400,    0.000000,    0.000000,   50.000000,    0.000000,    0.111000,    5.181246,    5.178003,    5.181246,   78.748016,  -31.889810,   -7.181091,  -65.574244,    0.000000,    0.000000,    0.026915,    0.631524,    0.635990,    0.000011,    0.093822,    0.001689,    0.001721,    0.000000
2019-02-19 24:00:00,321881.300316,    0.000000,    0.000000,    0.000000, 5192.640426, 5192.640000,    0.000000, -125.523503,    0.000000,    0.000000,    0.000000,    9.298953,119858.203342,    0.000000,    0.000000,   50.000000,    0.000000,    0.111000,    5.137215,    4.870254,    5.137215,   98.866457,  -30.167219,  -13.592571,  -76.178571,    0.000000,    0.000000,    0.024948,    0.588762,    0.614080,    0.042359,    0.076897,    0.001689,    0.001721,    0.000000
2019-02-20 24:00:00,322007.409316,    0.000000,    0.000000,    0.000000, 6626.880426, 6626.880000,  237.088245,  -40.629420,  395.799624,    0.000000,    0.000000,    9.300000,119880.916400,    0.000000,    0.000000,   50.000000,    0.000000,    0.111000,    4.824313,    3.464455,    4.824313,   14.888579,   -9.763842,  -12.226396,  -46.834738,    0.000000,    0.000000,    0.000040,    0.001257,    0.028369,    5.251078,    0.053253,    0.001689,    0.001721,    0.000000
2019-02-21 24:00:00,322007.409316,    0.000000,    0.000000,    0.000000, 8700.480426, 8700.480000, 2849.884089,  -10.101411, 2775.154282,    0.000000,    0.000000,    9.300000,119880.916400,    0.000000,    0.000000,   50.000000,    0.000000,    0.111000,    5.615018,    4.341264,    5.615018,   98.429098,   -2.425945,   24.863036,  -42.123535,    0.000000,    0.000000,    0.030181,    0.701538,    0.670318,    0.133114,    0.067736,    0.001689,    0.001721,    0.000000
2019-02-22 24:00:00,322007.409316,    0.000000,    0.000000,    0.000000, 9806.400426, 9806.400000, 2751.199093,  -14.313528, 2684.593270,    0.000000,    0.000000,    9.300000,119880.916400,    0.000000,    0.000000,   50.000000,    0.000000,    0.111000,    5.611959,    4.724890,    5.611959,   16.983958,   -3.437650,   -0.193905,  -26.769848,    0.000000,    0.000000,    0.010467,    0.258187,    0.406652,    0.693505,    0.083497,    0.001689,    0.001721,    0.000000
2019-02-23 24:00:00,322007.409316,    0.000000,    0.000000,    0.000000,11482.560426,11482.560000, 2229.524715,  -32.635049, 2195.814503,    0.000000,    0.000000,    9.300000,119880.916400,    0.000000,    0.000000,   50.000000,    0.000000,    0.111000,    5.470695,    4.914254,    5.470695,   19.772201,   -7.838758,   -8.423705,  -37.866435,    0.000000,    0.000000,    0.013785,    0.336782,    0.464440,    0.148284,    0.094475,    0.001689,    0.001721,    0.000000
2019-02-24 24:00:00,322007.409316,    0.000000,    0.000000,    0.000000,10532.160426,10532.160000,  689.074559, -185.201900,  852.980680,    0.000000,    0.000000,    9.300000,119880.916400,    0.000000,    0.000000,   50.000000,    0.000000,    0.111000,    5.854244,    5.097569,    5.854244,  139.183499,  -44.460835,   14.779493,  -68.077866,    0.000000,    0.000000,    0.076169,    1.604205,    1.013644,    0.001991,    0.057775,    0.001689,    0.001721,    0.000000
2019-02-25 24:00:00,321706.661500,    0.000000,    0.000000,    0.000000, 8873.280426, 8873.280000,    0.000000, -299.313264,    0.000000,    0.000000,    0.000000,    9.297503,119826.749746,    0.000000,    0.000000,   50.000000,    0.000000,    0.111000,    5.551532,    5.136953,    5.551532,  170.742472,  -71.919483,   -2.165270, -120.904906,    0.000000,    0.000000,    0.025364,    0.597827,    0.618790,    0.089536,    0.053794,    0.001689,    0.001721,    0.000000
2019-02-26 24:00:00,321532.672998,    0.000000,    0.000000,    0.000000, 8424.000426, 8424.000000,    0.000000, -173.096316,    0.000000,    0.000000,    0.000000,    9.296058,119795.413275,    0.000000,    0.000000,   50.000000,    0.000000,    0.111000,    5.935221,    5.096200,    5.935221,  159.195406,  -41.592919,    1.570717, -101.823866,    0.000000,    0.000000,    0.035324,    0.809360,    0.719990,    0.091103,    0.098678,    0.001689,    0.001721,    0.000000
2019-02-27 24:00:00,321429.189961,    0.000000,    0.000000,    0.000000, 7974.720426, 7974.720000,    0.000000, -102.930878,    0.000000,    0.000000,    0.000000,    9.295199,119776.775301,    0.000000,    0.000000,   50.000000,    0.000000,    0.111000,    5.905307,    5.169097,    5.905307,  121.819474,  -24.736152,   -5.070360,  -87.193362,    0.000000,    0.000000,    0.031005,    0.718847,    0.678537,    0.118526,    0.068434,    0.001689,    0.001721,    0.000000
2019-02-28 24:00:00,321487.037796,    0.000000,    0.000000,    0.000000, 7482.240426, 7482.240000,    0.000000,  -64.136459,  121.661680,    0.000000,    0.000000,    9.295679,119787.194076,    0.000000,    0.000000,   50.000000,    0.000000,    0.111000,    6.583148,    5.267417,    6.583148,  111.544377,  -15.406550,   20.408032,  -54.685849,    0.000000,    0.000000,    0.026620,    0.625066,    0.632730,    0.292997,    0.078150,    0.001689,    0.001721,    0.000000
2019-03-01 24:00:00,322007.409316,    0.000000,    0.000000,    0.000000, 7447.680426, 7447.680000, 1272.791979,  -45.624499, 1797.316670,    0.000000,    0.000000,    9.300000,119880.916400,    0.000000,    0.000000,   50.000000,    0.000000,    0.111000,    5.995026,    5.352905,    5.995026,   13.094530,  -10.950274,  -11.999501,  -43.702386,    0.000000,    0.000000,    0.003312,    0.083752,    0.231608,    4.033299,    0.087326,    0.001689,    0.001721,    0.000000
2019-03-02 24:00:00,321916.585975,    0.000000,    0.000000,    0.000000, 7551.360426, 7551.360000,    0.000000, -120.873294,   30.468413,    0.000000,    0.000000,    9.299246,119864.558520,    0.000000,    0.000000,   50.000000,    0.000000,    0.085000,    6.644248,    5.432543,    6.644248,  183.177964,  -29.003191,   -2.424267,  -65.518769,    0.000000,    0.000000,    0.049408,    1.094227,    0.837161,    0.122798,    0.067729,    0.001689,    0.001721,    0.000000
2019-03-03 24:00:00,322007.409316,    0.000000,    0.000000,    0.000000, 7473.600426, 7473.600000, 1173.049665,  -52.132410, 1279.771015,    0.000000,    0.000000,    9.300000,119880.916400,    0.000000,    0.000000,   50.000000,    0.000000,    0.085000,    6.262625,    5.504861,    6.262625,   11.954365,  -12.510086,  -10.524488,  -41.833122,    0.000000,    0.000000,    0.062471,    1.347513,    0.929013,    0.041186,    0.054459,    0.001689,    0.001721,    0.000000
2019-03-04 24:00:00,321782.536831,    0.000000,    0.000000,    0.000000, 7896.960426, 7896.960000,    0.000000, -254.282496,   30.469733,    0.000000,    0.000000,    9.298133,119840.415390,    0.000000,    0.000000,   50.000000,    0.000000,    0.085000,    5.819811,    5.485536,    5.819811,  154.649958,  -61.065405,  -42.778573,  -98.512100,    0.000000,    0.000000,    0.033303,    0.767236,    0.701003,    0.025897,    0.050123,    0.001689,    0.001721,    0.000000
2019-03-05 24:00:00,321589.944855,    0.000000,    0.000000,    0.000000, 7603.200426, 7603.200000,    0.000000, -191.623589,    0.000000,    0.000000,    0.000000,    9.296534,119805.728312,    0.000000,    0.000000,   50.000000,    0.000000,    0.085000,    5.787392,    4.975780,    5.787392,  199.050001,  -46.036369,  -31.511567, -130.906596,    0.000000,    0.000000,    0.024945,    0.588703,    0.614050,    0.140345,    0.055132,    0.001689,    0.001721,    0.000000
2019-03-06 24:00:00,321344.415346,    0.000000,    0.000000,    0.000000, 7482.240426, 7482.240000,    0.000000, -244.214841,    0.000000,    0.000000,    0.000000,    9.294495,119761.506837,    0.000000,    0.000000,   50.000000,    0.000000,    0.085000,    5.318582,    4.442843,    5.318582,  199.975054,  -58.718008,  -51.136237, -129.629179,    0.000000,    0.000000,    0.022319,    0.530976,    0.583167,    0.088299,    0.099475,    0.001689,    0.001721,    0.000000
2019-03-07 24:00:00,321184.834913,    0.000000,    0.000000,    0.000000, 7162.560426, 7162.560000,    0.000000, -158.677360,    0.000000,    0.000000,    0.000000,    9.293170,119732.765354,    0.000000,    0.000000,   50.000000,    0.000000,    0.085000,    5.451382,    4.738902,    5.451382,  155.237674,  -38.169681,  -20.045241, -103.392267,    0.000000,    0.000000,    0.023005,    0.546133,    0.591432,    0.117344,    0.065158,    0.001689,    0.001721,    0.000000
2019-03-08 24:00:00,321121.736515,    0.000000,    0.000000,    0.000000, 7067.520426, 7067.520000,    0.000000,  -62.730894,    0.000000,    0.000000,    0.000000,    9.292646,119721.400919,    0.000000,    0.000000,   50.000000,    0.000000,    0.085000,    5.012447,    4.736973,    5.012447,   31.620483,  -15.092122,  -10.321445,  -52.282684,    0.000000,    0.000000,    0.015206,    0.369841,    0.486702,    0.074389,    0.066439,    0.001689,    0.001721,    0.000000
2019-03-09 24:00:00,321688.390129,    0.000000,    0.000000,    0.000000, 7136.640426, 7136.640000,    0.000000,  -44.976532,  608.477666,    0.000000,    0.000000,    9.297351,119823.458952,    0.000000,    0.000000,   50.000000,    0.000000,    0.085000,    4.904572,    4.869158,    4.904572,   35.415027,  -10.814053,  -12.055401,  -41.546817,    0.000000,    0.000000,    0.022734,    0.540151,    0.588184,    0.000052,    0.085183,    0.001689,    0.001721,    0.000000
2019-03-10 24:00:00,321971.358728,    0.000000,    0.000000,    0.000000, 6955.200426, 6955.200000,    0.000000,  -53.285924,  334.860276,    0.000000,    0.000000,    9.299701,119874.423453,    0.000000,    0.000000,   50.000000,    0.000000,    0.085000,    6.727823,    4.828221,    6.727823,  162.650609,  -12.782459,   23.793495,  -41.954353,    0.000000,    0.000000,    0.035039,    0.803461,    0.717361,    0.170785,    0.055558,    0.001689,    0.001721,    0.000000
2019-03-11 24:00:00,321819.361268,    0.000000,    0.000000,    0.000000, 7344.000426, 7344.000000,    0.000000, -151.280664,    0.000000,    0.000000,    0.000000,    9.298439,119847.047713,    0.000000,    0.000000,   50.000000,    0.000000,    0.085000,    6.007111,    4.908832,    6.007111,   83.122892,  -36.319130,   16.081571,  -74.552533,    0.000000,    0.000000,    0.032441,    0.749143,    0.692688,    0.130326,    0.054335,    0.001689,    0.001721,    0.000000
2019-03-12 24:00:00,321617.764771,    0.000000,    0.000000,    0.000000, 7188.480426, 7188.480000,    0.000000, -200.592642,    0.000000,    0.000000,    0.000000,    9.296765,119810.738861,    0.000000,    0.000000,   50.000000,    0.000000,    0.085000,    6.106710,    5.407412,    6.106710,  187.182002,  -48.184473,   -1.802049, -111.094044,    0.000000,    0.000000,    0.036488,    0.833467,    0.730633,    0.104096,    0.058408,    0.001689,    0.001721,    0.000000
2019-03-13 24:00:00,321467.185031,    0.000000,    0.000000,    0.000000, 7110.720426, 7110.720000,    0.000000, -149.790233,    0.000000,    0.000000,    0.000000,    9.295514,119783.618463,    0.000000,    0.000000,   50.000000,    0.000000,    0.085000,    6.556062,    5.504770,    6.556062,  149.407546,  -35.983244,    6.431740,  -75.989480,    0.000000,    0.000000,    0.021909,    0.521883,    0.578152,    0.394335,    0.082664,    0.001689,    0.001721,    0.000000
2019-03-14 24:00:00,321455.608828,    0.000000,    0.000000,    0.000000, 7128.000426, 7128.000000,    0.000000,  -11.514442,    0.000000,    0.000000,    0.000000,    9.295418,119781.533512,    0.000000,    0.000000,   50.000000,    0.000000,    0.085000,    7.943833,    5.555584,    7.943833,  135.679701,   -2.765358,   39.562892,  -34.916155,    0.000000,    0.000000,    0.031577,    0.730935,    0.684218,    0.599280,    0.051226,    0.001689,    0.001721,    0.000000
2019-03-15 24:00:00,321399.683757,    0.000000,    0.000000,    0.000000, 7248.960426, 7248.960000,    0.000000,  -55.622533,    0.000000,    0.000000,    0.000000,    9.294954,119771.461040,    0.000000,    0.000000,   50.000000,    0.000000,    0.085000,    8.782105,    5.600549,    8.782105,   72.247474,  -13.322937,   43.282683,  -27.750958,    0.000000,    0.000000,    0.042067,    0.947512,    0.779019,    0.558458,    0.063512,    0.001689,    0.001721,    0.000000
2019-03-16 24:00:00,321079.064344,    0.000000,    0.000000,    0.000000, 7274.880426, 7274.880000,    0.000000, -318.794193,    0.000000,    0.000000,    0.000000,    9.292291,119713.715381,    0.000000,    0.000000,   50.000000,    0.000000,    0.085000,    8.225801,    5.649743,    8.225801,  200.591959,  -76.462565,  -13.117834, -115.697958,    0.000000,    0.000000,    0.024109,    0.570398,    0.604428,    1.259573,    0.058786,    0.001689,    0.001721,    0.000000
2019-03-17 24:00:00,320850.240219,    0.000000,    0.000000,    0.000000, 7223.040426, 7223.040000,    0.000000, -227.426850,    0.000000,    0.000000,    0.000000,    9.290391,119672.502655,    0.000000,    0.000000,   50.000000,    0.000000,    0.085000,    8.404280,    5.698790,    8.404280,  211.494769,  -54.569768,  -15.931560, -117.011640,    0.000000,    0.000000,    0.024940,    0.588555,    0.613972,    1.085765,    0.070771,    0.001689,    0.001721,    0.000000
2019-03-18 24:00:00,320560.057821,    0.000000,    0.000000,    0.000000, 7274.880426, 7274.880000,    0.000000, -288.298484,    0.000000,    0.000000,    0.000000,    9.287982,119620.238901,    0.000000,    0.000000,   50.000000,    0.000000,    0.085000,    7.757248,    5.744625,    7.757248,  177.039773,  -69.214562,  -20.780914, -112.217268,    0.000000,    0.000000,    0.067105,    1.434928,    0.958673,    0.167697,    0.078645,    0.001689,    0.001721,    0.000000
2019-03-19 24:00:00,320374.373547,    0.000000,    0.000000,    0.000000, 7214.400426, 7214.400000,    0.000000, -184.412157,    0.000000,    0.000000,    0.000000,    9.286440,119586.795946,    0.000000,    0.000000,   50.000000,    0.000000,    0.085000,    8.075195,    5.793287,    8.075195,  217.764282,  -44.294459,  -18.936457, -128.531148,    0.000000,    0.000000,    0.023413,    0.555089,    0.596262,    0.917062,    0.089544,    0.001689,    0.001721,    0.000000
2019-03-20 24:00:00,320226.573871,    0.000000,    0.000000,    0.000000, 7171.200426, 7171.200000,    0.000000, -146.750187,    0.000000,    0.000000,    0.000000,    9.285213,119560.176254,    0.000000,    0.000000,   50.000000,    0.000000,    0.085000,    8.641255,    5.840558,    8.641255,  204.725531,  -35.245850,   -5.741525, -104.049851,    0.000000,    0.000000,    0.010580,    0.260851,    0.408744,    4.160197,    0.055113,    0.001689,    0.001721,    0.000000
2019-03-21 24:00:00,321115.783697,    0.000000,    0.000000,    0.000000, 7223.040426, 7223.040000,    0.000000, -119.524392, 1002.579929,    0.000000,    0.000000,    9.292596,119720.328777,    0.000000,    0.000000,   50.000000,    0.000000,    0.085000,    8.651646,    5.881734,    8.651646,  128.334251,  -28.659307,   -7.637291,  -53.309834,    0.000000,    0.000000,    0.029437,    0.685525,    0.662624,    1.007795,    0.089544,    0.001689,    0.001721,    0.000000
2019-03-22 24:00:00,320859.480029,    0.000000,    0.000000,    0.000000, 7145.280426, 7145.280000,    0.000000, -254.747690,    0.000000,    0.000000,    0.000000,    9.290468,119674.166805,    0.000000,    0.000000,   50.000000,    0.000000,    0.085000,    8.565859,    5.925436,    8.565859,  183.432376,  -61.085249,  -12.929054,  -87.865419,    0.000000,    0.000000,    0.043099,    0.968296,    0.787516,    0.546917,    0.093761,    0.001689,    0.001721,    0.000000
2019-03-23 24:00:00,320564.877544,    0.000000,    0.000000,    0.000000, 6661.440426, 6661.440000,    0.000000, -292.692896,    0.000000,    0.000000,    0.000000,    9.288022,119621.106965,    0.000000,    0.000000,   50.000000,    0.000000,    0.085000,    8.596880,    5.969226,    8.596880,  229.899826,  -70.235722,   -8.513784, -126.295278,    0.000000,    0.000000,    0.032715,    0.754845,    0.695319,    0.846175,    0.064477,    0.001689,    0.001721,    0.000000
2019-03-24 24:00:00,320352.448221,    0.000000,    0.000000,    0.000000, 6704.640426, 6704.640000,    0.000000, -210.971444,    0.000000,    0.000000,    0.000000,    9.286258,119582.847050,    0.000000,    0.000000,   50.000000,    0.000000,    0.085000,    9.296667,    6.012770,    9.296667,  196.643104,  -50.625756,   10.019989,  -91.316081,    0.000000,    0.000000,    0.024936,    0.588455,    0.613920,    1.515225,    0.056478,    0.001689,    0.001721,    0.000000
2019-03-25 24:00:00,320722.802742,    0.000000,    0.000000,    0.000000, 6514.560426, 6514.560000,    0.000000,  -57.564490,  425.384802,    0.000000,    0.000000,    9.289333,119649.550329,    0.000000,    0.000000,   50.000000,    0.000000,    0.085000,    9.156573,    6.044373,    9.156573,   54.581559,  -13.804551,    3.442982,  -49.794795,    0.000000,    0.000000,    0.025217,    0.594594,    0.617114,    1.479697,    0.072558,    0.001689,    0.001721,    0.000000
2019-03-26 24:00:00,320512.662801,    0.000000,    0.000000,    0.000000, 6359.040426, 6359.040000,    0.000000, -208.747810,    0.000000,    0.000000,    0.000000,    9.287588,119611.702747,    0.000000,    0.000000,   50.000000,    0.000000,    0.085000,    9.299892,    6.086478,    9.299892,  195.210917,  -50.066686,  -11.792172,  -85.474061,    0.000000,    0.000000,    0.014289,    0.348525,    0.472468,    4.544804,    0.064477,    0.001689,    0.001721,    0.000000
2019-03-27 24:00:00,320315.503811,    0.000000,    0.000000,    0.000000, 6056.640426, 6056.640000,    0.000000, -195.792667,    0.000000,    0.000000,    0.000000,    9.285951,119576.193120,    0.000000,    0.000000,   50.000000,    0.000000,    0.085000,    9.572665,    6.122271,    9.572665,  233.771250,  -46.958247,  -13.671533, -133.710786,    0.000000,    0.000000,    0.017181,    0.415316,    0.515756,    3.281655,    0.063558,    0.001689,    0.001721,    0.000000
2019-03-28 24:00:00,320119.076641,    0.000000,    0.000000,    0.000000, 6022.080426, 6022.080000,    0.000000, -195.008183,    0.000000,    0.000000,    0.000000,    9.284320,119540.815298,    0.000000,    0.000000,   50.000000,    0.000000,    0.085000,   10.018844,    6.157867,   10.018844,  216.431496,  -46.773122,    0.966511, -104.852015,    0.000000,    0.000000,    0.022860,    0.542901,    0.589679,    2.461422,    0.061619,    0.001689,    0.001721,    0.000000
2019-03-29 24:00:00,319951.660599,    0.000000,    0.000000,    0.000000, 6125.760426, 6125.760000,    0.000000, -166.160932,    0.000000,    0.000000,    0.000000,    9.282930,119510.662571,    0.000000,    0.000000,   50.000000,    0.000000,    0.085000,   10.986243,    6.190876,   10.986243,  182.270184,  -39.835326,   16.927487,  -71.444388,    0.000000,    0.000000,    0.023962,    0.567146,    0.602702,    2.617226,    0.067876,    0.001689,    0.001721,    0.000000
2019-03-30 24:00:00,319732.443311,    0.000000,    0.000000,    0.000000, 6160.320426, 6160.320000,    0.000000, -217.511115,    0.000000,    0.000000,    0.000000,    9.281110,119471.180099,    0.000000,    0.000000,   50.000000,    0.000000,    0.085000,   11.387757,    6.223261,   11.387757,  172.936169,  -52.111336,   38.450726,  -65.561969,    0.000000,    0.000000,    0.008468,    0.209974,    0.366723,   20.398442,    0.072645,    0.001689,    0.001721,    0.000000
2019-03-31 24:00:00,319389.224752,    0.000000,    0.000000,    0.000000, 6298.560426, 6298.560000,    0.000000, -340.404206,    0.000000,    0.000000,    0.000000,    9.278260,119409.364185,    0.000000,    0.000000,   50.000000,    0.000000,    0.085000,   11.192887,    6.256976,   11.192887,  225.101026,  -81.567123,  -19.545459,  -94.943481,    0.000000,    0.000000,    0.047862,    1.063397,    0.825284,    1.195528,    0.073402,    0.001689,    0.001721,    0.000000
2019-04-01 24:00:00,319098.638372,    0.000000,    0.000000,    0.000000, 6635.520426, 6635.520000,    0.000000, -288.065229,    0.000000,    0.000000,    0.000000,    9.275847,119357.027672,    0.000000,    0.000000,   50.000000,    0.000000,    0.085000,   10.784701,    6.289934,   10.784701,  238.151843,  -69.120742,  -41.080916, -145.500644,    0.000000,    0.000000,    0.006057,    0.151170,    0.311163,   28.212141,    0.076261,    0.001689,    0.001721,    0.000000
2019-04-02 24:00:00,318945.830609,    0.000000,    0.000000,    0.000000, 6592.320426, 6592.320000,    0.000000, -151.430636,    0.000000,    0.000000,    0.000000,    9.274578,119329.505991,    0.000000,    0.000000,   50.000000,    0.000000,    0.073000,    9.979082,    6.317994,    9.979082,  112.391590,  -36.362378,  -16.282077, -112.721760,    0.000000,    0.000000,    0.023127,    0.548753,    0.592849,    2.742087,    0.070059,    0.001689,    0.001721,    0.000000
2019-04-03 24:00:00,318715.441487,    0.000000,    0.000000,    0.000000, 6186.240426, 6186.240000,    0.000000, -228.246978,    0.000000,    0.000000,    0.000000,    9.272665,119288.011399,    0.000000,    0.000000,   50.000000,    0.000000,    0.073000,   10.927106,    6.349567,   10.927106,  241.124868,  -54.815998,    4.497814, -108.205511,    0.000000,    0.000000,    0.031122,    0.721182,    0.679638,    1.692562,    0.055707,    0.001689,    0.001721,    0.000000
2019-04-04 24:00:00,318482.242960,    0.000000,    0.000000,    0.000000, 5486.400426, 5486.400000,    0.000000, -230.949601,    0.000000,    0.000000,    0.000000,    9.270728,119246.010815,    0.000000,    0.000000,   50.000000,    0.000000,    0.073000,   11.889087,    6.380133,   11.889087,  230.899465,  -55.440877,   15.756799,  -72.905173,    0.000000,    0.000000,    0.029696,    0.690937,    0.665234,    2.569243,    0.061621,    0.001689,    0.001721,    0.000000
2019-04-05 24:00:00,319765.828867,    0.000000,    0.000000,    0.000000, 5218.560426, 5218.560000,    0.000000,  -61.834598, 1333.810283,    0.000000,    0.000000,    9.281387,119477.193057,    0.000000,    0.000000,   50.000000,    0.000000,    0.073000,   11.665869,    6.404602,   11.665869,   53.914131,  -14.807767,   -2.254706,  -38.829154,    0.000000,    0.000000,    0.004090,    0.102858,    0.256669,   60.266795,    0.065046,    0.001689,    0.001721,    0.000000
2019-04-06 24:00:00,319724.427873,    0.000000,    0.000000,    0.000000, 5140.800426, 5140.800000,    0.000000,  -41.072784,    0.000000,    0.000000,    0.000000,    9.281043,119469.736466,    0.000000,    0.000000,   50.000000,    0.000000,    0.073000,   13.574625,    6.429557,   13.574625,  179.009201,   -9.819676,    5.212627,  -43.550128,    0.000000,    0.000000,    0.014416,    0.351472,    0.474461,    9.764047,    0.058127,    0.001689,    0.001721,    0.000000
2019-04-07 24:00:00,319778.748184,    0.000000,    0.000000,    0.000000, 4726.080426, 4726.080000,    0.000000,   -6.793813,   60.680135,    0.000000,    0.000000,    9.281494,119479.519910,    0.000000,    0.000000,   50.000000,    0.000000,    0.073000,   13.567517,    6.452114,   13.567517,   63.607676,   -1.623913,    3.983246,  -32.772075,    0.000000,    0.000000,    0.011462,    0.281892,    0.424910,   16.645292,    0.058127,    0.001689,    0.001721,    0.000000
2019-04-08 24:00:00,322007.409316,    0.000000,    0.000000,    0.000000, 5538.240426, 5538.240000,  268.215123,  -18.473849, 2490.793116,    0.000000,    0.000000,    9.300000,119880.916400,    0.000000,    0.000000,   50.000000,    0.000000,    0.073000,   14.841100,    6.473743,   14.841100,  120.222896,   -4.397939,    5.431036,  -29.350031,    0.000000,    0.000000,    0.016660,    0.403414,    0.508312,   10.932918,    0.054347,    0.001689,    0.001721,    0.000000
2019-04-09 24:00:00,321879.599999,    0.000000,    0.000000,    0.000000, 6039.360426, 6039.360000,    0.000000, -127.216021,    0.000000,    0.000000,    0.000000,    9.298939,119857.897104,    0.000000,    0.000000,   50.000000,    0.000000,    0.073000,   15.539880,    6.497404,   15.539880,  171.709821,  -30.233829,    9.195005,  -61.969489,    0.000000,    0.000000,    0.027465,    0.643330,    0.641907,    5.285386,    0.052927,    0.001689,    0.001721,    0.000000
2019-04-10 24:00:00,321625.630884,    0.000000,    0.000000,    0.000000, 5322.240426, 5322.240000,    0.000000, -252.717710,    0.000000,    0.000000,    0.000000,    9.296830,119812.155600,    0.000000,    0.000000,   50.000000,    0.000000,    0.073000,   15.730332,    6.521202,   15.730332,  247.330804,  -60.104877,   -1.220579, -107.589007,    0.000000,    0.000000,    0.024113,    0.570503,    0.604484,    7.331466,    0.056646,    0.001689,    0.001721,    0.000000
2019-04-11 24:00:00,321422.334303,    0.000000,    0.000000,    0.000000, 4829.760426, 4829.760000,    0.000000, -202.225084,    0.000000,    0.000000,    0.000000,    9.295142,119775.540552,    0.000000,    0.000000,   50.000000,    0.000000,    0.073000,   15.674784,    6.542130,   15.674784,  159.217233,  -48.104618,    9.406550,  -78.315825,    0.000000,    0.000000,    0.046540,    1.037301,    0.815094,    2.533919,    0.055570,    0.001689,    0.001721,    0.000000
2019-04-12 24:00:00,321967.177842,    0.000000,    0.000000,    0.000000, 4950.720426, 4950.720000,    0.000000,  -36.182608,  578.248938,    0.000000,    0.000000,    9.299666,119873.670448,    0.000000,    0.000000,   50.000000,    0.000000,    0.073000,   15.424011,    6.559960,   15.424011,   37.449673,   -8.600577,    4.877924,  -31.246931,    0.000000,    0.000000,    0.023149,    0.549314,    0.593152,    8.419929,    0.074228,    0.001689,    0.001721,    0.000000
2019-04-13 24:00:00,322007.409316,    0.000000,    0.000000,    0.000000, 5814.720426, 5814.720000, 1620.746290,  -34.211419, 1644.815001,    0.000000,    0.000000,    9.300000,119880.916400,    0.000000,    0.000000,   50.000000,    0.000000,    0.073000,   15.480480,    6.577282,   15.480480,   76.028142,   -8.131334,    0.528047,  -47.117150,    0.000000,    0.000000,    0.006539,    0.162993,    0.323102,   68.839785,    0.068992,    0.001689,    0.001721,    0.000000
2019-04-14 24:00:00,322007.409316,    0.000000,    0.000000,    0.000000,10532.160426,10532.160000, 5839.193921,   -6.937445, 5681.249519,    0.000000,    0.000000,    9.300000,119880.916400,    0.000000,    0.000000,   50.000000,    0.000000,    0.073000,   15.365035,    6.594464,   15.365035,   19.714108,   -1.649151,   13.603516,  -29.484484,    0.000000,    0.000000,    0.041705,    0.940649,    0.776192,    3.368151,    0.052091,    0.001689,    0.001721,    0.000000
2019-04-15 24:00:00,321830.548837,    0.000000,    0.000000,    0.000000,11992.320426,11992.320000,    0.000000, -358.779132,  182.725420,    0.000000,    0.000000,    9.298531,119849.062668,    0.000000,    0.000000,   50.000000,    0.000000,    0.073000,   14.213087,    6.617410,   14.213087,  194.207862,  -85.352260,  -31.855663, -116.731266,    0.000000,    0.000000,    0.014165,    0.345635,    0.470505,   16.775056,    0.068048,    0.001689,    0.001721,    0.000000
2019-04-16 24:00:00,321499.242770,    0.000000,    0.000000,    0.000000, 8449.920426, 8449.920000,    0.000000, -329.631811,    0.000000,    0.000000,    0.000000,    9.295780,119789.392272,    0.000000,    0.000000,   50.000000,    0.000000,    0.073000,   14.142665,    6.641780,   14.142665,  248.575890,  -78.551193,  -18.902663, -115.133060,    0.000000,    0.000000,    0.027041,    0.634158,    0.637315,    5.406674,    0.083830,    0.001689,    0.001721,    0.000000
2019-04-17 24:00:00,321336.453209,    0.000000,    0.000000,    0.000000, 8035.200426, 8035.200000,    0.000000, -161.905716,    0.000000,    0.000000,    0.000000,    9.294429,119760.072804,    0.000000,    0.000000,   50.000000,    0.000000,    0.073000,   15.491234,    6.660476,   15.491234,  213.888133,  -38.564825,   14.023228,  -74.596024,    0.000000,    0.000000,    0.021362,    0.509706,    0.571367,    8.420048,    0.083830,    0.001689,    0.001721,    0.000000
2019-04-18 24:00:00,321139.336119,    0.000000,    0.000000,    0.000000, 7853.760426, 7853.760000,    0.000000, -226.433516,   30.437718,    0.000000,    0.000000,    9.292792,119724.570723,    0.000000,    0.000000,   50.000000,    0.000000,    0.073000,   16.333128,    6.683353,   16.333128,  225.845879,  -53.844514,   32.745731,  -63.896325,    0.000000,    0.000000,    0.053496,    1.174352,    0.867270,    2.416190,    0.053072,    0.001689,    0.001721,    0.000000
2019-04-19 24:00:00,322007.409316,    0.000000,    0.000000,    0.000000, 8354.880426, 8354.880000, 1913.679833,  -22.411639, 2741.412702,    0.000000,    0.000000,    9.300000,119880.916400,    0.000000,    0.000000,   50.000000,    0.000000,    0.073000,   16.209706,    6.702133,   16.209706,   34.634736,   -5.322497,   13.412580,  -29.655755,    0.000000,    0.000000,    0.059537,    1.291508,    0.909503,    2.168478,    0.059731,    0.001689,    0.001721,    0.000000
2019-04-20 24:00:00,321945.729037,    0.000000,    0.000000,    0.000000, 8475.840426, 8475.840000,    0.000000, -305.053868,  243.608012,    0.000000,    0.000000,    9.299488,119869.807377,    0.000000,    0.000000,   50.000000,    0.000000,    0.073000,   14.808020,    6.727263,   14.808020,  111.816831,  -72.509545,  -24.631757,  -91.182164,    0.000000,    0.000000,    0.007377,    0.183455,    0.342784,   56.102044,    0.085820,    0.001689,    0.001721,    0.000000
2019-04-21 24:00:00,321589.364198,    0.000000,    0.000000,    0.000000, 7862.400426, 7862.400000,    0.000000, -354.618603,    0.000000,    0.000000,    0.000000,    9.296529,119805.623732,    0.000000,    0.000000,   50.000000,    0.000000,    0.073000,   14.605695,    6.751551,   14.605695,  260.801612,  -84.406150,  -23.789066, -117.460934,    0.000000,    0.000000,    0.079178,    1.659421,    1.030941,    1.062422,    0.074242,    0.001689,    0.001721,    0.000000
2019-04-22 24:00:00,321355.314662,    0.000000,    0.000000,    0.000000, 7845.120426, 7845.120000,    0.000000, -293.636792,   60.835433,    0.000000,    0.000000,    9.294585,119763.469875,    0.000000,    0.000000,   50.000000,    0.000000,    0.073000,   15.232498,    6.773835,   15.232498,  266.087802,  -69.947003,  -11.574220, -109.708908,    0.000000,    0.000000,    0.020409,    0.488432,    0.559316,   10.198102,    0.092714,    0.001689,    0.001721,    0.000000
2019-04-23 24:00:00,321166.428395,    0.000000,    0.000000,    0.000000, 7948.800426, 7948.800000,    0.000000, -187.816407,    0.000000,    0.000000,    0.000000,    9.293017,119729.450219,    0.000000,    0.000000,   50.000000,    0.000000,    0.073000,   16.702665,    6.800741,   16.702665,  247.952276,  -44.667662,   14.469842,  -85.446072,    0.000000,    0.000000,    0.022868,    0.543093,    0.589783,    9.147077,    0.092714,    0.001689,    0.001721,    0.000000
2019-04-24 24:00:00,321020.631353,    0.000000,    0.000000,    0.000000, 7845.120426, 7845.120000,    0.000000, -144.934584,    0.000000,    0.000000,    0.000000,    9.291806,119703.191216,    0.000000,    0.000000,   50.000000,    0.000000,    0.073000,   17.495302,    6.822724,   17.495302,  189.428692,  -34.437415,   13.416033,  -65.857609,    0.000000,    0.000000,    0.026616,    0.624966,    0.632679,    8.165183,    0.092714,    0.001689,    0.001721,    0.000000
2019-04-25 24:00:00,320891.584687,    0.000000,    0.000000,    0.000000, 7706.880426, 7706.880000,    0.000000, -128.256939,    0.000000,    0.000000,    0.000000,    9.290735,119679.949065,    0.000000,    0.000000,   50.000000,    0.000000,    0.073000,   18.213456,    6.842990,   18.213456,  173.920361,  -30.455600,    8.003754,  -62.989677,    0.000000,    0.000000,    0.002983,    0.075679,    0.220162,  270.616641,    0.092714,    0.001689,    0.001721,    0.000000
2019-04-26 24:00:00,321232.551796,    0.000000,    0.000000,    0.000000, 7827.840426, 7827.840000,    0.000000, -299.587716,  638.405119,    0.000000,    0.000000,    9.293566,119741.359478,    0.000000,    0.000000,   50.000000,    0.000000,    0.073000,   16.477414,    6.863300,   16.477414,   84.158483,  -71.143139,  -11.109299,  -66.122839,    0.000000,    0.000000,    0.025499,    0.600762,    0.620307,    9.582568,    0.081928,    0.001689,    0.001721,    0.000000
2019-04-27 24:00:00,320928.150677,    0.000000,    0.000000,    0.000000, 7680.960426, 7680.960000,    0.000000, -302.595660,    0.000000,    0.000000,    0.000000,    9.291038,119686.534839,    0.000000,    0.000000,   50.000000,    0.000000,    0.073000,   17.061454,    6.886943,   17.061454,  270.155623,  -71.955887,   -5.062057, -109.014757,    0.000000,    0.000000,    0.024385,    0.576437,    0.607619,   10.453480,    0.064735,    0.001689,    0.001721,    0.000000
2019-04-28 24:00:00,320576.919033,    0.000000,    0.000000,    0.000000, 7784.640426, 7784.640000,    0.000000, -348.979300,    0.000000,    0.000000,    0.000000,    9.288122,119623.275716,    0.000000,    0.000000,   50.000000,    0.000000,    0.073000,   17.247605,    6.910645,   17.247605,  246.556106,  -82.880699,    5.119985,  -86.981142,    0.000000,    0.000000,    0.011845,    0.291013,    0.431729,   38.091558,    0.076563,    0.001689,    0.001721,    0.000000
2019-04-29 24:00:00,320357.616885,    0.000000,    0.000000,    0.000000, 7568.640426, 7568.640000,    0.000000, -217.800030,    0.000000,    0.000000,    0.000000,    9.286301,119583.777961,    0.000000,    0.000000,   50.000000,    0.000000,    0.073000,   16.935296,    6.931584,   16.935296,  174.181138,  -51.807094,  -18.230197,  -90.211828,    0.000000,    0.000000,    0.004660,    0.116870,    0.273595,  156.904915,    0.064637,    0.001689,    0.001721,    0.000000
2019-04-30 24:00:00,320269.007409,    0.000000,    0.000000,    0.000000, 7672.320426, 7672.320000,    0.000000,  -87.981981,    0.000000,    0.000000,    0.000000,    9.285565,119567.818813,    0.000000,    0.000000,   50.000000,    0.000000,    0.073000,   19.087912,    6.955146,   19.087912,  238.895854,  -20.898153,    9.476183,  -74.205518,    0.000000,    0.000000,    0.015990,    0.387963,    0.498483,   22.371088,    0.073981,    0.001689,    0.001721,    0.000000
2019-05-01 24:00:00,320091.024184,    0.000000,    0.000000,    0.000000, 7680.960426, 7680.960000,    0.000000, -176.688029,    0.000000,    0.000000,    0.000000,    9.284087,119535.762867,    0.000000,    0.000000,   50.000000,    0.000000,    0.073000,   20.110961,    6.977974,   20.110961,  255.979710,  -41.890421,   18.316397,  -84.771692,    0.000000,    0.000000,    0.006892,    0.171611,    0.331534,  106.817389,    0.051541,    0.001689,    0.001721,    0.000000
2019-05-02 24:00:00,319980.063616,    0.000000,    0.000000,    0.000000, 7620.480426, 7620.480000,    0.000000, -110.128743,    0.000000,    0.000000,    0.000000,    9.283166,119515.778140,    0.000000,    0.000000,   50.000000,    0.000000,    0.068000,   21.152388,    7.002724,   21.152388,  211.341228,  -26.093447,    4.243694,  -78.335769,    0.000000,    0.000000,    0.019050,    0.457820,    0.541505,   21.896758,    0.052829,    0.001689,    0.001721,    0.000000
2019-05-03 24:00:00,320002.661820,    0.000000,    0.000000,    0.000000, 7542.720426, 7542.720000,    0.000000, -159.723200,  182.136953,    0.000000,    0.000000,    9.283353,119519.848225,    0.000000,    0.000000,   50.000000,    0.000000,    0.068000,   21.944370,    7.026631,   21.944370,  231.184871,  -37.805927,    1.103274,  -81.302189,    0.000000,    0.000000,    0.020130,    0.482135,    0.555699,   21.860968,    0.054829,    0.001689,    0.001721,    0.000000
2019-05-04 24:00:00,320566.261038,    0.000000,    0.000000,    0.000000, 7413.120426, 7413.120000,    0.000000, -138.974849,  698.420749,    0.000000,    0.000000,    9.288033,119621.356141,    0.000000,    0.000000,   50.000000,    0.000000,    0.068000,   22.354861,    7.050069,   22.354861,  183.477499,  -32.853720,   -6.426635,  -60.649352,    0.000000,    0.000000,    0.005122,    0.128222,    0.286574,  204.388294,    0.052291,    0.001689,    0.001721,    0.000000
2019-05-05 24:00:00,321405.881001,    0.000000,    0.000000,    0.000000, 7240.320426, 7240.320000,    0.000000, -199.440696, 1033.767598,    0.000000,    0.000000,    9.295005,119772.577204,    0.000000,    0.000000,   50.000000,    0.000000,    0.068000,   21.215666,    7.072841,   21.215666,  118.948308,  -47.089521,  -10.967405,  -72.550158,    0.000000,    0.000000,    0.035323,    0.809324,    0.719974,    9.089478,    0.073981,    0.001689,    0.001721,    0.000000
2019-05-06 24:00:00,321078.030854,    0.000000,    0.000000,    0.000000, 6886.080426, 6886.080000,    0.000000, -325.985237,    0.000000,    0.000000,    0.000000,    9.292283,119713.529242,    0.000000,    0.000000,   50.000000,    0.000000,    0.068000,   21.016168,    7.098789,   21.016168,  274.988040,  -77.122904,  -16.924884, -120.422326,    0.000000,    0.000000,    0.019731,    0.473187,    0.550518,   25.058698,    0.073981,    0.001689,    0.001721,    0.000000
2019-05-07 24:00:00,321225.935417,    0.000000,    0.000000,    0.000000, 6540.480426, 6540.480000,    0.000000, -157.036092,  304.038868,    0.000000,    0.000000,    9.293511,119740.167824,    0.000000,    0.000000,   50.000000,    0.000000,    0.068000,   21.226913,    7.123337,   21.226913,  184.017942,  -37.135579,   -7.554849,  -85.604012,    0.000000,    0.000000,    0.011213,    0.275984,    0.420433,   62.755618,    0.073981,    0.001689,    0.001721,    0.000000
2019-05-08 24:00:00,321052.457948,    0.000000,    0.000000,    0.000000, 6065.280426, 6065.280000,    0.000000, -172.463408,    0.000000,    0.000000,    0.000000,    9.292070,119708.923394,    0.000000,    0.000000,   50.000000,    0.000000,    0.068000,   22.988988,    7.149599,   22.988988,  275.844384,  -40.709272,   -3.679135,  -74.430836,    0.000000,    0.000000,    0.012613,    0.309192,    0.445010,   55.114453,    0.073981,    0.001689,    0.001721,    0.000000
2019-05-09 24:00:00,320788.423259,    0.000000,    0.000000,    0.000000, 5538.240426, 5538.240000,    0.000000, -262.405529,    0.000000,    0.000000,    0.000000,    9.289878,119661.369015,    0.000000,    0.000000,   50.000000,    0.000000,    0.068000,   22.560740,    7.172651,   22.560740,  190.554231,  -61.958522,   -5.729688,  -78.692931,    0.000000,    0.000000,    0.048184,    1.069909,    0.827807,    6.135108,    0.073981,    0.001689,    0.001721,    0.000000
2019-05-10 24:00:00,320560.684134,    0.000000,    0.000000,    0.000000, 4968.000426, 4968.000000,    0.000000, -226.249847,    0.000000,    0.000000,    0.000000,    9.287987,119620.351704,    0.000000,    0.000000,   50.000000,    0.000000,    0.068000,   22.735268,    7.197826,   22.735268,  208.386233,  -53.458634,   -8.580380,  -80.705137,    0.000000,    0.000000,    0.023276,    0.552089,    0.594648,   21.805281,    0.073981,    0.001689,    0.001721,    0.000000
2019-05-11 24:00:00,321392.395080,    0.000000,    0.000000,    0.000000, 4812.480426, 4812.480000,    0.000000, -115.814050,  942.153704,    0.000000,    0.000000,    9.294893,119770.148302,    0.000000,    0.000000,   50.000000,    0.000000,    0.068000,   22.091390,    7.221545,   22.091390,   91.479619,  -27.333977,   -8.636392,  -62.829381,    0.000000,    0.000000,    0.017053,    0.412420,    0.513955,   35.825567,    0.058763,    0.001689,    0.001721,    0.000000
2019-05-12 24:00:00,322007.409316,    0.000000,    0.000000,    0.000000, 5279.040426, 5279.040000,  718.086003,  -92.862526, 1400.430329,    0.000000,    0.000000,    9.300000,119880.916400,    0.000000,    0.000000,   50.000000,    0.000000,    0.068000,   22.037244,    7.247241,   22.037244,  116.728620,  -21.904131,   -6.981869,  -59.862702,    0.000000,    0.000000,    0.016001,    0.388266,    0.498678,   40.790650,    0.073981,    0.001689,    0.001721,    0.000000
2019-05-13 24:00:00,321960.766228,    0.000000,    0.000000,    0.000000, 5192.640426, 5192.640000,    0.000000, -320.607220,  274.150478,    0.000000,    0.000000,    9.299613,119872.515674,    0.000000,    0.000000,   50.000000,    0.000000,    0.068000,   21.061908,    7.272172,   21.061908,  185.086161,  -75.661502,  -26.915593, -102.926750,    0.000000,    0.000000,    0.031153,    0.722002,    0.680025,   12.052979,    0.064014,    0.001689,    0.001721,    0.000000
2019-05-14 24:00:00,321387.215815,    0.000000,    0.000000,    0.000000, 4648.320426, 4648.320000,    0.000000, -570.664071,    0.000000,    0.000000,    0.000000,    9.294850,119769.215482,    0.000000,    0.000000,   50.000000,    0.000000,    0.068000,   18.876165,    7.300817,   18.876165,  195.399235, -135.085363,  -46.588899, -134.170974,    0.000000,    0.000000,    0.012614,    0.309224,    0.445033,   44.465881,    0.090734,    0.001689,    0.001721,    0.000000
2019-05-15 24:00:00,321066.461240,    0.000000,    0.000000,    0.000000, 4078.080426, 4078.080000,    0.000000, -318.922610,    0.000000,    0.000000,    0.000000,    9.292187,119711.445479,    0.000000,    0.000000,   50.000000,    0.000000,    0.068000,   18.919116,    7.329918,   18.919116,  263.941312,  -75.625971,  -22.385522, -124.910204,    0.000000,    0.000000,    0.038966,    0.884401,    0.752627,    6.549726,    0.060948,    0.001689,    0.001721,    0.000000
2019-05-16 24:00:00,320772.242721,    0.000000,    0.000000,    0.000000, 3637.440426, 3637.440000,    0.000000, -292.402594,    0.000000,    0.000000,    0.000000,    9.289744,119658.454794,    0.000000,    0.000000,   50.000000,    0.000000,    0.068000,   19.607593,    7.359701,   19.607593,  272.299271,  -69.345459,   -9.946086, -114.308672,    0.000000,    0.000000,    0.021631,    0.515686,    0.574709,   17.320970,    0.058662,    0.001689,    0.001721,    0.000000
2019-05-17 24:00:00,320750.196886,    0.000000,    0.000000,    0.000000, 3291.840426, 3291.840000,    0.000000, -173.871675,  151.954960,    0.000000,    0.000000,    9.289561,119654.484194,    0.000000,    0.000000,   50.000000,    0.000000,    0.068000,   20.634061,    7.387803,   20.634061,  215.059289,  -41.189291,    2.261772,  -80.056004,    0.000000,    0.000000,    0.026334,    0.618848,    0.629575,   12.774449,    0.058662,    0.001689,    0.001721,    0.000000
2019-05-18 24:00:00,320687.404327,    0.000000,    0.000000,    0.000000, 2980.800426, 2980.800000,    0.000000, -153.610688,   91.222236,    0.000000,    0.000000,    9.289039,119643.174842,    0.000000,    0.000000,   50.000000,    0.000000,    0.068000,   21.961563,    7.417767,   21.961563,  244.546994,  -36.356385,    4.354906,  -77.215503,    0.000000,    0.000000,    0.028301,    0.661225,    0.650774,   12.524542,    0.058662,    0.001689,    0.001721,    0.000000
2019-05-19 24:00:00,320468.155547,    0.000000,    0.000000,    0.000000, 2704.320426, 2704.320000,    0.000000, -217.784035,    0.000000,    0.000000,    0.000000,    9.287219,119603.686699,    0.000000,    0.000000,   50.000000,    0.000000,    0.068000,   23.079678,    7.449472,   23.079678,  261.217885,  -51.430553,   10.821940,  -82.508469,    0.000000,    0.000000,    0.008225,    0.204077,    0.361537,  109.810673,    0.051334,    0.001689,    0.001721,    0.000000
2019-05-20 24:00:00,320175.148764,    0.000000,    0.000000,    0.000000, 2496.960426, 2496.960000,    0.000000, -290.936913,    0.000000,    0.000000,    0.000000,    9.284786,119550.914255,    0.000000,    0.000000,   50.000000,    0.000000,    0.068000,   23.448094,    7.480093,   23.448094,  247.984824,  -68.667372,    1.348868,  -93.310006,    0.000000,    0.000000,    0.038223,    0.869105,    0.746090,    9.098712,    0.058662,    0.001689,    0.001721,    0.000000
2019-05-21 24:00:00,319867.823801,    0.000000,    0.000000,    0.000000, 2229.120426, 2229.120000,    0.000000, -305.015721,    0.000000,    0.000000,    0.000000,    9.282234,119495.563013,    0.000000,    0.000000,   50.000000,    0.000000,    0.068000,   23.165727,    7.511258,   23.165727,  251.117135,  -72.096779,   -9.167902, -118.351583,    0.000000,    0.000000,    0.017711,    0.427411,    0.523213,   34.965032,    0.056444,    0.001689,    0.001721,    0.000000
2019-05-22 24:00:00,319589.952689,    0.000000,    0.000000,    0.000000, 2013.120426, 2013.120000,    0.000000, -275.661571,    0.000000,    0.000000,    0.000000,    9.279926,119445.516603,    0.000000,    0.000000,   50.000000,    0.000000,    0.068000,   23.669711,    7.543100,   23.669711,  279.569326,  -65.162939,   -9.015489, -109.838955,    0.000000,    0.000000,    0.012097,    0.296964,    0.436122,   68.209394,    0.058662,    0.001689,    0.001721,    0.000000
2019-05-23 24:00:00,319411.584613,    0.000000,    0.000000,    0.000000, 1987.200426, 1987.200000,    0.000000, -176.888352,    0.000000,    0.000000,    0.000000,    9.278445,119413.391343,    0.000000,    0.000000,   50.000000,    0.000000,    0.068000,   24.449281,    7.574733,   24.449281,  214.754095,  -41.769961,    2.269072,  -76.561617,    0.000000,    0.000000,    0.028572,    0.666981,    0.653600,   17.128761,    0.058662,    0.001689,    0.001721,    0.000000
2019-05-24 24:00:00,319139.642028,    0.000000,    0.000000,    0.000000, 1883.520426, 1883.520000,    0.000000, -269.595366,    0.000000,    0.000000,    0.000000,    9.276187,119364.412699,    0.000000,    0.000000,   50.000000,    0.000000,    0.068000,   24.807554,    7.606858,   24.807554,  217.101768,  -63.660176,    5.141445,  -79.893830,    0.000000,    0.000000,    0.026321,    0.618506,    0.629401,   20.613263,    0.058662,    0.001689,    0.001721,    0.000000
2019-05-25 24:00:00,319958.282377,    0.000000,    0.000000,    0.000000, 1909.440426, 1909.440000,    0.000000, -189.131607, 1000.284522,    0.000000,    0.000000,    9.282985,119511.855196,    0.000000,    0.000000,   50.000000,    0.000000,    0.068000,   25.675963,    7.639823,   25.675963,  241.847929,  -44.571143,   -3.066187,  -82.837404,    0.000000,    0.000000,    0.029143,    0.679203,    0.659561,   18.145566,    0.058662,    0.001689,    0.001721,    0.000000
2019-05-26 24:00:00,321072.012144,    0.000000,    0.000000,    0.000000, 2056.320426, 2056.320000,    0.000000, -321.500168, 1426.975821,    0.000000,    0.000000,    9.292233,119712.445233,    0.000000,    0.000000,   50.000000,    0.000000,    0.068000,   26.070976,    7.673699,   26.070976,  270.260422,  -75.573676,   -5.750141,  -89.178619,    0.000000,    0.000000,    0.013127,    0.321303,    0.453641,   72.770575,    0.058662,    0.001689,    0.001721,    0.000000
2019-05-27 24:00:00,320768.656840,    0.000000,    0.000000,    0.000000, 1995.840426, 1995.840000,    0.000000, -331.908965,   30.424634,    0.000000,    0.000000,    9.289714,119657.808953,    0.000000,    0.000000,   50.000000,    0.000000,    0.068000,   26.043607,    7.707934,   26.043607,  255.971018,  -78.054177,  -11.490921,  -98.760131,    0.000000,    0.000000,    0.021768,    0.518723,    0.576399,   32.138633,    0.056845,    0.001689,    0.001721,    0.000000
2019-05-28 24:00:00,320444.289366,    0.000000,    0.000000,    0.000000, 1935.360426, 1935.360000,    0.000000, -322.213964,    0.000000,    0.000000,    0.000000,    9.287020,119599.388243,    0.000000,    0.000000,   50.000000,    0.000000,    0.068000,   26.250298,    7.742667,   26.250298,  252.042428,  -75.797829,   -1.733237,  -99.013843,    0.000000,    0.000000,    0.019457,    0.467009,    0.546913,   39.511334,    0.058662,    0.001689,    0.001721,    0.000000
2019-05-29 24:00:00,320579.445708,    0.000000,    0.000000,    0.000000, 1848.960426, 1848.960000,    0.000000, -351.857738,  486.028266,    0.000000,    0.000000,    9.288143,119623.730787,    0.000000,    0.000000,   50.000000,    0.000000,    0.068000,   25.516089,    7.777229,   25.516089,  191.801558,  -82.756532,   -9.163989,  -92.882134,    0.000000,    0.000000,    0.055627,    1.215733,    0.882418,    6.536965,    0.058662,    0.001689,    0.001721,    0.000000
2019-05-30 24:00:00,320124.540796,    0.000000,    0.000000,    0.000000, 1771.200426, 1771.200000,    0.000000, -451.713668,    0.000000,    0.000000,    0.000000,    9.284365,119541.799428,    0.000000,    0.000000,   50.000000,    0.000000,    0.068000,   25.291525,    7.813112,   25.291525,  244.248835, -106.412569,   -1.734679,  -91.723715,    0.000000,    0.000000,    0.014548,    0.354550,    0.476534,   62.814520,    0.061076,    0.001689,    0.001721,    0.000000
2019-05-31 24:00:00,320998.048523,    0.000000,    0.000000,    0.000000, 1788.480426, 1788.480000,    0.000000, -378.032944, 1244.686978,    0.000000,    0.000000,    9.291619,119699.123900,    0.000000,    0.000000,   50.000000,    0.000000,    0.068000,   24.383460,    7.847866,   24.383460,  191.520654,  -88.988523,  -19.513385,  -96.439631,    0.000000,    0.000000,    0.030288,    0.703633,    0.671319,   17.497437,    0.058662,    0.001689,    0.001721,    0.000000
2019-06-01 24:00:00,320633.533390,    0.000000,    0.000000,    0.000000, 1745.280426, 1745.280000,    0.000000, -453.436357,   91.218675,    0.000000,    0.000000,    9.288592,119633.472333,    0.000000,    0.000000,   50.000000,    0.000000,    0.068000,   23.774002,    7.887070,   23.774002,  264.222617, -106.962816,  -26.625836, -111.372287,    0.000000,    0.000000,    0.030570,    0.709586,    0.674152,   16.754051,    0.070066,    0.001689,    0.001721,    0.000000
2019-06-02 24:00:00,320597.199197,    0.000000,    0.000000,    0.000000, 1572.480426, 1572.480000,    0.000000, -309.564183,  273.426079,    0.000000,    0.000000,    9.288290,119626.928307,    0.000000,    0.000000,   50.000000,    0.000000,    0.067000,   23.866854,    7.924380,   23.866854,  231.936055,  -73.021369,  -10.140561, -101.749736,    0.000000,    0.000000,    0.045929,    1.025039,    0.810262,    8.319888,    0.068565,    0.001689,    0.001721,    0.000000
2019-06-03 24:00:00,319996.456285,    0.000000,    0.000000,    0.000000, 1857.600426, 1857.600000,    0.000000, -596.482302,    0.000000,    0.000000,    0.000000,    9.283302,119518.730568,    0.000000,    0.000000,   50.000000,    0.000000,    0.067000,   22.857477,    7.963641,   22.857477,  274.845815, -140.891184,  -20.211643, -135.823470,    0.000000,    0.000000,    0.052258,    1.150058,    0.858253,    6.217653,    0.066456,    0.001689,    0.001721,    0.000000
2019-06-04 24:00:00,319691.347067,    0.000000,    0.000000,    0.000000, 2151.360426, 2151.360000,    0.000000, -302.735782,    0.000000,    0.000000,    0.000000,    9.280768,119463.778396,    0.000000,    0.000000,   50.000000,    0.000000,    0.067000,   23.157429,    8.004139,   23.157429,  280.361291,  -71.601202,  -14.126957, -131.553117,    0.000000,    0.000000,    0.010704,    0.263816,    0.411061,   85.714728,    0.069409,    0.001689,    0.001721,    0.000000
2019-06-05 24:00:00,319677.820085,    0.000000,    0.000000,    0.000000, 2445.120426, 2445.120000,    0.000000, -104.458345,   91.032943,    0.000000,    0.000000,    9.280656,119461.342098,    0.000000,    0.000000,   50.000000,    0.000000,    0.067000,   22.918566,    8.040886,   22.918566,  119.725646,  -24.700402,   -3.642537,  -73.868288,    0.000000,    0.000000,    0.010829,    0.266823,    0.413397,   84.473781,    0.067830,    0.001689,    0.001721,    0.000000
2019-06-06 24:00:00,319706.482068,    0.000000,    0.000000,    0.000000, 2738.880426, 2738.880000,    0.000000, -123.280191,  151.694250,    0.000000,    0.000000,    9.280894,119466.504309,    0.000000,    0.000000,   50.000000,    0.000000,    0.067000,   24.217901,    8.080413,   24.217901,  208.047545,  -29.128501,    3.894260,  -68.650233,    0.000000,    0.000000,    0.015724,    0.381819,    0.494520,   46.652813,    0.057408,    0.001689,    0.001721,    0.000000
2019-06-07 24:00:00,322007.409316,    0.000000,    0.000000,    0.000000, 3032.640426, 3032.640000, 1128.058930,  -57.479559, 3436.738254,    0.000000,    0.000000,    9.300000,119880.916400,    0.000000,    0.000000,   50.000000,    0.000000,    0.067000,   23.304804,    8.119682,   23.304804,   52.033276,  -13.531097,   -3.354366,  -58.124142,    0.000000,    0.000000,    0.036650,    0.836920,    0.732145,   11.708148,    0.061735,    0.001689,    0.001721,    0.000000
2019-06-08 24:00:00,322007.409316,    0.000000,    0.000000,    0.000000, 5495.040426, 5495.040000, 4194.786889, -261.241410, 4336.306434,    0.000000,    0.000000,    9.300000,119880.916400,    0.000000,    0.000000,   50.000000,    0.000000,    0.067000,   21.861921,    8.160084,   21.861921,   71.698675,  -61.586025,  -19.173957,  -60.715840,    0.000000,    0.000000,    0.054804,    1.200333,    0.876812,    5.322930,    0.058412,    0.001689,    0.001721,    0.000000
2019-06-09 24:00:00,321934.211706,    0.000000,    0.000000,    0.000000, 5356.800426, 5356.800000,    0.000000, -103.328547,   30.467119,    0.000000,    0.000000,    9.299392,119867.733030,    0.000000,    0.000000,   50.000000,    0.000000,    0.067000,   21.766343,    8.201507,   21.766343,   93.702027,  -24.391345,   -9.126524,  -48.519786,    0.000000,    0.000000,    0.007984,    0.198230,    0.356320,  121.751493,    0.057408,    0.001689,    0.001721,    0.000000
2019-06-10 24:00:00,322007.409316,    0.000000,    0.000000,    0.000000, 6030.720426, 6030.720000, 2785.955325,  -60.278095, 2835.061718,    0.000000,    0.000000,    9.300000,119880.916400,    0.000000,    0.000000,   50.000000,    0.000000,    0.067000,   22.243598,    8.241926,   22.243598,  122.213705,  -14.210824,   -2.302130,  -43.935988,    0.000000,    0.000000,    0.056776,    1.238416,    0.890612,    4.930442,    0.057408,    0.001689,    0.001721,    0.000000
2019-06-11 24:00:00,321450.958119,    0.000000,    0.000000,    0.000000, 6600.960426, 6600.960000,    0.000000, -553.696671,    0.000000,    0.000000,    0.000000,    9.295379,119780.695889,    0.000000,    0.000000,   50.000000,    0.000000,    0.067000,   21.606100,    8.285699,   21.606100,  296.958319, -130.813793,  -20.097586, -119.032023,    0.000000,    0.000000,    0.030150,    0.700722,    0.669928,   13.896814,    0.074064,    0.001689,    0.001721,    0.000000
2019-06-12 24:00:00,321418.745280,    0.000000,    0.000000,    0.000000, 5641.920426, 5641.920000,    0.000000, -275.444351,  243.390725,    0.000000,    0.000000,    9.295112,119774.894146,    0.000000,    0.000000,   50.000000,    0.000000,    0.067000,   21.909868,    8.332124,   21.909868,  241.605045,  -65.063354,  -14.264363, -100.409563,    0.000000,    0.000000,    0.013645,    0.333459,    0.462143,   51.254192,    0.068069,    0.001689,    0.001721,    0.000000
2019-06-13 24:00:00,321151.397320,    0.000000,    0.000000,    0.000000, 5192.640426, 5192.640000,    0.000000, -387.627922,  121.778004,    0.000000,    0.000000,    9.292892,119726.743024,    0.000000,    0.000000,   50.000000,    0.000000,    0.067000,   21.737944,    8.376765,   21.737944,  244.411594,  -91.506230,  -10.599404,  -96.328903,    0.000000,    0.000000,    0.051365,    1.132674,    0.851742,    5.598010,    0.062449,    0.001689,    0.001721,    0.000000
2019-06-14 24:00:00,320678.680571,    0.000000,    0.000000,    0.000000, 4259.520426, 4259.520000,    0.000000, -469.798960,    0.000000,    0.000000,    0.000000,    9.288967,119641.603637,    0.000000,    0.000000,   50.000000,    0.000000,    0.067000,   21.548159,    8.422407,   21.548159,  307.262150, -111.135425,  -16.151254, -139.969624,    0.000000,    0.000000,    0.018383,    0.442725,    0.532503,   30.918589,    0.068340,    0.001689,    0.001721,    0.000000
2019-06-15 24:00:00,320419.524551,    0.000000,    0.000000,    0.000000, 3767.040426, 3767.040000,    0.000000, -257.413015,    0.000000,    0.000000,    0.000000,    9.286815,119594.927938,    0.000000,    0.000000,   50.000000,    0.000000,    0.067000,   22.630542,    8.468202,   22.630542,  293.619413,  -60.878003,   -3.430866, -113.936945,    0.000000,    0.000000,    0.004545,    0.114055,    0.270279,  281.022947,    0.069715,    0.001689,    0.001721,    0.000000
2019-06-16 24:00:00,320837.494741,    0.000000,    0.000000,    0.000000, 3594.240426, 3594.240000,    0.000000, -101.339899,  516.347678,    0.000000,    0.000000,    9.290285,119670.207111,    0.000000,    0.000000,   50.000000,    0.000000,    0.067000,   23.399725,    8.513108,   23.399725,  184.551950,  -23.919968,    0.968296,  -73.945802,    0.000000,    0.000000,    0.016124,    0.391072,    0.500476,   40.055492,    0.053352,    0.001689,    0.001721,    0.000000
2019-06-17 24:00:00,321044.813123,    0.000000,    0.000000,    0.000000, 3447.360426, 3447.360000,    0.000000,  -97.961424,  303.936431,    0.000000,    0.000000,    9.292007,119707.546511,    0.000000,    0.000000,   50.000000,    0.000000,    0.067000,   24.085990,    8.558416,   24.085990,  187.521873,  -23.092379,   -0.712765,  -67.665559,    0.000000,    0.000000,    0.013385,    0.327359,    0.457897,   58.307236,    0.053352,    0.001689,    0.001721,    0.000000
2019-06-18 24:00:00,321459.033166,    0.000000,    0.000000,    0.000000, 3309.120426, 3309.120000,    0.000000, -135.594245,  547.401627,    0.000000,    0.000000,    9.295447,119782.150258,    0.000000,    0.000000,   50.000000,    0.000000,    0.067000,   24.486853,    8.603713,   24.486853,  163.370367,  -31.927616,   -4.247311,  -58.910783,    0.000000,    0.000000,    0.012359,    0.303181,    0.440663,   68.857787,    0.055454,    0.001689,    0.001721,    0.000000
2019-06-19 24:00:00,321393.275698,    0.000000,    0.000000,    0.000000, 3188.160426, 3188.160000,    0.000000,  -95.846693,   30.444630,    0.000000,    0.000000,    9.294900,119770.306907,    0.000000,    0.000000,   50.000000,    0.000000,    0.067000,   25.169307,    8.649494,   25.169307,  184.189625,  -22.554546,   -4.523556,  -64.872029,    0.000000,    0.000000,    0.008840,    0.219005,    0.374526,  123.262981,    0.055454,    0.001689,    0.001721,    0.000000
2019-06-20 24:00:00,321086.030532,    0.000000,    0.000000,    0.000000, 3067.200426, 3067.200000,    0.000000, -305.496715,    0.000000,    0.000000,    0.000000,    9.292349,119714.970037,    0.000000,    0.000000,   50.000000,    0.000000,    0.067000,   24.642210,    8.695593,   24.642210,  187.262755,  -71.899814,   -5.839487,  -85.810627,    0.000000,    0.000000,    0.053648,    1.177304,    0.868360,    6.135528,    0.055886,    0.001689,    0.001721,    0.000000
2019-06-21 24:00:00,320586.601987,    0.000000,    0.000000,    0.000000, 2687.040426, 2687.040000,    0.000000, -496.287035,    0.000000,    0.000000,    0.000000,    9.288202,119625.019680,    0.000000,    0.000000,   50.000000,    0.000000,    0.067000,   23.912338,    8.742721,   23.912338,  252.670794, -117.023823,  -13.452982, -106.582701,    0.000000,    0.000000,    0.059475,    1.289939,    0.908950,    5.089169,    0.055454,    0.001689,    0.001721,    0.000000
2019-06-22 24:00:00,320354.026148,    0.000000,    0.000000,    0.000000, 2445.120426, 2445.120000,    0.000000, -230.984124,    0.000000,    0.000000,    0.000000,    9.286271,119583.131245,    0.000000,    0.000000,   50.000000,    0.000000,    0.067000,   23.229186,    8.789369,   23.229186,  147.946110,  -54.525405,  -13.217968,  -88.471707,    0.000000,    0.000000,    0.020539,    0.491308,    0.560961,   30.096360,    0.055454,    0.001689,    0.001721,    0.000000
2019-06-23 24:00:00,320163.935611,    0.000000,    0.000000,    0.000000, 2255.040426, 2255.040000,    0.000000, -188.729384,    0.000000,    0.000000,    0.000000,    9.284693,119548.894693,    0.000000,    0.000000,   50.000000,    0.000000,    0.067000,   23.806106,    8.836948,   23.806106,  234.637324,  -44.577378,   -6.323061,  -95.807014,    0.000000,    0.000000,    0.011463,    0.281925,    0.424934,   80.271531,    0.057138,    0.001689,    0.001721,    0.000000
2019-06-24 24:00:00,322004.073889,    0.000000,    0.000000,    0.000000, 2453.760426, 2453.760000,    0.000000, -147.089227, 1973.784549,    0.000000,    0.000000,    9.299972,119880.315668,    0.000000,    0.000000,   50.000000,    0.000000,    0.067000,   25.555231,    8.884116,   25.555231,  264.255539,  -34.580476,    1.329838,  -74.178460,    0.000000,    0.000000,    0.024671,    0.582717,    0.610920,   23.485275,    0.056012,    0.001689,    0.001721,    0.000000
2019-06-25 24:00:00,321748.763040,    0.000000,    0.000000,    0.000000, 2661.120426, 2661.120000,    0.000000, -254.100106,    0.000000,    0.000000,    0.000000,    9.297852,119834.332509,    0.000000,    0.000000,   50.000000,    0.000000,    0.067000,   25.221496,    8.932383,   25.221496,  215.308814,  -59.717790,   -7.575532,  -93.449175,    0.000000,    0.000000,    0.029868,    0.694748,    0.667066,   18.020546,    0.054838,    0.001689,    0.001721,    0.000000
2019-06-26 24:00:00,321424.416447,    0.000000,    0.000000,    0.000000, 2298.240426, 2298.240000,    0.000000, -322.668562,    0.000000,    0.000000,    0.000000,    9.295159,119775.915560,    0.000000,    0.000000,   50.000000,    0.000000,    0.067000,   25.323935,    8.980647,   25.323935,  278.815517,  -75.902589,  -12.040404, -111.383886,    0.000000,    0.000000,    0.043404,    0.974483,    0.790028,    9.857369,    0.055454,    0.001689,    0.001721,    0.000000
2019-06-27 24:00:00,321105.528526,    0.000000,    0.000000,    0.000000, 2263.680426, 2263.680000,    0.000000, -317.084917,    0.000000,    0.000000,    0.000000,    9.292511,119718.481754,    0.000000,    0.000000,   50.000000,    0.000000,    0.067000,   26.016756,    9.031496,   26.016756,  282.104128,  -74.581132,   -8.051313,  -97.459642,    0.000000,    0.000000,    0.032290,    0.745937,    0.691205,   16.746139,    0.052342,    0.001689,    0.001721,    0.000000
2019-06-28 24:00:00,320847.446950,    0.000000,    0.000000,    0.000000, 2220.480426, 2220.480000,    0.000000, -256.510574,    0.000000,    0.000000,    0.000000,    9.290368,119671.999569,    0.000000,    0.000000,   50.000000,    0.000000,    0.067000,   26.027544,    9.080571,   26.027544,  221.694365,  -60.325195,   -7.604052,  -92.449760,    0.000000,    0.000000,    0.019325,    0.464031,    0.545166,   40.634916,    0.055454,    0.001689,    0.001721,    0.000000
2019-06-29 24:00:00,320543.575043,    0.000000,    0.000000,    0.000000, 1632.960426, 1632.960000,    0.000000, -301.895085,    0.000000,    0.000000,    0.000000,    9.287845,119617.270245,    0.000000,    0.000000,   50.000000,    0.000000,    0.067000,   25.916001,    9.129920,   25.916001,  227.013072,  -71.034443,   -8.448737,  -95.710859,    0.000000,    0.000000,    0.013771,    0.336399,    0.464176,   72.116198,    0.050365,    0.001689,    0.001721,    0.000000
2019-06-30 24:00:00,320213.970435,    0.000000,    0.000000,    0.000000,  907.200426,  907.200000,    0.000000, -327.303992,    0.000000,    0.000000,    0.000000,    9.285108,119557.906293,    0.000000,    0.000000,   50.000000,    0.000000,    0.067000,   26.239840,    9.180012,   26.239840,  245.280525,  -77.031083,    0.077143,  -90.716061,    0.000000,    0.000000,    0.031994,    0.739670,    0.688295,   17.991814,    0.057770,    0.001689,    0.001721,    0.000000
2019-07-01 24:00:00,319914.566618,    0.000000,    0.000000,    0.000000,  786.240426,  786.240000,    0.000000, -357.883513,   60.707947,    0.000000,    0.000000,    9.282622,119503.981701,    0.000000,    0.000000,   50.000000,    0.000000,    0.067000,   26.265460,    9.229388,   26.265460,  276.427715,  -84.237433,  -11.691006, -112.310130,    0.000000,    0.000000,    0.035161,    0.805886,    0.718443,   15.563816,    0.057333,    0.001689,    0.001721,    0.000000
2019-07-02 24:00:00,322007.409316,    0.000000,    0.000000,    0.000000, 1347.840426, 1347.840000, 1181.695696, -242.758615, 3459.753686,    0.000000,    0.000000,    9.300000,119880.916400,    0.000000,    0.000000,   50.000000,    0.000000,    0.068000,   26.400983,    9.279385,   26.400983,  217.917349,  -56.952432,   -9.940304,  -89.940621,    0.000000,    0.000000,    0.035197,    0.806814,    0.718856,   16.192654,    0.051334,    0.001689,    0.001721,    0.000000
2019-07-03 24:00:00,321740.624242,    0.000000,    0.000000,    0.000000, 1200.960426, 1200.960000,    0.000000, -265.519416,    0.000000,    0.000000,    0.000000,    9.297785,119832.866658,    0.000000,    0.000000,   50.000000,    0.000000,    0.068000,   26.644400,    9.329431,   26.644400,  224.248212,  -62.336841,   -4.914247,  -84.954277,    0.000000,    0.000000,    0.016790,    0.406385,    0.510181,   55.259405,    0.069418,    0.001689,    0.001721,    0.000000
2019-07-04 24:00:00,322007.409316,    0.000000,    0.000000,    0.000000, 1166.400426, 1166.400000,  819.369795, -189.032997, 1248.165757,    0.000000,    0.000000,    9.300000,119880.916400,    0.000000,    0.000000,   50.000000,    0.000000,    0.068000,   26.825522,    9.379828,   26.825522,  191.573224,  -44.340470,   -7.285528,  -78.939878,    0.000000,    0.000000,    0.014169,    0.345741,    0.470577,   77.100396,    0.068803,    0.001689,    0.001721,    0.000000
2019-07-05 24:00:00,321862.068301,    0.000000,    0.000000,    0.000000, 1071.360426, 1071.360000,    0.000000, -144.664215,    0.000000,    0.000000,    0.000000,    9.298793,119854.739530,    0.000000,    0.000000,   50.000000,    0.000000,    0.068000,   27.079054,    9.429424,   27.079054,  178.865353,  -33.929344,   -7.870325,  -75.368287,    0.000000,    0.000000,    0.007983,    0.198226,    0.356316,  190.938186,    0.067893,    0.001689,    0.001721,    0.000000
2019-07-06 24:00:00,321919.032699,    0.000000,    0.000000,    0.000000,  915.840426,  915.840000,    0.000000, -156.442594,  213.111283,    0.000000,    0.000000,    9.299266,119864.999191,    0.000000,    0.000000,   50.000000,    0.000000,    0.068000,   27.827301,    9.479987,   27.827301,  226.480528,  -36.673018,   -6.265466,  -81.418223,    0.000000,    0.000000,    0.018658,    0.448987,    0.536256,   49.610092,    0.055454,    0.001689,    0.001721,    0.000000
2019-07-07 24:00:00,321727.132645,    0.000000,    0.000000,    0.000000,  794.880426,  794.880000,    0.000000, -221.433438,   30.458257,    0.000000,    0.000000,    9.297673,119830.436733,    0.000000,    0.000000,   50.000000,    0.000000,    0.068000,   27.132814,    9.530066,   27.132814,  146.591052,  -51.910503,  -10.080539,  -84.435350,    0.000000,    0.000000,    0.012744,    0.312283,    0.447229,   92.546192,    0.055454,    0.001689,    0.001721,    0.000000
2019-07-08 24:00:00,322007.409316,    0.000000,    0.000000,    0.000000,  777.600426,  777.600000,  757.232248, -327.034275, 1338.918696,    0.000000,    0.000000,    9.300000,119880.916400,    0.000000,    0.000000,   50.000000,    0.000000,    0.068000,   27.579750,    9.581129,   27.579750,  262.340531,  -76.647506,   -9.892817,  -87.643153,    0.000000,    0.000000,    0.017859,    0.430854,    0.525316,   56.197424,    0.070026,    0.001689,    0.001721,    0.000000
2019-07-09 24:00:00,321807.227847,    0.000000,    0.000000,    0.000000,  751.680426,  751.680000,    0.000000, -199.241285,    0.000000,    0.000000,    0.000000,    9.298338,119844.862404,    0.000000,    0.000000,   50.000000,    0.000000,    0.068000,   27.126666,    9.631253,   27.126666,  140.156127,  -46.717493,  -11.541719,  -75.233062,    0.000000,    0.000000,    0.007740,    0.192303,    0.350953,  204.407052,    0.069492,    0.001689,    0.001721,    0.000000
2019-07-10 24:00:00,321648.351395,    0.000000,    0.000000,    0.000000,  639.360426,  639.360000,    0.000000, -158.087474,    0.000000,    0.000000,    0.000000,    9.297019,119816.247713,    0.000000,    0.000000,   50.000000,    0.000000,    0.068000,   27.468522,    9.681625,   27.468522,  192.524538,  -37.078896,   -6.138001,  -85.044056,    0.000000,    0.000000,    0.006655,    0.165829,    0.325901,  260.538479,    0.068202,    0.001689,    0.001721,    0.000000
2019-07-11 24:00:00,322007.409316,    0.000000,    0.000000,    0.000000,  717.120426,  717.120000,  464.142063, -167.426224,  974.210271,    0.000000,    0.000000,    9.300000,119880.916400,    0.000000,    0.000000,   50.000000,    0.000000,    0.068000,   27.427262,    9.732444,   27.427262,  163.557755,  -39.224234,   -9.268579,  -74.095016,    0.000000,    0.000000,    0.019469,    0.467320,    0.547095,   48.195678,    0.055454,    0.001689,    0.001721,    0.000000
2019-07-12 24:00:00,321576.161207,    0.000000,    0.000000,    0.000000,  665.280426,  665.280000,    0.000000, -429.150697,    0.000000,    0.000000,    0.000000,    9.296419,119803.245787,    0.000000,    0.000000,   50.000000,    0.000000,    0.068000,   27.139734,    9.783624,   27.139734,  255.789273, -100.650581,  -15.056979, -101.942678,    0.000000,    0.000000,    0.040444,    0.914584,    0.765362,   13.495151,    0.068737,    0.001689,    0.001721,    0.000000
2019-07-13 24:00:00,321201.391950,    0.000000,    0.000000,    0.000000,  613.440426,  613.440000,    0.000000, -372.720368,    0.000000,    0.000000,    0.000000,    9.293307,119735.747385,    0.000000,    0.000000,   50.000000,    0.000000,    0.068000,   27.035531,    9.834297,   27.035531,  260.752244,  -87.471608,  -15.077320, -108.060378,    0.000000,    0.000000,    0.037212,    0.848382,    0.737142,   15.520306,    0.067935,    0.001689,    0.001721,    0.000000
2019-07-14 24:00:00,320705.668816,    0.000000,    0.000000,    0.000000,  561.600426,  561.600000,    0.000000, -492.692720,    0.000000,    0.000000,    0.000000,    9.289191,119646.464397,    0.000000,    0.000000,   50.000000,    0.000000,    0.068000,   27.008182,    9.885603,   27.008182,  280.212656, -115.802541,   -7.489198, -103.856827,    0.000000,    0.000000,    0.031856,    0.736780,    0.686949,   19.931259,    0.071310,    0.001689,    0.001721,    0.000000
2019-07-15 24:00:00,320645.150339,    0.000000,    0.000000,    0.000000,  639.360426,  639.360000,    0.000000, -272.824845,  212.687850,    0.000000,    0.000000,    9.288688,119635.564622,    0.000000,    0.000000,   50.000000,    0.000000,    0.068000,   26.976464,    9.937064,   26.976464,  208.255043,  -64.074828,  -10.639665,  -85.845873,    0.000000,    0.000000,    0.035169,    0.806095,    0.718536,   17.086732,    0.070591,    0.001689,    0.001721,    0.000000
2019-07-16 24:00:00,320434.780975,    0.000000,    0.000000,    0.000000,  604.800426,  604.800000,    0.000000, -208.951182,    0.000000,    0.000000,    0.000000,    9.286942,119597.675720,    0.000000,    0.000000,   50.000000,    0.000000,    0.068000,   27.095575,    9.987238,   27.095575,  194.732699,  -49.115876,   -9.945147,  -85.244369,    0.000000,    0.000000,    0.019592,    0.470047,    0.548689,   45.413741,    0.075007,    0.001689,    0.001721,    0.000000
2019-07-17 24:00:00,320771.191924,    0.000000,    0.000000,    0.000000,  639.360426,  639.360000,    0.000000, -212.734370,  546.682509,    0.000000,    0.000000,    9.289735,119658.265538,    0.000000,    0.000000,   50.000000,    0.000000,    0.068000,   27.409097,   10.038341,   27.409097,  207.101962,  -49.951550,   -6.690697,  -85.144681,    0.000000,    0.000000,    0.033725,    0.776006,    0.704998,   18.408879,    0.074221,    0.001689,    0.001721,    0.000000
2019-07-18 24:00:00,321380.450453,    0.000000,    0.000000,    0.000000,  665.280426,  665.280000,    0.000000, -276.119729,  881.450338,    0.000000,    0.000000,    9.294794,119767.996996,    0.000000,    0.000000,   50.000000,    0.000000,    0.068000,   27.595823,   10.089075,   27.595823,  221.229099,  -64.772942,   -8.508546,  -84.977878,    0.000000,    0.000000,    0.024805,    0.585628,    0.612444,   31.515232,    0.073553,    0.001689,    0.001721,    0.000000
2019-07-19 24:00:00,321107.887418,    0.000000,    0.000000,    0.000000,  596.160426,  596.160000,    0.000000, -271.012965,    0.000000,    0.000000,    0.000000,    9.292531,119718.906605,    0.000000,    0.000000,   50.000000,    0.000000,    0.068000,   28.397232,   10.140456,   28.397232,  265.675410,  -63.565888,   -7.813544,  -91.082200,    0.000000,    0.000000,    0.024248,    0.573438,    0.606036,   33.348619,    0.080936,    0.001689,    0.001721,    0.000000
2019-07-20 24:00:00,320873.302073,    0.000000,    0.000000,    0.000000,  587.520426,  587.520000,    0.000000, -233.162157,    0.000000,    0.000000,    0.000000,    9.290583,119676.656246,    0.000000,    0.000000,   50.000000,    0.000000,    0.068000,   28.637111,   10.190107,   28.637111,  223.562892,  -54.658074,   -6.502273,  -88.466823,    0.000000,    0.000000,    0.031000,    0.718708,    0.678471,   22.875998,    0.088156,    0.001689,    0.001721,    0.000000
2019-07-21 24:00:00,321728.186617,    0.000000,    0.000000,    0.000000,  760.320426,  760.320000,    0.000000, -366.632123, 1216.173128,    0.000000,    0.000000,    9.297681,119830.626560,    0.000000,    0.000000,   50.000000,    0.000000,    0.068000,   27.049273,   10.240053,   27.049273,  115.606490,  -85.898344,  -18.637144,  -84.404218,    0.000000,    0.000000,    0.026762,    0.628148,    0.634288,   27.533490,    0.072924,    0.001689,    0.001721,    0.000000
2019-07-22 24:00:00,322007.409316,    0.000000,    0.000000,    0.000000,  803.520426,  803.520000,  568.349985, -206.721323, 1035.103221,    0.000000,    0.000000,    9.300000,119880.916400,    0.000000,    0.000000,   50.000000,    0.000000,    0.068000,   26.414161,   10.289132,   26.414161,  110.399034,  -48.489640,   -9.750501,  -77.206362,    0.000000,    0.000000,    0.016529,    0.400411,    0.506417,   60.152463,    0.071983,    0.001689,    0.001721,    0.000000
2019-07-23 24:00:00,322007.409316,    0.000000,    0.000000,    0.000000, 1347.840426, 1347.840000, 2100.520530, -371.385662, 2408.853717,    0.000000,    0.000000,    9.300000,119880.916400,    0.000000,    0.000000,   50.000000,    0.000000,    0.068000,   24.468897,   10.338320,   24.468897,   71.946917,  -87.244502,  -31.593479,  -89.087958,    0.000000,    0.000000,    0.045979,    1.026327,    0.810771,    9.063433,    0.076813,    0.001689,    0.001721,    0.000000
2019-07-24 24:00:00,321446.826608,    0.000000,    0.000000,    0.000000,  950.400426,  950.400000,    0.000000, -557.804263,    0.000000,    0.000000,    0.000000,    9.295345,119779.951777,    0.000000,    0.000000,   50.000000,    0.000000,    0.068000,   23.717003,   10.388049,   23.717003,  276.865151, -131.375477,  -29.952825, -127.018226,    0.000000,    0.000000,    0.046541,    1.037311,    0.815098,    8.100426,    0.084432,    0.001689,    0.001721,    0.000000
2019-07-25 24:00:00,321077.087675,    0.000000,    0.000000,    0.000000,  812.160426,  812.160000,    0.000000, -367.647217,    0.000000,    0.000000,    0.000000,    9.292275,119713.359370,    0.000000,    0.000000,   50.000000,    0.000000,    0.068000,   23.986378,   10.436662,   23.986378,  283.747700,  -86.681075,  -17.159555, -119.233251,    0.000000,    0.000000,    0.025220,    0.594666,    0.617152,   22.793880,    0.082355,    0.001689,    0.001721,    0.000000
2019-07-26 24:00:00,320833.854186,    0.000000,    0.000000,    0.000000,  794.880426,  794.880000,    0.000000, -241.744993,    0.000000,    0.000000,    0.000000,    9.290255,119669.551423,    0.000000,    0.000000,   50.000000,    0.000000,    0.068000,   24.474991,   10.483993,   24.474991,  261.723335,  -56.976377,  -11.705089, -113.340734,    0.000000,    0.000000,    0.020135,    0.482268,    0.555776,   33.590453,    0.080979,    0.001689,    0.001721,    0.000000
2019-07-27 24:00:00,320577.945349,    0.000000,    0.000000,    0.000000,  768.960426,  768.960000,    0.000000, -254.247323,    0.000000,    0.000000,    0.000000,    9.288130,119623.460563,    0.000000,    0.000000,   50.000000,    0.000000,    0.068000,   25.136307,   10.531769,   25.136307,  272.611762,  -59.897309,  -10.939641, -108.266357,    0.000000,    0.000000,    0.022451,    0.533876,    0.584757,   28.740351,    0.051962,    0.001689,    0.001721,    0.000000
2019-07-28 24:00:00,320334.018650,    0.000000,    0.000000,    0.000000,  760.320426,  760.320000,    0.000000, -242.251763,    0.000000,    0.000000,    0.000000,    9.286105,119579.527764,    0.000000,    0.000000,   50.000000,    0.000000,    0.068000,   25.471934,   10.578966,   25.471934,  242.382196,  -57.069460,  -10.014266, -103.129187,    0.000000,    0.000000,    0.028157,    0.658119,    0.649244,   20.340007,    0.051962,    0.001689,    0.001721,    0.000000
2019-07-29 24:00:00,320085.322017,    0.000000,    0.000000,    0.000000,  717.120426,  717.120000,    0.000000, -246.897348,    0.000000,    0.000000,    0.000000,    9.284040,119534.735869,    0.000000,    0.000000,   50.000000,    0.000000,    0.068000,   25.999116,   10.625795,   25.999116,  255.452066,  -58.137357,   -6.874248, -105.489487,    0.000000,    0.000000,    0.024102,    0.570205,    0.604326,   27.497842,    0.051962,    0.001689,    0.001721,    0.000000
2019-07-30 24:00:00,321289.069913,    0.000000,    0.000000,    0.000000,  846.720426,  846.720000,    0.000000, -232.288671, 1427.461587,    0.000000,    0.000000,    9.294035,119751.538761,    0.000000,    0.000000,   50.000000,    0.000000,    0.068000,   25.818465,   10.672125,   25.818465,  197.945571,  -54.584475,   -9.717372,  -99.006899,    0.000000,    0.000000,    0.019597,    0.470180,    0.548766,   39.935305,    0.051962,    0.001689,    0.001721,    0.000000
2019-07-31 24:00:00,322007.409316,    0.000000,    0.000000,    0.000000, 1330.560426, 1330.560000, 2321.861290, -263.302172, 3223.412504,    0.000000,    0.000000,    9.300000,119880.916400,    0.000000,    0.000000,   50.000000,    0.000000,    0.068000,   25.572418,   10.718098,   25.572418,  202.553260,  -61.826065,  -13.568301,  -96.569803,    0.000000,    0.000000,    0.027627,    0.646893,    0.643683,   22.925350,    0.069712,    0.001689,    0.001721,    0.000000
2019-08-01 24:00:00,322007.409316,    0.000000,    0.000000,    0.000000, 1105.920426, 1105.920000, 1799.497945, -175.079768, 1918.187571,    0.000000,    0.000000,    9.300000,119880.916400,    0.000000,    0.000000,   50.000000,    0.000000,    0.068000,   25.747261,   10.763668,   25.747261,  185.112152,  -41.116773,  -11.552342,  -87.019857,    0.000000,    0.000000,    0.008970,    0.222139,    0.377196,  144.219462,    0.071649,    0.001689,    0.001721,    0.000000
2019-08-02 24:00:00,321821.037212,    0.000000,    0.000000,    0.000000,  967.680426,  967.680000,    0.000000, -185.498624,    0.000000,    0.000000,    0.000000,    9.298452,119847.349561,    0.000000,    0.000000,   50.000000,    0.000000,    0.071000,   25.770244,   10.809607,   25.770244,  182.303220,  -43.576865,  -10.776276,  -87.409610,    0.000000,    0.000000,    0.013130,    0.321377,    0.453694,   77.064684,    0.071038,    0.001689,    0.001721,    0.000000
2019-08-03 24:00:00,321631.330301,    0.000000,    0.000000,    0.000000,  743.040426,  743.040000,    0.000000, -188.764343,    0.000000,    0.000000,    0.000000,    9.296877,119813.182102,    0.000000,    0.000000,   50.000000,    0.000000,    0.071000,   26.544951,   10.853799,   26.544951,  243.520173,  -44.328883,   -8.486523, -100.529872,    0.000000,    0.000000,    0.015996,    0.388132,    0.498592,   56.486770,    0.070557,    0.001689,    0.001721,    0.000000
2019-08-04 24:00:00,321314.082097,    0.000000,    0.000000,    0.000000,  665.280426,  665.280000,    0.000000, -315.552968,    0.000000,    0.000000,    0.000000,    9.294243,119756.043620,    0.000000,    0.000000,   50.000000,    0.000000,    0.071000,   26.783428,   10.899702,   26.783428,  262.238276,  -74.117561,  -11.153594, -105.152512,    0.000000,    0.000000,    0.029580,    0.688596,    0.664106,   20.960221,    0.069862,    0.001689,    0.001721,    0.000000
2019-08-05 24:00:00,322007.409316,    0.000000,    0.000000,    0.000000,  691.200426,  691.200000,   89.788411, -227.379206, 1003.792524,    0.000000,    0.000000,    9.300000,119880.916400,    0.000000,    0.000000,   50.000000,    0.000000,    0.071000,   26.767670,   10.943783,   26.767670,  190.965030,  -53.346548,  -11.611052,  -94.275534,    0.000000,    0.000000,    0.015998,    0.388189,    0.498629,   60.338924,    0.069100,    0.001689,    0.001721,    0.000000
2019-08-06 24:00:00,322007.409316,    0.000000,    0.000000,    0.000000, 3784.320426, 3784.320000, 3277.573008, -236.203180, 3411.116705,    0.000000,    0.000000,    9.300000,119880.916400,    0.000000,    0.000000,   50.000000,    0.000000,    0.071000,   27.041123,   10.987919,   27.041123,  235.068148,  -55.390409,  -13.227718,  -94.481032,    0.000000,    0.000000,    0.023171,    0.549916,    0.593477,   32.634336,    0.059159,    0.001689,    0.001721,    0.000000
2019-08-07 24:00:00,321698.985001,    0.000000,    0.000000,    0.000000, 2401.920426, 2401.920000,    0.000000, -306.951506,    0.000000,    0.000000,    0.000000,    9.297439,119825.367158,    0.000000,    0.000000,   50.000000,    0.000000,    0.071000,   26.491207,   11.031836,   26.491207,  198.083692,  -72.025029,  -13.676224, -108.129594,    0.000000,    0.000000,    0.023837,    0.564447,    0.601266,   29.590697,    0.057769,    0.001689,    0.001721,    0.000000
2019-08-08 24:00:00,322007.409316,    0.000000,    0.000000,    0.000000, 2082.240426, 2082.240000,  143.321971, -345.793833,  791.289111,    0.000000,    0.000000,    9.300000,119880.916400,    0.000000,    0.000000,   50.000000,    0.000000,    0.071000,   26.195036,   11.076035,   26.195036,  221.733590,  -81.129855,  -12.554487, -112.648380,    0.000000,    0.000000,    0.043116,    0.968746,    0.787699,   10.939396,    0.056937,    0.001689,    0.001721,    0.000000
2019-08-09 24:00:00,322007.409316,    0.000000,    0.000000,    0.000000, 1840.320426, 1840.320000,  585.357534, -316.062436,  882.995968,    0.000000,    0.000000,    9.300000,119880.916400,    0.000000,    0.000000,   50.000000,    0.000000,    0.071000,   25.834674,   11.119596,   25.834674,  189.725508,  -74.195472,  -13.107937,  -98.527576,    0.000000,    0.000000,    0.033888,    0.779517,    0.706591,   15.879720,    0.065913,    0.001689,    0.001721,    0.000000
2019-08-10 24:00:00,321713.149127,    0.000000,    0.000000,    0.000000, 1546.560426, 1546.560000,    0.000000, -292.858907,    0.000000,    0.000000,    0.000000,    9.297557,119827.918210,    0.000000,    0.000000,   50.000000,    0.000000,    0.071000,   25.743685,   11.161172,   25.743685,  218.622394,  -68.775882,  -14.587795, -106.868466,    0.000000,    0.000000,    0.039856,    0.902623,    0.760341,   11.608191,    0.053317,    0.001689,    0.001721,    0.000000
2019-08-11 24:00:00,321397.665989,    0.000000,    0.000000,    0.000000, 1330.560426, 1330.560000,    0.000000, -313.836370,    0.000000,    0.000000,    0.000000,    9.294937,119771.097627,    0.000000,    0.000000,   50.000000,    0.000000,    0.071000,   25.902483,   11.204383,   25.902483,  263.260913,  -73.770085,  -15.938012, -126.971815,    0.000000,    0.000000,    0.022732,    0.540098,    0.588155,   29.637147,    0.072088,    0.001689,    0.001721,    0.000000
2019-08-12 24:00:00,321272.396259,    0.000000,    0.000000,    0.000000, 1010.880426, 1010.880000,    0.000000, -124.574112,    0.000000,    0.000000,    0.000000,    9.293897,119748.535727,    0.000000,    0.000000,   50.000000,    0.000000,    0.071000,   27.612810,   11.246004,   27.612810,  233.425600,  -29.271356,   -2.541828,  -97.278057,    0.000000,    0.000000,    0.003421,    0.086420,    0.235268,  530.121285,    0.071169,    0.001689,    0.001721,    0.000000
2019-08-13 24:00:00,321424.651282,    0.000000,    0.000000,    0.000000,  794.880426,  794.880000,    0.000000, -152.869909,  304.250533,    0.000000,    0.000000,    9.295161,119775.957855,    0.000000,    0.000000,   50.000000,    0.000000,    0.071000,   27.450559,   11.286974,   27.450559,  158.783761,  -35.828971,   -2.309540,  -77.234640,    0.000000,    0.000000,    0.046241,    1.031325,    0.812743,    9.108754,    0.070818,    0.001689,    0.001721,    0.000000
2019-08-14 24:00:00,321163.816739,    0.000000,    0.000000,    0.000000,  665.280426,  665.280000,    0.000000, -259.370781,    0.000000,    0.000000,    0.000000,    9.292995,119728.979843,    0.000000,    0.000000,   50.000000,    0.000000,    0.071000,   27.108872,   11.328098,   27.108872,  184.219586,  -60.881938,   -6.024779,  -92.893557,    0.000000,    0.000000,    0.018386,    0.442795,    0.532545,   45.333598,    0.070526,    0.001689,    0.001721,    0.000000
2019-08-15 24:00:00,322007.409316,    0.000000,    0.000000,    0.000000,  855.360426,  855.360000, 1911.468067, -201.089422, 2892.808351,    0.000000,    0.000000,    9.300000,119880.916400,    0.000000,    0.000000,   50.000000,    0.000000,    0.071000,   27.695743,   11.367979,   27.695743,  215.120932,  -47.121313,   -8.786785,  -89.287159,    0.000000,    0.000000,    0.004663,    0.116971,    0.273712,  411.584130,    0.070069,    0.001689,    0.001721,    0.000000
2019-08-16 24:00:00,322007.409316,    0.000000,    0.000000,    0.000000,  907.200426,  907.200000,  237.967832, -195.752350,  426.195714,    0.000000,    0.000000,    9.300000,119880.916400,    0.000000,    0.000000,   50.000000,    0.000000,    0.071000,   28.185934,   11.407264,   28.185934,  210.372925,  -45.834511,  -11.029696,  -87.599596,    0.000000,    0.000000,    0.013390,    0.327480,    0.457982,   83.441572,    0.069265,    0.001689,    0.001721,    0.000000
2019-08-17 24:00:00,321815.236754,    0.000000,    0.000000,    0.000000,  777.600426,  777.600000,    0.000000, -191.271051,    0.000000,    0.000000,    0.000000,    9.298404,119846.304861,    0.000000,    0.000000,   50.000000,    0.000000,    0.071000,   28.678170,   11.445926,   28.678170,  220.890848,  -44.778918,   -8.354740, -109.539480,    0.000000,    0.000000,    0.017588,    0.424641,    0.521514,   51.249506,    0.053612,    0.001689,    0.001721,    0.000000
2019-08-18 24:00:00,321518.880127,    0.000000,    0.000000,    0.000000,  656.640426,  656.640000,    0.000000, -294.858846,    0.000000,    0.000000,    0.000000,    9.295943,119792.929088,    0.000000,    0.000000,   50.000000,    0.000000,    0.071000,   28.698797,   11.484092,   28.698797,  230.769330,  -69.032748,  -13.885307, -111.149641,    0.000000,    0.000000,    0.023835,    0.564412,    0.601248,   31.604306,    0.062185,    0.001689,    0.001721,    0.000000
2019-08-19 24:00:00,321210.895434,    0.000000,    0.000000,    0.000000,  604.800426,  604.800000,    0.000000, -306.288929,    0.000000,    0.000000,    0.000000,    9.293386,119737.459025,    0.000000,    0.000000,   50.000000,    0.000000,    0.071000,   28.072794,   11.521815,   28.072794,  185.888913,  -71.777050,  -12.957205, -103.364427,    0.000000,    0.000000,    0.019732,    0.473208,    0.550531,   43.613330,    0.050344,    0.001689,    0.001721,    0.000000
2019-08-20 24:00:00,321008.046120,    0.000000,    0.000000,    0.000000,  552.960426,  552.960000,    0.000000, -201.654583,    0.000000,    0.000000,    0.000000,    9.291702,119700.924533,    0.000000,    0.000000,   50.000000,    0.000000,    0.071000,   27.738342,   11.558970,   27.738342,  158.160096,  -47.297433,   -9.883305, -102.662272,    0.000000,    0.000000,    0.009086,    0.224947,    0.379573,  152.008162,    0.063572,    0.001689,    0.001721,    0.000000
2019-08-21 24:00:00,320767.755548,    0.000000,    0.000000,    0.000000,  535.680426,  535.680000,    0.000000, -238.796050,    0.000000,    0.000000,    0.000000,    9.289706,119657.646625,    0.000000,    0.000000,   50.000000,    0.000000,    0.071000,   28.297218,   11.595695,   28.297218,  225.737468,  -56.002328,   -6.074125, -102.198914,    0.000000,    0.000000,    0.018920,    0.454898,    0.539775,   46.273851,    0.059979,    0.001689,    0.001721,    0.000000
2019-08-22 24:00:00,320672.251945,    0.000000,    0.000000,    0.000000,  544.320426,  544.320000,    0.000000, -277.237788,  182.345888,    0.000000,    0.000000,    9.288913,119640.445799,    0.000000,    0.000000,   50.000000,    0.000000,    0.071000,   27.849177,   11.632098,   27.849177,  160.911277,  -65.044214,  -11.798741,  -90.172996,    0.000000,    0.000000,    0.016917,    0.409285,    0.511998,   55.216917,    0.059729,    0.001689,    0.001721,    0.000000
2019-08-23 24:00:00,322007.409316,    0.000000,    0.000000,    0.000000, 1010.880426, 1010.880000, 1646.664854, -333.412511, 3256.015396,    0.000000,    0.000000,    9.300000,119880.916400,    0.000000,    0.000000,   50.000000,    0.000000,    0.071000,   27.194951,   11.666985,   27.194951,  161.077794,  -78.101768,  -18.405161,  -77.893346,    0.000000,    0.000000,    0.035492,    0.812972,    0.721594,   15.848712,    0.058953,    0.001689,    0.001721,    0.000000
2019-08-24 24:00:00,321804.643619,    0.000000,    0.000000,    0.000000,  915.840426,  915.840000,    0.000000, -262.705038,   60.889515,    0.000000,    0.000000,    9.298316,119844.396968,    0.000000,    0.000000,   50.000000,    0.000000,    0.071000,   26.025423,   11.702589,   26.025423,  102.788712,  -61.646042,  -20.010035,  -97.074968,    0.000000,    0.000000,    0.021092,    0.503706,    0.567994,   33.974283,    0.071270,    0.001689,    0.001721,    0.000000
2019-08-25 24:00:00,321467.608285,    0.000000,    0.000000,    0.000000,  682.560426,  682.560000,    0.000000, -335.316773,    0.000000,    0.000000,    0.000000,    9.295518,119783.694693,    0.000000,    0.000000,   50.000000,    0.000000,    0.071000,   25.422155,   11.737576,   25.422155,  195.184564,  -78.794679,  -20.922230, -121.559375,    0.000000,    0.000000,    0.034744,    0.797293,    0.714602,   13.991335,    0.072732,    0.001689,    0.001721,    0.000000
2019-08-26 24:00:00,321196.405039,    0.000000,    0.000000,    0.000000,  622.080426,  622.080000,    0.000000, -269.696547,    0.000000,    0.000000,    0.000000,    9.293266,119734.849210,    0.000000,    0.000000,   50.000000,    0.000000,    0.071000,   25.153502,   11.771255,   25.153502,  172.981798,  -63.452424,  -15.647742, -102.366214,    0.000000,    0.000000,    0.009210,    0.227946,    0.382095,  121.728602,    0.071569,    0.001689,    0.001721,    0.000000
2019-08-27 24:00:00,321408.073014,    0.000000,    0.000000,    0.000000,  682.560426,  682.560000,    0.000000, -124.121725,  334.565170,    0.000000,    0.000000,    9.295023,119772.972000,    0.000000,    0.000000,   50.000000,    0.000000,    0.071000,   24.545514,   11.804223,   24.545514,   62.720479,  -29.209098,  -11.024922,  -65.054934,    0.000000,    0.000000,    0.004891,    0.122560,    0.280175,  301.078619,    0.070558,    0.001689,    0.001721,    0.000000
2019-08-28 24:00:00,321169.669804,    0.000000,    0.000000,    0.000000,  622.080426,  622.080000,    0.000000, -237.063955,    0.000000,    0.000000,    0.000000,    9.293044,119730.034018,    0.000000,    0.000000,   50.000000,    0.000000,    0.071000,   24.840123,   11.837175,   24.840123,  182.393015,  -55.748007,   -3.391432,  -90.367395,    0.000000,    0.000000,    0.019327,    0.464080,    0.545195,   34.579890,    0.067914,    0.001689,    0.001721,    0.000000
2019-08-29 24:00:00,320718.805874,    0.000000,    0.000000,    0.000000,  665.280426,  665.280000,    0.000000, -448.099934,    0.000000,    0.000000,    0.000000,    9.289300,119648.830467,    0.000000,    0.000000,   50.000000,    0.000000,    0.071000,   24.240877,   11.869980,   24.240877,  246.204888, -105.577033,  -20.309854, -142.183378,    0.000000,    0.000000,    0.046980,    1.045998,    0.818504,    7.381372,    0.070131,    0.001689,    0.001721,    0.000000
2019-08-30 24:00:00,320429.704097,    0.000000,    0.000000,    0.000000,  622.080426,  622.080000,    0.000000, -287.168807,    0.000000,    0.000000,    0.000000,    9.286899,119596.761341,    0.000000,    0.000000,   50.000000,    0.000000,    0.071000,   24.903547,   11.902599,   24.903547,  233.423087,  -67.731156,  -10.538328, -123.630497,    0.000000,    0.000000,    0.028864,    0.673266,    0.656672,   15.145698,    0.078545,    0.001689,    0.001721,    0.000000
2019-08-31 24:00:00,320220.821601,    0.000000,    0.000000,    0.000000,  613.440426,  613.440000,    0.000000, -207.407171,    0.000000,    0.000000,    0.000000,    9.285165,119559.140233,    0.000000,    0.000000,   50.000000,    0.000000,    0.071000,   26.026570,   11.933949,   26.026570,  231.272515,  -48.847338,   -4.660647, -105.065040,    0.000000,    0.000000,    0.006772,    0.168689,    0.328700,  159.227108,    0.087009,    0.001689,    0.001721,    0.000000
2019-09-01 24:00:00,320040.673860,    0.000000,    0.000000,    0.000000,  648.000426,  648.000000,    0.000000, -178.823036,    0.000000,    0.000000,    0.000000,    9.283669,119526.694443,    0.000000,    0.000000,   50.000000,    0.000000,    0.071000,   26.160333,   11.963422,   26.160333,  202.988713,  -42.077179,   -4.276035, -106.378577,    0.000000,    0.000000,    0.006058,    0.151207,    0.311202,  207.500320,    0.072820,    0.001689,    0.001721,    0.000000
2019-09-02 24:00:00,319825.051351,    0.000000,    0.000000,    0.000000,  596.160426,  596.160000,    0.000000, -213.973428,    0.000000,    0.000000,    0.000000,    9.281879,119487.859415,    0.000000,    0.000000,   50.000000,    0.000000,    0.080000,   26.327837,   11.993978,   26.327837,  209.358505,  -50.350158,   -8.967121, -110.139774,    0.000000,    0.000000,    0.070866,    1.505336,    0.981911,    3.732977,    0.052802,    0.001689,    0.001721,    0.000000
2019-09-03 24:00:00,319584.255112,    0.000000,    0.000000,    0.000000,  544.320426,  544.320000,    0.000000, -238.872530,    0.000000,    0.000000,    0.000000,    9.279879,119444.490432,    0.000000,    0.000000,   50.000000,    0.000000,    0.080000,   26.404869,   12.022607,   26.404869,  212.513751,  -56.256732,   -9.687286, -116.401760,    0.000000,    0.000000,    0.018110,    0.436488,    0.528739,   38.720860,    0.060339,    0.001689,    0.001721,    0.000000
2019-09-04 24:00:00,319384.398610,    0.000000,    0.000000,    0.000000,  527.040426,  527.040000,    0.000000, -198.193529,    0.000000,    0.000000,    0.000000,    9.278220,119408.494965,    0.000000,    0.000000,   50.000000,    0.000000,    0.080000,   27.537318,   12.051008,   27.537318,  224.184321,  -46.640307,   -5.447074, -107.227527,    0.000000,    0.000000,    0.020262,    0.485074,    0.557390,   30.961804,    0.052834,    0.001689,    0.001721,    0.000000
2019-09-05 24:00:00,319047.427076,    0.000000,    0.000000,    0.000000,  535.680426,  535.680000,    0.000000, -334.034814,    0.000000,    0.000000,    0.000000,    9.275421,119347.804182,    0.000000,    0.000000,   50.000000,    0.000000,    0.080000,   25.970494,   12.078718,   25.970494,  146.482648,  -78.688330,  -13.907449,  -94.285198,    0.000000,    0.000000,    0.086676,    1.795604,    1.072410,    2.841211,    0.065186,    0.001689,    0.001721,    0.000000
2019-09-06 24:00:00,318424.136145,    0.000000,    0.000000,    0.000000,  552.960426,  552.960000,    0.000000, -617.415721,    0.000000,    0.000000,    0.000000,    9.270246,119235.545396,    0.000000,    0.000000,   50.000000,    0.000000,    0.080000,   24.663589,   12.106943,   24.663589,  214.102816, -145.886806,  -22.942693, -108.601003,    0.000000,    0.000000,    0.010826,    0.266723,    0.413319,   88.843869,    0.077298,    0.001689,    0.001721,    0.000000
2019-09-07 24:00:00,318073.468448,    0.000000,    0.000000,    0.000000,  544.320426,  544.320000,    0.000000, -347.103372,    0.000000,    0.000000,    0.000000,    9.267334,119172.387844,    0.000000,    0.000000,   50.000000,    0.000000,    0.080000,   24.136573,   12.134493,   24.136573,  182.433190,  -82.102132,  -12.210022, -116.825942,    0.000000,    0.000000,    0.046941,    1.044990,    0.818110,    7.260220,    0.076617,    0.001689,    0.001721,    0.000000
2019-09-08 24:00:00,317851.692145,    0.000000,    0.000000,    0.000000,  552.960426,  552.960000,    0.000000, -219.426400,    0.000000,    0.000000,    0.000000,    9.265493,119132.444477,    0.000000,    0.000000,   50.000000,    0.000000,    0.080000,   25.010496,   12.161184,   25.010496,  216.951080,  -51.934735,   -8.023131, -114.013460,    0.000000,    0.000000,    0.014799,    0.360359,    0.480422,   46.484690,    0.075676,    0.001689,    0.001721,    0.000000
2019-09-09 24:00:00,317750.426350,    0.000000,    0.000000,    0.000000,  527.040426,  527.040000,    0.000000, -100.168186,    0.000000,    0.000000,    0.000000,    9.264652,119114.205843,    0.000000,    0.000000,   50.000000,    0.000000,    0.080000,   25.758604,   12.186412,   25.758604,  154.988182,  -23.678125,    0.560609,  -79.141408,    0.000000,    0.000000,    0.010071,    0.248656,    0.399075,   88.892416,    0.075141,    0.001689,    0.001721,    0.000000
2019-09-10 24:00:00,317665.911265,    0.000000,    0.000000,    0.000000,  544.320426,  544.320000,    0.000000,  -83.587289,    0.000000,    0.000000,    0.000000,    9.263950,119098.984122,    0.000000,    0.000000,   50.000000,    0.000000,    0.080000,   25.713246,   12.210433,   25.713246,  125.773473,  -19.759906,   -2.086689,  -79.684675,    0.000000,    0.000000,    0.015190,    0.369435,    0.486434,   48.648493,    0.054871,    0.001689,    0.001721,    0.000000
2019-09-11 24:00:00,317917.508128,    0.000000,    0.000000,    0.000000,  570.240426,  570.240000,    0.000000, -144.461834,  393.227247,    0.000000,    0.000000,    9.266039,119144.298367,    0.000000,    0.000000,   50.000000,    0.000000,    0.080000,   27.088702,   12.233610,   27.088702,  206.230980,  -34.088978,   -1.341445,  -83.615721,    0.000000,    0.000000,    0.017168,    0.414993,    0.515556,   39.963457,    0.070005,    0.001689,    0.001721,    0.000000
2019-09-12 24:00:00,318856.679054,    0.000000,    0.000000,    0.000000,  648.000426,  648.000000,    0.000000, -220.948760, 1149.761249,    0.000000,    0.000000,    9.273838,119313.449212,    0.000000,    0.000000,   50.000000,    0.000000,    0.080000,   26.924733,   12.256609,   26.924733,  183.153028,  -52.049287,   -9.692593,  -92.468789,    0.000000,    0.000000,    0.029984,    0.697068,    0.668179,   16.884447,    0.069353,    0.001689,    0.001721,    0.000000
2019-09-13 24:00:00,318921.161828,    0.000000,    0.000000,    0.000000,  587.520426,  587.520000,    0.000000, -148.291069,  212.172520,    0.000000,    0.000000,    9.274373,119325.062982,    0.000000,    0.000000,   50.000000,    0.000000,    0.080000,   25.461514,   12.277963,   25.461514,   50.730406,  -34.970836,  -11.649023,  -77.673049,    0.000000,    0.000000,    0.020124,    0.481962,    0.555600,   32.271142,    0.068730,    0.001689,    0.001721,    0.000000
2019-09-14 24:00:00,318890.746183,    0.000000,    0.000000,    0.000000,  622.080426,  622.080000,    0.000000, -121.116209,   90.977819,    0.000000,    0.000000,    9.274120,119319.584925,    0.000000,    0.000000,   50.000000,    0.000000,    0.080000,   25.132814,   12.299541,   25.132814,   88.099086,  -28.594242,   -9.082434,  -65.809525,    0.000000,    0.000000,    0.015589,    0.378684,    0.492486,   48.178216,    0.068184,    0.001689,    0.001721,    0.000000
2019-09-15 24:00:00,318723.325663,    0.000000,    0.000000,    0.000000,  604.800426,  604.800000,    0.000000, -165.857756,    0.000000,    0.000000,    0.000000,    9.272730,119289.431391,    0.000000,    0.000000,   50.000000,    0.000000,    0.080000,   25.057935,   12.318587,   25.057935,  149.608534,  -39.160042,  -11.050922,  -93.291947,    0.000000,    0.000000,    0.019717,    0.472818,    0.550304,   32.444948,    0.067921,    0.001689,    0.001721,    0.000000
2019-09-16 24:00:00,318484.476828,    0.000000,    0.000000,    0.000000,  552.960426,  552.960000,    0.000000, -236.547117,    0.000000,    0.000000,    0.000000,    9.270747,119246.413149,    0.000000,    0.000000,   50.000000,    0.000000,    0.080000,   25.391660,   12.339178,   25.391660,  203.913795,  -55.852030,  -11.276920, -109.941480,    0.000000,    0.000000,    0.035580,    0.814500,    0.722272,   11.721087,    0.068365,    0.001689,    0.001721,    0.000000
2019-09-17 24:00:00,318215.448979,    0.000000,    0.000000,    0.000000,  535.680426,  535.680000,    0.000000, -266.333399,    0.000000,    0.000000,    0.000000,    9.268513,119197.959469,    0.000000,    0.000000,   50.000000,    0.000000,    0.080000,   25.093108,   12.357265,   25.093108,  165.783243,  -62.936366,  -14.381822,  -92.691726,    0.000000,    0.000000,    0.017969,    0.433255,    0.526778,   36.825300,    0.067767,    0.001689,    0.001721,    0.000000
2019-09-18 24:00:00,318002.787366,    0.000000,    0.000000,    0.000000,  527.040426,  527.040000,    0.000000, -210.454855,    0.000000,    0.000000,    0.000000,    9.266747,119159.657717,    0.000000,    0.000000,   50.000000,    0.000000,    0.080000,   24.433682,   12.375043,   24.433682,  121.460302,  -49.779181,  -11.396757,  -92.320216,    0.000000,    0.000000,    0.014279,    0.348250,    0.472281,   53.224641,    0.087377,    0.001689,    0.001721,    0.000000
2019-09-19 24:00:00,317747.454288,    0.000000,    0.000000,    0.000000,  535.680426,  535.680000,    0.000000, -252.594433,    0.000000,    0.000000,    0.000000,    9.264627,119113.670555,    0.000000,    0.000000,   50.000000,    0.000000,    0.080000,   23.309400,   12.392341,   23.309400,  120.774946,  -59.829786,  -20.676229, -124.681507,    0.000000,    0.000000,    0.021611,    0.515162,    0.574417,   23.890272,    0.074555,    0.001689,    0.001721,    0.000000
2019-09-20 24:00:00,317507.328536,    0.000000,    0.000000,    0.000000,  527.040426,  527.040000,    0.000000, -237.461076,    0.000000,    0.000000,    0.000000,    9.262633,119070.422332,    0.000000,    0.000000,   50.000000,    0.000000,    0.080000,   23.295377,   12.408894,   23.295377,  199.438671,  -56.304196,  -17.942258, -137.760686,    0.000000,    0.000000,    0.022705,    0.539389,    0.587769,   19.683484,    0.078549,    0.001689,    0.001721,    0.000000
2019-09-21 24:00:00,317368.936838,    0.000000,    0.000000,    0.000000,  527.040426,  527.040000,    0.000000, -136.816648,    0.000000,    0.000000,    0.000000,    9.261484,119045.497079,    0.000000,    0.000000,   50.000000,    0.000000,    0.080000,   23.105991,   12.424041,   23.105991,  129.384167,  -32.459591,   -5.538800,  -93.044429,    0.000000,    0.000000,    0.031680,    0.732901,    0.685138,   11.382775,    0.077866,    0.001689,    0.001721,    0.000000
2019-09-22 24:00:00,317215.272804,    0.000000,    0.000000,    0.000000,  527.040426,  527.040000,    0.000000, -151.881592,    0.000000,    0.000000,    0.000000,    9.260208,119017.821179,    0.000000,    0.000000,   50.000000,    0.000000,    0.080000,   24.079434,   12.439109,   24.079434,  190.038492,  -35.992111,   -2.570656,  -96.357655,    0.000000,    0.000000,    0.015450,    0.375447,    0.490377,   36.538446,    0.077154,    0.001689,    0.001721,    0.000000
2019-09-23 24:00:00,316964.526088,    0.000000,    0.000000,    0.000000,  501.120426,  501.120000,    0.000000, -247.762776,    0.000000,    0.000000,    0.000000,    9.258126,118972.660050,    0.000000,    0.000000,   50.000000,    0.000000,    0.080000,   23.633260,   12.453299,   23.633260,  151.321424,  -58.762701,   -0.001925,  -91.523819,    0.000000,    0.000000,    0.017962,    0.433078,    0.526670,   30.665133,    0.076278,    0.001689,    0.001721,    0.000000
2019-09-24 24:00:00,316467.529185,    0.000000,    0.000000,    0.000000,  518.400426,  518.400000,    0.000000, -490.809267,    0.000000,    0.000000,    0.000000,    9.253999,118883.147648,    0.000000,    0.000000,   50.000000,    0.000000,    0.080000,   22.642365,   12.467300,   22.642365,  203.586641, -116.563042,   -9.631339, -127.963440,    0.000000,    0.000000,    0.033248,    0.765796,    0.700345,   10.614228,    0.072104,    0.001689,    0.001721,    0.000000
2019-09-25 24:00:00,316228.594916,    0.000000,    0.000000,    0.000000,  509.760426,  509.760000,    0.000000, -235.825856,    0.000000,    0.000000,    0.000000,    9.252015,118840.114019,    0.000000,    0.000000,   50.000000,    0.000000,    0.080000,   22.767419,   12.479706,   22.767419,  186.011878,  -56.080386,  -11.203287, -121.405147,    0.000000,    0.000000,    0.026157,    0.614860,    0.627543,   14.424680,    0.085125,    0.001689,    0.001721,    0.000000
2019-09-26 24:00:00,315968.649237,    0.000000,    0.000000,    0.000000,  509.760426,  509.760000,    0.000000, -256.467096,    0.000000,    0.000000,    0.000000,    9.249857,118793.296097,    0.000000,    0.000000,   50.000000,    0.000000,    0.080000,   22.339870,   12.491383,   22.339870,  128.349185,  -61.006212,    4.775562,  -87.230761,    0.000000,    0.000000,    0.039932,    0.903755,    0.760818,    7.209344,    0.089544,    0.001689,    0.001721,    0.000000
2019-09-27 24:00:00,315809.463134,    0.000000,    0.000000,    0.000000,  518.400426,  518.400000,    0.000000, -157.005583,    0.000000,    0.000000,    0.000000,    9.248535,118764.625635,    0.000000,    0.000000,   50.000000,    0.000000,    0.080000,   22.976101,   12.502440,   22.976101,  173.011464,  -37.349419,   -1.201653, -101.220360,    0.000000,    0.000000,    0.014530,    0.354066,    0.476209,   37.148019,    0.089544,    0.001689,    0.001721,    0.000000
2019-09-28 24:00:00,315888.004542,    0.000000,    0.000000,    0.000000,  535.680426,  535.680000,    0.000000,  -43.193899,  120.642381,    0.000000,    0.000000,    9.249187,118778.771458,    0.000000,    0.000000,   50.000000,    0.000000,    0.080000,   23.657678,   12.512280,   23.657678,  131.201955,  -10.259591,    1.721198,  -71.535713,    0.000000,    0.000000,    0.029531,    0.687292,    0.663477,   11.954960,    0.089544,    0.001689,    0.001721,    0.000000
2019-09-29 24:00:00,315791.817598,    0.000000,    0.000000,    0.000000,  518.400426,  518.400000,    0.000000,  -94.862251,    0.000000,    0.000000,    0.000000,    9.248388,118761.447558,    0.000000,    0.000000,   50.000000,    0.000000,    0.080000,   24.887792,   12.522296,   24.887792,  170.030869,  -22.510796,    1.626720,  -80.211773,    0.000000,    0.000000,    0.002240,    0.057455,    0.191831,  624.241147,    0.089544,    0.001689,    0.001721,    0.000000
2019-09-30 24:00:00,315720.727998,    0.000000,    0.000000,    0.000000,  509.760426,  509.760000,    0.000000,  -70.101742,    0.000000,    0.000000,    0.000000,    9.247798,118748.643855,    0.000000,    0.000000,   50.000000,    0.000000,    0.080000,   24.580547,   12.529575,   24.580547,  100.312463,  -16.636003,   -0.427160,  -69.847024,    0.000000,    0.000000,    0.007004,    0.174335,    0.334155,  137.201010,    0.089544,    0.001689,    0.001721,    0.000000
2019-10-01 24:00:00,315642.345143,    0.000000,    0.000000,    0.000000,  518.400426,  518.400000,    0.000000,  -77.284792,    0.000000,    0.000000,    0.000000,    9.247147,118734.526589,    0.000000,    0.000000,   50.000000,    0.000000,    0.080000,   25.042296,   12.536963,   25.042296,  139.591921,  -18.339243,   -1.792474,  -81.072071,    0.000000,    0.000000,    0.015312,    0.372227,    0.488269,   40.480925,    0.089544,    0.001689,    0.001721,    0.000000
2019-10-02 24:00:00,315394.263747,    0.000000,    0.000000,    0.000000,  483.840426,  483.840000,    0.000000, -244.546114,    0.000000,    0.000000,    0.000000,    9.245087,118689.845502,    0.000000,    0.000000,   50.000000,    0.000000,    0.103000,   24.657684,   12.543560,   24.657684,  156.461252,  -58.040157,    0.157745,  -94.076744,    0.000000,    0.000000,    0.031803,    0.735402,    0.686306,   12.502047,    0.089544,    0.001689,    0.001721,    0.000000
2019-10-03 24:00:00,315037.245584,    0.000000,    0.000000,    0.000000,  475.200426,  475.200000,    0.000000, -351.769833,    0.000000,    0.000000,    0.000000,    9.242123,118625.544189,    0.000000,    0.000000,   50.000000,    0.000000,    0.103000,   24.222470,   12.549113,   24.222470,  172.297549,  -83.582274,    1.745909,  -97.736820,    0.000000,    0.000000,    0.045699,    1.019981,    0.808261,    6.799106,    0.089544,    0.001689,    0.001721,    0.000000
2019-10-04 24:00:00,314587.296153,    0.000000,    0.000000,    0.000000,  449.280426,  449.280000,    0.000000, -443.065106,    0.000000,    0.000000,    0.000000,    9.238386,118544.505345,    0.000000,    0.000000,   50.000000,    0.000000,    0.103000,   23.491951,   12.554274,   23.491951,  176.453208, -105.452591,    0.219064, -105.416470,    0.000000,    0.000000,    0.019019,    0.457004,    0.541023,   29.005638,    0.071343,    0.001689,    0.001721,    0.000000
2019-10-05 24:00:00,314278.584239,    0.000000,    0.000000,    0.000000,  509.760426,  509.760000,    0.000000, -303.812356,    0.000000,    0.000000,    0.000000,    9.235823,118488.904304,    0.000000,    0.000000,   50.000000,    0.000000,    0.103000,   21.767113,   12.557401,   21.767113,   56.063443,  -72.457647,  -27.472272,  -97.693788,    0.000000,    0.000000,    0.003088,    0.078230,    0.223842,  396.427859,    0.079767,    0.001689,    0.001721,    0.000000
2019-10-06 24:00:00,314761.353375,    0.000000,    0.000000,    0.000000,  630.720426,  630.720000,    0.000000,  -66.794596,  541.849095,    0.000000,    0.000000,    9.239832,118575.854192,    0.000000,    0.000000,   50.000000,    0.000000,    0.103000,   21.370402,   12.559734,   21.370402,   49.496497,  -15.940212,   -6.170866,  -64.509490,    0.000000,    0.000000,    0.006168,    0.153892,    0.313953,  137.704356,    0.055554,    0.001689,    0.001721,    0.000000
2019-10-07 24:00:00,314674.074848,    0.000000,    0.000000,    0.000000,  527.040426,  527.040000,    0.000000,  -85.930052,    0.000000,    0.000000,    0.000000,    9.239107,118560.134757,    0.000000,    0.000000,   50.000000,    0.000000,    0.103000,   21.221208,   12.561984,   21.221208,   74.044739,  -20.513670,   -0.693564,  -67.876378,    0.000000,    0.000000,    0.038303,    0.870386,    0.746640,    6.831167,    0.055554,    0.001689,    0.001721,    0.000000
2019-10-08 24:00:00,315174.542299,    0.000000,    0.000000,    0.000000,  673.920426,  673.920000,    0.000000, -380.636609,  873.284873,    0.000000,    0.000000,    9.243263,118650.272228,    0.000000,    0.000000,   50.000000,    0.000000,    0.103000,   19.367547,   12.562453,   19.367547,   26.751227,  -90.904932,  -41.542308,  -71.440263,    0.000000,    0.000000,    0.023651,    0.560166,    0.598982,   11.373199,    0.054382,    0.001689,    0.001721,    0.000000
2019-10-09 24:00:00,314985.480518,    0.000000,    0.000000,    0.000000,  578.880426,  578.880000,    0.000000, -186.243316,    0.000000,    0.000000,    0.000000,    9.241693,118616.220961,    0.000000,    0.000000,   50.000000,    0.000000,    0.103000,   19.928134,   12.561896,   19.928134,  175.031204,  -44.527427,  -13.106940,  -93.003634,    0.000000,    0.000000,    0.004425,    0.111100,    0.266755,  147.572474,    0.051325,    0.001689,    0.001721,    0.000000
2019-10-10 24:00:00,314800.120584,    0.000000,    0.000000,    0.000000,  561.600426,  561.600000,    0.000000, -182.544774,    0.000000,    0.000000,    0.000000,    9.240154,118582.836421,    0.000000,    0.000000,   50.000000,    0.000000,    0.103000,   19.689341,   12.556000,   19.689341,  166.519601,  -43.641009,  -11.733002, -106.407756,    0.000000,    0.000000,    0.026006,    0.611533,    0.625843,    9.684137,    0.052775,    0.001689,    0.001721,    0.000000
2019-10-11 24:00:00,314648.260764,    0.000000,    0.000000,    0.000000,  561.600426,  561.600000,    0.000000, -149.515055,    0.000000,    0.000000,    0.000000,    9.238893,118555.485471,    0.000000,    0.000000,   50.000000,    0.000000,    0.103000,   19.674545,   12.547917,   19.674545,  155.732138,  -35.767992,  -11.495261, -116.936509,    0.000000,    0.000000,    0.007122,    0.177214,    0.336902,   73.581590,    0.052151,    0.001689,    0.001721,    0.000000
2019-10-12 24:00:00,314377.939558,    0.000000,    0.000000,    0.000000,  527.040426,  527.040000,    0.000000, -266.063626,    0.000000,    0.000000,    0.000000,    9.236648,118506.798849,    0.000000,    0.000000,   50.000000,    0.000000,    0.103000,   18.830946,   12.538078,   18.830946,   81.826299,  -63.693255,   -5.458355,  -77.833396,    0.000000,    0.000000,    0.047486,    1.055492,    0.822210,    3.081602,    0.051529,    0.001689,    0.001721,    0.000000
2019-10-13 24:00:00,314188.334131,    0.000000,    0.000000,    0.000000,  518.400426,  518.400000,    0.000000, -186.553034,    0.000000,    0.000000,    0.000000,    9.235074,118472.649667,    0.000000,    0.000000,   50.000000,    0.000000,    0.103000,   18.209699,   12.526737,   18.209699,   71.390060,  -44.712537,  -15.460640,  -83.527952,    8.661250,    0.000000,    0.015829,    0.384173,    0.496043,   16.815222,    0.050993,    0.001689,    0.001721,    0.000000
2019-10-14 24:00:00,313809.112271,    0.000000,    0.000000,    0.000000,  535.680426,  535.680000,    0.000000, -372.957547,    0.000000,    0.000000,    0.000000,    9.231925,118404.349323,    0.000000,    0.000000,   50.000000,    0.000000,    0.103000,   17.489076,   12.514683,   17.489076,  164.877985,  -89.506236,  -19.644539, -133.986208,    0.000000,    0.000000,    0.049433,    1.093954,    0.837057,    2.007614,    0.088351,    0.001689,    0.001721,    0.000000
2019-10-15 24:00:00,313576.397451,    0.000000,    0.000000,    0.000000,  509.760426,  509.760000,    0.000000, -228.763282,    0.000000,    0.000000,    0.000000,    9.229992,118362.435857,    0.000000,    0.000000,   50.000000,    0.000000,    0.103000,   17.384187,   12.501885,   17.384187,  153.593250,  -54.954213,  -11.575441, -124.681610,    0.000000,    0.000000,    0.015041,    0.365923,    0.484117,   12.224031,    0.091780,    0.001689,    0.001721,    0.000000
2019-10-16 24:00:00,315778.626386,    0.000000,    0.000000,    0.000000,  933.120426,  933.120000,    0.000000, -211.278346, 2378.284659,    0.000000,    0.000000,    9.248279,118759.071735,    0.000000,    0.000000,   50.000000,    0.000000,    0.103000,   16.390257,   12.487191,   16.390257,   58.032246,  -50.614371,  -18.877217,  -81.650917,    0.000000,    0.000000,    0.031664,    0.732490,    0.684946,    2.995667,    0.095064,    0.001689,    0.001721,    0.000000
2019-10-17 24:00:00,315316.971956,    0.000000,    0.000000,    0.000000,  622.080426,  622.080000,    0.000000, -455.098789,    0.000000,    0.000000,    0.000000,    9.244445,118675.924743,    0.000000,    0.000000,   50.000000,    0.000000,    0.103000,   15.283521,   11.252449,   15.283521,  131.844394, -109.222728,  -32.766185, -123.760658,    0.000000,    0.000000,    0.074085,    1.564530,    1.001031,    0.432803,    0.052597,    0.001689,    0.001721,    0.000000
2019-10-18 24:00:00,314951.437687,    0.000000,    0.000000,    0.000000,  587.520426,  587.520000,    0.000000, -360.116606,    0.000000,    0.000000,    0.000000,    9.241410,118610.089624,    0.000000,    0.000000,   50.000000,    0.000000,    0.103000,   14.616315,   11.032761,   14.616315,  159.397300,  -86.566885,  -28.003194, -133.783171,    0.000000,    0.000000,    0.025729,    0.605517,    0.622757,    1.911070,    0.076110,    0.001689,    0.001721,    0.000000
2019-10-19 24:00:00,315176.619405,    0.000000,    0.000000,    0.000000,  570.240426,  570.240000,    0.000000, -139.720702,  361.486221,    0.000000,    0.000000,    9.243280,118650.646328,    0.000000,    0.000000,   50.000000,    0.000000,    0.103000,   14.443038,   10.896481,   14.443038,  104.159758,  -33.594093,  -12.770661, -100.092578,    0.000000,    0.000000,    0.003749,    0.094475,    0.245988,   35.983187,    0.060296,    0.001689,    0.001721,    0.000000
2019-10-20 24:00:00,320408.536149,    0.000000,    0.000000,    0.000000, 1702.080426, 1702.080000,    0.000000,  -59.294335, 5232.630852,    0.000000,    0.000000,    9.286724,119592.948854,    0.000000,    0.000000,   50.000000,    0.000000,    0.103000,   14.566582,   11.103794,   14.566582,   73.333446,  -14.147452,   -1.753830,  -51.225358,    0.000000,    0.000000,    0.021219,    0.506509,    0.569573,    2.889217,    0.051663,    0.001689,    0.001721,    0.000000
2019-10-21 24:00:00,320404.534830,    0.000000,    0.000000,    0.000000,  691.200426,  691.200000,    0.000000,   -3.973933,    0.000000,    0.000000,    0.000000,    9.286690,119592.228191,    0.000000,    0.000000,   50.000000,    0.000000,    0.103000,   14.888083,   11.276841,   14.888083,   52.008272,   -0.947998,    3.507929,  -53.517909,    0.000000,    0.000000,    0.024658,    0.582400,    0.610754,    1.989452,    0.052420,    0.001689,    0.001721,    0.000000
2019-10-22 24:00:00,321903.200238,    0.000000,    0.000000,    0.000000, 1071.360426, 1071.360000,    0.000000,  -30.747124, 1520.365311,    0.000000,    0.000000,    9.299135,119862.147661,    0.000000,    0.000000,   50.000000,    0.000000,    0.103000,   14.866898,   11.423241,   14.866898,   41.301536,   -7.312596,   -1.209132,  -37.288960,    0.000000,    0.000000,    0.021093,    0.503722,    0.568004,    3.459519,    0.052420,    0.001689,    0.001721,    0.000000
2019-10-23 24:00:00,321679.855635,    0.000000,    0.000000,    0.000000,  743.040426,  743.040000,    0.000000, -252.719806,   30.461918,    0.000000,    0.000000,    9.297280,119821.921833,    0.000000,    0.000000,   50.000000,    0.000000,    0.103000,   14.442357,   11.546613,   14.442357,  150.063633,  -60.130252,  -18.439761, -121.968420,    0.000000,    0.000000,    0.039121,    0.887599,    0.753987,    1.002105,    0.050481,    0.001689,    0.001721,    0.000000
2019-10-24 24:00:00,321458.974544,    0.000000,    0.000000,    0.000000,  639.360426,  639.360000,    0.000000, -219.732116,    0.000000,    0.000000,    0.000000,    9.295446,119782.139700,    0.000000,    0.000000,   50.000000,    0.000000,    0.103000,   14.253209,   11.148186,   14.253209,  149.071273,  -52.330816,  -20.533107, -128.125386,    0.000000,    0.000000,    0.023697,    0.561365,    0.599623,    1.864117,    0.069344,    0.001689,    0.001721,    0.000000
2019-10-25 24:00:00,322007.409316,    0.000000,    0.000000,    0.000000,  604.800426,  604.800000,  101.906676, -116.512875,  760.616404,    0.000000,    0.000000,    9.300000,119880.916400,    0.000000,    0.000000,   50.000000,    0.000000,    0.103000,   13.933870,   11.294941,   13.933870,   69.865120,  -27.739999,  -11.868698,  -77.351446,    0.000000,    0.000000,    0.021913,    0.521995,    0.578214,    1.888439,    0.092095,    0.001689,    0.001721,    0.000000
2019-10-26 24:00:00,322007.409316,    0.000000,    0.000000,    0.000000,  622.080426,  622.080000,  351.462077,  -55.370069,  395.914323,    0.000000,    0.000000,    9.300000,119880.916400,    0.000000,    0.000000,   50.000000,    0.000000,    0.103000,   14.760934,   11.418534,   14.760934,   75.334308,  -13.179050,    2.642839,  -39.141541,    0.000000,    0.000000,    0.026067,    0.613124,    0.626657,    1.387526,    0.087770,    0.001689,    0.001721,    0.000000
2019-10-27 24:00:00,322007.409316,    0.000000,    0.000000,    0.000000, 1537.920426, 1537.920000, 2143.703092,  -85.467634, 2164.829834,    0.000000,    0.000000,    9.300000,119880.916400,    0.000000,    0.000000,   50.000000,    0.000000,    0.103000,   15.804927,   11.523895,   15.804927,  145.597332,  -20.289080,   14.737144,  -64.947875,    0.000000,    0.000000,    0.060471,    1.309426,    0.915790,    0.641468,    0.065906,    0.001689,    0.001721,    0.000000
2019-10-28 24:00:00,321874.257430,    0.000000,    0.000000,    0.000000,  777.600426,  777.600000,    0.000000, -132.533001,    0.000000,    0.000000,    0.000000,    9.298894,119856.934872,    0.000000,    0.000000,   50.000000,    0.000000,    0.103000,   15.726243,   11.612144,   15.726243,  146.415954,  -31.502919,   -5.395739, -109.092811,    0.000000,    0.000000,    0.007740,    0.192307,    0.350956,   18.898177,    0.099517,    0.001689,    0.001721,    0.000000
2019-10-29 24:00:00,321855.220502,    0.000000,    0.000000,    0.000000,  691.200426,  691.200000,    0.000000,  -18.946565,    0.000000,    0.000000,    0.000000,    9.298736,119853.506196,    0.000000,    0.000000,   50.000000,    0.000000,    0.103000,   15.513141,   11.689638,   15.513141,   38.729236,   -4.504175,   -1.654922,  -43.526965,    0.000000,    0.000000,    0.010208,    0.251960,    0.401718,   14.483776,    0.069349,    0.001689,    0.001721,    0.000000
2019-10-30 24:00:00,322007.409316,    0.000000,    0.000000,    0.000000,  907.200426,  907.200000,  942.792034,   -0.995233, 1066.341650,    0.000000,    0.000000,    9.300000,119880.916400,    0.000000,    0.000000,   50.000000,    0.000000,    0.103000,   15.408326,   11.754694,   15.408326,   16.129443,   -0.236572,    1.207113,  -33.695067,    0.000000,    0.000000,    0.026071,    0.613246,    0.626719,    3.319341,    0.074282,    0.001689,    0.001721,    0.000000
2019-10-31 24:00:00,322007.409316,    0.000000,    0.000000,    0.000000, 1883.520426, 1883.520000, 3195.457137, -102.140502, 3200.943188,    0.000000,    0.000000,    9.300000,119880.916400,    0.000000,    0.000000,   50.000000,    0.000000,    0.103000,   15.220852,   11.811384,   15.220852,   14.122129,  -24.273786,   14.342231,  -37.552429,    0.000000,    0.000000,    0.051278,    1.131338,    0.851239,    0.988822,    0.089945,    0.001689,    0.001721,    0.000000
2019-11-01 24:00:00,321599.885692,    0.000000,    0.000000,    0.000000, 1373.760426, 1373.760000,    0.000000, -405.549042,    0.000000,    0.000000,    0.000000,    9.296616,119807.518722,    0.000000,    0.000000,   50.000000,    0.000000,    0.103000,   13.806490,   10.334824,   13.806490,  147.591522,  -96.561631,  -54.902818, -153.980731,    0.000000,    0.000000,    0.030152,    0.700758,    0.669946,    1.153016,    0.051033,    0.001689,    0.001721,    0.000000
2019-11-02 24:00:00,321403.373823,    0.000000,    0.000000,    0.000000,  898.560426,  898.560000,    0.000000, -195.469606,    0.000000,    0.000000,    0.000000,    9.294984,119772.125645,    0.000000,    0.000000,   50.000000,    0.000000,    0.138000,   13.298965,    9.340790,   13.298965,  137.188862,  -46.590561,  -20.327216, -147.230506,    0.000000,    0.000000,    0.017319,    0.418503,    0.517731,    2.477782,    0.062788,    0.001689,    0.001721,    0.000000
2019-11-03 24:00:00,321154.868052,    0.000000,    0.000000,    0.000000,  777.600426,  777.600000,    0.000000, -247.105316,    0.000000,    0.000000,    0.000000,    9.292921,119727.368126,    0.000000,    0.000000,   50.000000,    0.000000,    0.138000,   12.671346,    8.822245,   12.671346,  136.496179,  -58.961247,  -24.936566, -144.826133,    0.000000,    0.000000,    0.021088,    0.503597,    0.567933,    1.234970,    0.064612,    0.001689,    0.001721,    0.000000
2019-11-04 24:00:00,320957.479620,    0.000000,    0.000000,    0.000000,  734.400426,  734.400000,    0.000000, -196.210413,    0.000000,    0.000000,    0.000000,    9.291282,119691.817174,    0.000000,    0.000000,   50.000000,    0.000000,    0.138000,   12.286326,    8.567435,   12.286326,  124.464779,  -46.864286,  -14.489122, -128.960489,    0.000000,    0.000000,    0.019056,    0.457967,    0.541592,    1.502745,    0.052225,    0.001689,    0.001721,    0.000000
2019-11-05 24:00:00,320773.554413,    0.000000,    0.000000,    0.000000,  699.840426,  699.840000,    0.000000, -182.774626,    0.000000,    0.000000,    0.000000,    9.289755,119658.691038,    0.000000,    0.000000,   50.000000,    0.000000,    0.138000,   11.950129,    9.013179,   11.950129,   94.858086,  -43.683990,   -7.479320, -105.637708,    0.000000,    0.000000,    0.034736,    0.797097,    0.714515,    0.492582,    0.061690,    0.001689,    0.001721,    0.000000
2019-11-06 24:00:00,320599.387758,    0.000000,    0.000000,    0.000000,  682.560426,  682.560000,    0.000000, -173.030662,    0.000000,    0.000000,    0.000000,    9.288308,119627.322481,    0.000000,    0.000000,   50.000000,    0.000000,    0.138000,   11.849711,    9.397380,   11.849711,  130.185315,  -41.375828,   -8.607033, -121.243099,    0.000000,    0.000000,    0.008347,    0.207054,    0.364164,    5.450436,    0.058381,    0.001689,    0.001721,    0.000000
2019-11-07 24:00:00,320562.556493,    0.000000,    0.000000,    0.000000,  691.200426,  691.200000,    0.000000,  -66.989450,   30.403324,    0.000000,    0.000000,    9.288003,119620.688929,    0.000000,    0.000000,   50.000000,    0.000000,    0.138000,   11.867833,    9.677223,   11.867833,   61.684268,  -16.019715,   -0.950537,  -61.015747,    0.000000,    0.000000,    0.031711,    0.733725,    0.685523,    0.647203,    0.053570,    0.001689,    0.001721,    0.000000
2019-11-08 24:00:00,320107.245470,    0.000000,    0.000000,    0.000000,  699.840426,  699.840000,    0.000000, -452.105713,    0.000000,    0.000000,    0.000000,    9.284222,119538.684427,    0.000000,    0.000000,   50.000000,    0.000000,    0.138000,   10.534282,    7.369827,   10.534282,  133.091837, -108.275128,  -60.322924, -144.835458,    0.000000,    0.000000,    0.010454,    0.257836,    0.406375,    0.911050,    0.098858,    0.001689,    0.001721,    0.000000
2019-11-09 24:00:00,319940.290851,    0.000000,    0.000000,    0.000000,  682.560426,  682.560000,    0.000000, -165.700088,    0.000000,    0.000000,    0.000000,    9.282835,119508.614804,    0.000000,    0.000000,   50.000000,    0.000000,    0.138000,    9.909312,    5.535974,    9.909312,  105.624371,  -39.734091,  -27.401368, -142.446003,    0.000000,    0.000000,    0.024239,    0.573210,    0.605916,    0.244140,    0.059657,    0.001689,    0.001721,    0.000000
2019-11-10 24:00:00,319775.457477,    0.000000,    0.000000,    0.000000,  673.920426,  673.920000,    0.000000, -163.553850,    0.000000,    0.000000,    0.000000,    9.281467,119478.927233,    0.000000,    0.000000,   50.000000,    0.000000,    0.138000,   10.069856,    6.384983,   10.069856,  120.530741,  -39.236815,   -7.072741, -102.865520,    0.000000,    0.000000,    0.037341,    0.850956,    0.738259,    0.306022,    0.050844,    0.001689,    0.001721,    0.000000
2019-11-11 24:00:00,319659.897382,    0.000000,    0.000000,    0.000000,  673.920426,  673.920000,    0.000000, -114.638732,    0.000000,    0.000000,    0.000000,    9.280507,119458.114101,    0.000000,    0.000000,   50.000000,    0.000000,    0.138000,   10.804886,    7.107648,   10.804886,  112.332388,  -27.494806,   13.022237,  -82.868074,    0.000000,    0.000000,    0.021624,    0.515494,    0.574602,    0.804235,    0.050844,    0.001689,    0.001721,    0.000000
2019-11-12 24:00:00,319296.024012,    0.000000,    0.000000,    0.000000,  734.400426,  734.400000,    0.000000, -421.572055,   60.724743,    0.000000,    0.000000,    9.277486,119392.578121,    0.000000,    0.000000,   50.000000,    0.000000,    0.138000,    8.784928,    6.714340,    8.784928,   65.031000, -101.242389,  -70.219871, -100.693956,    0.000000,    0.000000,    0.064575,    1.386989,    0.942523,    0.014090,    0.056485,    0.001689,    0.001721,    0.000000
2019-11-13 24:00:00,319068.375439,    0.000000,    0.000000,    0.000000,  691.200426,  691.200000,    0.000000, -225.652102,    0.000000,    0.000000,    0.000000,    9.275595,119351.577119,    0.000000,    0.000000,   50.000000,    0.000000,    0.138000,    7.924174,    2.799293,    7.924174,  120.014287,  -54.286654,  -48.924351, -156.595222,    0.000000,    0.000000,    0.004658,    0.116833,    0.273551,    1.008755,    0.092949,    0.001689,    0.001721,    0.000000
2019-11-14 24:00:00,318963.134869,    0.000000,    0.000000,    0.000000,  673.920426,  673.920000,    0.000000, -104.291013,    0.000000,    0.000000,    0.000000,    9.274722,119332.622602,    0.000000,    0.000000,   50.000000,    0.000000,    0.138000,    7.695559,    3.809060,    7.695559,   85.761938,  -25.106598,  -12.280918, -109.261265,    0.000000,    0.000000,    0.016776,    0.406021,    0.509952,    0.355091,    0.054242,    0.001689,    0.001721,    0.000000
2019-11-15 24:00:00,318749.588420,    0.000000,    0.000000,    0.000000,  682.560426,  682.560000,    0.000000, -211.569112,    0.000000,    0.000000,    0.000000,    9.272948,119294.161486,    0.000000,    0.000000,   50.000000,    0.000000,    0.138000,    7.260825,    4.826135,    7.260825,   59.181111,  -50.966695,   -4.113068,  -92.307128,    0.000000,    0.000000,    0.058823,    1.277208,    0.904454,    0.018341,    0.071567,    0.001689,    0.001721,    0.000000
2019-11-16 24:00:00,318554.888230,    0.000000,    0.000000,    0.000000,  682.560426,  682.560000,    0.000000, -192.837977,    0.000000,    0.000000,    0.000000,    9.271332,119259.094705,    0.000000,    0.000000,   50.000000,    0.000000,    0.138000,    7.036563,    4.622511,    7.036563,  116.401865,  -46.486711,  -12.932926, -117.900191,    0.000000,    0.000000,    0.034423,    0.790451,    0.711530,    0.083231,    0.051706,    0.001689,    0.001721,    0.000000
2019-11-17 24:00:00,318399.334808,    0.000000,    0.000000,    0.000000,  691.200426,  691.200000,    0.000000, -154.024825,    0.000000,    0.000000,    0.000000,    9.270040,119231.078513,    0.000000,    0.000000,   50.000000,    0.000000,    0.138000,    6.809458,    4.865147,    6.809456,   57.093091,  -37.148421,  -22.262424,  -59.086326,    0.000000,    0.000000,    0.007733,    0.192121,    0.350786,    0.228980,    0.062183,    0.001689,    0.001721,    0.000000
2019-11-18 24:00:00,318988.153745,    0.000000,    0.000000,    0.000000,  751.680426,  751.680000,    0.000000,  -22.742287,  605.860599,    0.000000,    0.000000,    9.274929,119337.128666,    0.000000,    0.000000,   50.000000,    0.000000,    0.138000,    6.956547,    5.755492,    6.956547,   35.973113,   -5.479914,   -4.095626,  -44.891975,    0.000000,    0.000000,    0.018776,    0.451594,    0.537811,    0.140302,    0.074053,    0.001689,    0.001721,    0.000000
2019-11-19 24:00:00,318929.929700,    0.000000,    0.000000,    0.000000,  708.480426,  708.480000,    0.000000,  -57.693855,    0.000000,    0.000000,    0.000000,    9.274446,119326.642133,    0.000000,    0.000000,   50.000000,    0.000000,    0.138000,    7.184962,    6.057996,    7.184962,   64.657679,  -13.898790,   -4.385002,  -55.894819,    0.000000,    0.000000,    0.026319,    0.618461,    0.629378,    0.137443,    0.060318,    0.001689,    0.001721,    0.000000
2019-11-20 24:00:00,318784.236760,    0.000000,    0.000000,    0.000000,  691.200426,  691.200000,    0.000000, -144.343866,    0.000000,    0.000000,    0.000000,    9.273236,119300.401879,    0.000000,    0.000000,   50.000000,    0.000000,    0.138000,    7.262177,    6.338327,    7.262177,  117.591221,  -34.773911,    9.423783, -105.216985,    0.000000,    0.000000,    0.033416,    0.769437,    0.702008,    0.055231,    0.076887,    0.001689,    0.001721,    0.000000
2019-11-21 24:00:00,318727.940920,    0.000000,    0.000000,    0.000000,  673.920426,  673.920000,    0.000000,  -55.766151,    0.000000,    0.000000,    0.000000,    9.272769,119290.262629,    0.000000,    0.000000,   50.000000,    0.000000,    0.138000,    7.480044,    6.335632,    7.480044,   69.379604,  -13.437621,    1.371410,  -80.957871,    0.000000,    0.000000,    0.016907,    0.409027,    0.511837,    0.337985,    0.057250,    0.001689,    0.001721,    0.000000
2019-11-22 24:00:00,318712.915125,    0.000000,    0.000000,    0.000000,  682.560426,  682.560000,    0.000000,  -45.203603,   30.318852,    0.000000,    0.000000,    9.272644,119287.556385,    0.000000,    0.000000,   50.000000,    0.000000,    0.138000,    7.437356,    7.097904,    7.437356,   27.453971,  -10.890087,   19.222307,  -57.224834,    0.000000,    0.000000,    0.016510,    0.399914,    0.506103,    0.056870,    0.059143,    0.001689,    0.001721,    0.000000
2019-11-23 24:00:00,319771.655723,    0.000000,    0.000000,    0.000000,  820.800426,  820.800000,    0.000000,  -72.370225, 1121.802052,    0.000000,    0.000000,    9.281435,119478.242512,    0.000000,    0.000000,   50.000000,    0.000000,    0.138000,    7.144493,    6.160636,    7.144493,   16.876476,  -17.411086,  -12.161133,  -56.709591,    0.000000,    0.000000,    0.016119,    0.390938,    0.500391,    0.050633,    0.057996,    0.001689,    0.001721,    0.000000
2019-11-24 24:00:00,319634.377479,    0.000000,    0.000000,    0.000000,  855.360426,  855.360000,    0.000000, -166.549136,   30.367387,    0.000000,    0.000000,    9.280295,119453.517799,    0.000000,    0.000000,   50.000000,    0.000000,    0.138000,    7.124561,    5.794029,    7.124561,  102.550567,  -40.076318,   -2.655194,  -91.516522,    0.000000,    0.000000,    0.036756,    0.838892,    0.733007,    0.016405,    0.062285,    0.001689,    0.001721,    0.000000
2019-11-25 24:00:00,319499.467484,    0.000000,    0.000000,    0.000000,  725.760426,  725.760000,    0.000000, -133.804166,    0.000000,    0.000000,    0.000000,    9.279175,119429.219624,    0.000000,    0.000000,   50.000000,    0.000000,    0.138000,    7.134291,    5.632832,    7.134291,  106.046102,  -32.211446,   -7.733573, -105.055156,    0.000000,    0.000000,    0.030559,    0.709305,    0.674019,    0.140858,    0.054896,    0.001689,    0.001721,    0.000000
2019-11-26 24:00:00,319456.285196,    0.000000,    0.000000,    0.000000,  682.560426,  682.560000,    0.000000,  -42.822685,    0.000000,    0.000000,    0.000000,    9.278816,119421.442211,    0.000000,    0.000000,   50.000000,    0.000000,    0.138000,    7.830608,    6.393498,    7.830608,   96.637352,  -10.308019,    6.966651,  -84.102068,    0.000000,    0.000000,    0.007011,    0.174513,    0.334325,    1.854408,    0.054662,    0.001689,    0.001721,    0.000000
2019-11-27 24:00:00,320026.479031,    0.000000,    0.000000,    0.000000,  777.600426,  777.600000,    0.000000,  -71.609246,  637.202348,    0.000000,    0.000000,    9.283551,119524.137861,    0.000000,    0.000000,   50.000000,    0.000000,    0.138000,    7.596712,    7.030261,    7.596712,   30.199088,  -17.210537,   20.023127,  -44.120771,    0.000000,    0.000000,    0.044725,    1.000914,    0.800671,    0.087142,    0.052728,    0.001689,    0.001721,    0.000000
2019-11-28 24:00:00,319722.738019,    0.000000,    0.000000,    0.000000,  751.680426,  751.680000,    0.000000, -301.391873,    0.000000,    0.000000,    0.000000,    9.281029,119469.432112,    0.000000,    0.000000,   50.000000,    0.000000,    0.138000,    7.046164,    5.794016,    7.046164,  106.533603,  -72.505725,  -14.624050, -106.580250,    0.000000,    0.000000,    0.088639,    1.831180,    1.082981,    0.003248,    0.060083,    0.001689,    0.001721,    0.000000
2019-11-29 24:00:00,319583.436933,    0.000000,    0.000000,    0.000000,  699.840426,  699.840000,    0.000000, -138.177138,    0.000000,    0.000000,    0.000000,    9.279872,119444.343073,    0.000000,    0.000000,   50.000000,    0.000000,    0.138000,    7.343361,    6.088289,    7.343361,   77.248044,  -33.261069,   -3.333821,  -52.031514,    0.000000,    0.000000,    0.011969,    0.293944,    0.433898,    0.805197,    0.074768,    0.001689,    0.001721,    0.000000
2019-11-30 24:00:00,320494.152595,    0.000000,    0.000000,    0.000000,  838.080426,  838.080000,    0.000000,  -37.334658,  941.126370,    0.000000,    0.000000,    9.287435,119608.368938,    0.000000,    0.000000,   50.000000,    0.000000,    0.138000,    7.199444,    6.598911,    7.199444,   19.268820,   -8.972172,   -4.822522,  -39.896713,    0.000000,    0.000000,    0.017981,    0.433578,    0.526974,    0.210395,    0.059997,    0.001689,    0.001721,    0.000000
2019-12-01 24:00:00,322007.409316,    0.000000,    0.000000,    0.000000, 2168.640426, 2168.640000,  800.446125,  -32.336931, 2312.170679,    0.000000,    0.000000,    9.300000,119880.916400,    0.000000,    0.000000,   50.000000,    0.000000,    0.138000,    7.175386,    6.777665,    7.175386,   20.627671,   -7.754309,   -6.009537,  -37.861448,    0.000000,    0.000000,    0.072516,    1.536503,    0.992024,    0.004629,    0.054725,    0.001689,    0.001721,    0.000000
2019-12-02 24:00:00,321846.271542,    0.000000,    0.000000,    0.000000, 1321.920426, 1321.920000,    0.000000, -160.385525,    0.000000,    0.000000,    0.000000,    9.298662,119851.894430,    0.000000,    0.000000,   50.000000,    0.000000,    0.161000,    6.703925,    5.838304,    6.703925,   43.010308,  -38.477535,  -16.469738,  -80.663500,    0.000000,    0.000000,    0.058572,    1.272736,    0.902869,    0.006737,    0.057448,    0.001689,    0.001721,    0.000000
2019-12-03 24:00:00,321575.682092,    0.000000,    0.000000,    0.000000, 1010.880426, 1010.880000,    0.000000, -269.239672,    0.000000,    0.000000,    0.000000,    9.296415,119803.159495,    0.000000,    0.000000,   50.000000,    0.000000,    0.161000,    6.039229,    4.294861,    6.039229,   72.835429,  -64.657838,  -33.284953,  -91.182744,    0.000000,    0.000000,    0.064935,    1.394081,    0.944930,    0.004830,    0.096381,    0.001689,    0.001721,    0.000000
2019-12-04 24:00:00,321382.697611,    0.000000,    0.000000,    0.000000,  846.720426,  846.720000,    0.000000, -191.954416,    0.000000,    0.000000,    0.000000,    9.294813,119768.401724,    0.000000,    0.000000,   50.000000,    0.000000,    0.161000,    5.818010,    4.032524,    5.818010,   96.522413,  -46.127556,    2.258469, -110.666360,    0.000000,    0.000000,    0.057331,    1.248771,    0.894328,    0.003872,    0.057642,    0.001689,    0.001721,    0.000000
2019-12-05 24:00:00,321189.396236,    0.000000,    0.000000,    0.000000, 1304.640426, 1304.640000,    0.000000, -192.213776,    0.000000,    0.000000,    0.000000,    9.293208,119733.586878,    0.000000,    0.000000,   50.000000,    0.000000,    0.161000,    5.658726,    3.994463,    5.658726,   97.053812,  -46.211410,    2.989958, -104.737753,    0.000000,    0.000000,    0.033297,    0.767076,    0.700930,    0.020378,    0.053001,    0.001689,    0.001721,    0.000000
2019-12-06 24:00:00,321107.784779,    0.000000,    0.000000,    0.000000, 1114.560426, 1114.560000,    0.000000,  -81.135460,    0.000000,    0.000000,    0.000000,    9.292530,119718.888120,    0.000000,    0.000000,   50.000000,    0.000000,    0.161000,    5.507973,    4.651529,    5.507973,   32.413179,  -19.514103,    1.834626,  -69.321625,    0.000000,    0.000000,    0.020951,    0.500550,    0.566212,    0.024328,    0.063719,    0.001689,    0.001721,    0.000000
2019-12-07 24:00:00,321064.861521,    0.000000,    0.000000,    0.000000,  725.760426,  725.760000,    0.000000,  -42.669047,    0.000000,    0.000000,    0.000000,    9.292173,119711.157359,    0.000000,    0.000000,   50.000000,    0.000000,    0.161000,    5.528087,    5.176396,    5.528087,   77.040234,  -10.261914,   -2.296380,  -94.310664,    0.000000,    0.000000,    0.014032,    0.342519,    0.468379,    0.050973,    0.058034,    0.001689,    0.001721,    0.000000
2019-12-08 24:00:00,320971.750724,    0.000000,    0.000000,    0.000000,  717.120426,  717.120000,    0.000000,  -92.549585,    0.000000,    0.000000,    0.000000,    9.291400,119694.387494,    0.000000,    0.000000,   50.000000,    0.000000,    0.161000,    5.371897,    3.603521,    5.371897,   91.274768,  -22.264284,   -7.534200, -111.286450,    0.000000,    0.000000,    0.020271,    0.485330,    0.557537,    0.012957,    0.053317,    0.001689,    0.001721,    0.000000
2019-12-09 24:00:00,322007.409316,    0.000000,    0.000000,    0.000000,  984.960426,  984.960000,  263.399957,  -23.153933, 1308.203998,    0.000000,    0.000000,    9.300000,119880.916400,    0.000000,    0.000000,   50.000000,    0.000000,    0.161000,    5.393820,    4.613622,    5.393820,    8.303396,   -5.562407,   -1.902053,  -34.300622,    0.000000,    0.000000,    0.007136,    0.177584,    0.337254,    0.098974,    0.065282,    0.001689,    0.001721,    0.000000
2019-12-10 24:00:00,322007.409316,    0.000000,    0.000000,    0.000000,  924.480426,  924.480000,  568.550784,  -27.845829,  578.824938,    0.000000,    0.000000,    9.300000,119880.916400,    0.000000,    0.000000,   50.000000,    0.000000,    0.161000,    5.695479,    5.620396,    5.695479,   11.424109,   -6.687086,    9.870325,  -18.779012,    0.000000,    0.000000,    0.042825,    0.962898,    0.785318,    0.000170,    0.073226,    0.001689,    0.001721,    0.000000
2019-12-11 24:00:00,321811.437237,    0.000000,    0.000000,    0.000000,  915.840426,  915.840000,    0.000000, -195.052226,    0.000000,    0.000000,    0.000000,    9.298373,119845.620543,    0.000000,    0.000000,   50.000000,    0.000000,    0.161000,    5.291203,    3.940716,    5.291203,   97.363433,  -46.863933,  -25.078356,  -99.461904,    0.000000,    0.000000,    0.027465,    0.643315,    0.641900,    0.008734,    0.054756,    0.001689,    0.001721,    0.000000
2019-12-12 24:00:00,321712.329200,    0.000000,    0.000000,    0.000000,  820.800426,  820.800000,    0.000000,  -98.620876,    0.000000,    0.000000,    0.000000,    9.297550,119827.770535,    0.000000,    0.000000,   50.000000,    0.000000,    0.161000,    4.984911,    4.845408,    4.898970,   93.456080,  -23.707075,  -16.333239, -123.453950,    0.000000,    0.000000,    0.009088,    0.224993,    0.379612,    0.000000,    0.089639,    0.001689,    0.001721,    0.000000
2019-12-13 24:00:00,322007.409316,    0.000000,    0.000000,    0.000000, 1028.160426, 1028.160000,   42.963331,  -30.068623,  365.345139,    0.000000,    0.000000,    9.300000,119880.916400,    0.000000,    0.000000,   50.000000,    0.000000,    0.161000,    4.876988,    3.264392,    4.876988,    6.620435,   -7.226435,   -7.433611,  -43.139231,    0.000000,    0.000000,    0.021913,    0.521985,    0.578208,    0.001959,    0.097617,    0.001689,    0.001721,    0.000000
2019-12-14 24:00:00,322007.409316,    0.000000,    0.000000,    0.000000, 1719.360426, 1719.360000, 1278.400177,  -40.573048, 1279.948839,    0.000000,    0.000000,    9.300000,119880.916400,    0.000000,    0.000000,   50.000000,    0.000000,    0.161000,    5.233974,    5.102135,    5.233974,   47.495718,   -9.747699,    7.767779,  -35.429828,    0.000000,    0.000000,    0.038113,    0.867055,    0.745210,    0.001017,    0.096759,    0.001689,    0.001721,    0.000000
2019-12-15 24:00:00,321894.276655,    0.000000,    0.000000,    0.000000, 1313.280426, 1313.280000,    0.000000, -112.608486,    0.000000,    0.000000,    0.000000,    9.299061,119860.540466,    0.000000,    0.000000,   50.000000,    0.000000,    0.161000,    5.367427,    5.293269,    5.367427,   93.840830,  -27.058409,    7.837529,  -82.995707,    0.000000,    0.000000,    0.008718,    0.216056,    0.371996,    0.021285,    0.054203,    0.001689,    0.001721,    0.000000
2019-12-16 24:00:00,321860.906697,    0.000000,    0.000000,    0.000000, 1045.440426, 1045.440000,    0.000000,  -33.211905,    0.000000,    0.000000,    0.000000,    9.298784,119854.530317,    0.000000,    0.000000,   50.000000,    0.000000,    0.161000,    5.546264,    5.421712,    5.546264,   31.894406,   -7.980051,    3.143746,  -41.763829,    0.000000,    0.000000,    0.011977,    0.294148,    0.434049,    0.045885,    0.078129,    0.001689,    0.001721,    0.000000
2019-12-17 24:00:00,321852.274836,    0.000000,    0.000000,    0.000000,  967.680426,  967.680000,    0.000000,  -99.986713,   91.392803,    0.000000,    0.000000,    9.298712,119852.975662,    0.000000,    0.000000,   50.000000,    0.000000,    0.161000,    5.546531,    5.468766,    5.546531,   25.410792,  -24.017044,   -1.297302,  -38.973453,    0.000000,    0.000000,    0.058727,    1.275707,    0.903922,    0.000037,    0.060592,    0.001689,    0.001721,    0.000000
2019-12-18 24:00:00,321595.788263,    0.000000,    0.000000,    0.000000,  881.280426,  881.280000,    0.000000, -255.211888,    0.000000,    0.000000,    0.000000,    9.296582,119806.780748,    0.000000,    0.000000,   50.000000,    0.000000,    0.161000,    4.656674,    4.546889,    4.546889,   94.906338,  -61.360946,  -34.236222, -132.477686,    0.000000,    0.000000,    0.039708,    0.899583,    0.759060,    0.000000,    0.079840,    0.001689,    0.001721,    0.000000
2019-12-19 24:00:00,321416.283909,    0.000000,    0.000000,    0.000000,  812.160426,  812.160000,    0.000000, -178.553580,    0.000000,    0.000000,    0.000000,    9.295092,119774.450836,    0.000000,    0.000000,   50.000000,    0.000000,    0.161000,    4.031526,    3.870391,    3.870391,   93.254985,  -42.976185,  -34.556480, -126.644532,    0.000000,    0.000000,    0.036777,    0.839424,    0.733240,    0.000004,    0.079925,    0.001689,    0.001721,    0.000000
2019-12-20 24:00:00,321278.632439,    0.000000,    0.000000,    0.000000,  803.520426,  803.520000,    0.000000, -136.889716,    0.000000,    0.000000,    0.000000,    9.293949,119749.658904,    0.000000,    0.000000,   50.000000,    0.000000,    0.161000,    4.127857,    3.201980,    3.201980,   89.974675,  -32.968772,   -2.150449,  -99.209619,    0.000000,    0.000000,    0.009087,    0.224965,    0.379588,    0.010392,    0.053122,    0.001689,    0.001721,    0.000000
2019-12-21 24:00:00,321218.733699,    0.000000,    0.000000,    0.000000,  794.880426,  794.880000,    0.000000,  -59.556497,    0.000000,    0.000000,    0.000000,    9.293451,119738.870748,    0.000000,    0.000000,   50.000000,    0.000000,    0.064000,    4.149345,    3.930586,    3.930586,   63.853636,  -12.804012,   -4.691167,  -75.866372,    0.000000,    0.000000,    0.039115,    0.887452,    0.753925,    0.000072,    0.083307,    0.001689,    0.001721,    0.000000
2019-12-22 24:00:00,321158.246207,    0.000000,    0.000000,    0.000000,  777.600426,  777.600000,    0.000000,  -60.138356,    0.000000,    0.000000,    0.000000,    9.292949,119727.976554,    0.000000,    0.000000,   50.000000,    0.000000,    0.161000,    4.266324,    3.989843,    4.016397,   44.232020,  -14.485345,    2.370132,  -62.409409,    0.000000,    0.000000,    0.024387,    0.576482,    0.607643,    0.000000,    0.050303,    0.001689,    0.001721,    0.000000
2019-12-23 24:00:00,321122.284165,    0.000000,    0.000000,    0.000000,  777.600426,  777.600000,    0.000000,  -35.752041,    0.000000,    0.000000,    0.000000,    9.292650,119721.499554,    0.000000,    0.000000,   50.000000,    0.000000,    0.161000,    4.314378,    4.254791,    4.314378,   36.102585,   -8.611124,    8.780248,  -43.108860,    0.000000,    0.000000,    0.037211,    0.848358,    0.737132,    0.000013,    0.059966,    0.001689,    0.001721,    0.000000
2019-12-24 24:00:00,321104.089655,    0.000000,    0.000000,    0.000000,  717.120426,  717.120000,    0.000000,  -18.087727,    0.000000,    0.000000,    0.000000,    9.292499,119718.222603,    0.000000,    0.000000,   50.000000,    0.000000,    0.161000,    4.775631,    4.283317,    4.775631,   89.703746,   -4.352119,   15.311592,  -83.623520,    0.000000,    0.000000,    0.008104,    0.201148,    0.358932,    0.166356,    0.078833,    0.001689,    0.001721,    0.000000
2019-12-25 24:00:00,321062.054321,    0.000000,    0.000000,    0.000000,  717.120426,  717.120000,    0.000000,  -41.786178,    0.000000,    0.000000,    0.000000,    9.292150,119710.651764,    0.000000,    0.000000,   50.000000,    0.000000,    0.161000,    4.719299,    4.542431,    4.719299,   80.731768,  -10.058266,    0.413835,  -90.959686,    0.000000,    0.000000,    0.042508,    0.956386,    0.782658,    0.004528,    0.060729,    0.001689,    0.001721,    0.000000
2019-12-26 24:00:00,321046.376933,    0.000000,    0.000000,    0.000000,  673.920426,  673.920000,    0.000000,  -15.584042,    0.000000,    0.000000,    0.000000,    9.292020,119707.828164,    0.000000,    0.000000,   50.000000,    0.000000,    0.161000,    5.380818,    4.661186,    5.380818,   88.319378,   -3.750795,   16.551550,  -72.641015,    0.000000,    0.000000,    0.029578,    0.688532,    0.664075,    0.067120,    0.066940,    0.001689,    0.001721,    0.000000
2019-12-27 24:00:00,321044.125797,    0.000000,    0.000000,    0.000000,  691.200426,  691.200000,    0.000000,   -2.238064,    0.000000,    0.000000,    0.000000,    9.292001,119707.422719,    0.000000,    0.000000,   50.000000,    0.000000,    0.161000,    5.758924,    4.861473,    5.758924,   56.951771,   -0.538439,   13.725265,  -55.255445,    0.000000,    0.000000,    0.025219,    0.594659,    0.617148,    0.135720,    0.064830,    0.001689,    0.001721,    0.000000
2019-12-28 24:00:00,321044.126223,    0.000000,    0.000000,    0.000000,  691.200426,  691.200000,    0.000000,    0.000000,    0.000000,    0.000000,    0.000000,    9.292001,119707.422796,    0.000000,    0.000000,   50.000000,    0.000000,    0.161000,    6.543031,    5.043315,    6.543031,   85.194423,    0.000000,   21.084764,  -64.331099,    0.000000,    0.000000,    0.027458,    0.643144,    0.641815,    0.200471,    0.054655,    0.001689,    0.001721,    0.000000
2019-12-29 24:00:00,321564.181997,    0.000000,    0.000000,    0.000000,  812.160426,  812.160000,    0.000000,    0.000000,  517.112908,    0.000000,    0.000000,    9.296320,119801.088252,    0.000000,    0.000000,   50.000000,    0.000000,    0.161000,    7.240908,    5.209642,    7.240908,   18.582171,    0.000000,   30.635947,   -5.475595,    0.000000,    0.000000,    0.042663,    0.959555,    0.783954,    0.188067,    0.059242,    0.001689,    0.001721,    0.000000
2019-12-30 24:00:00,321549.063691,    0.000000,    0.000000,    0.000000,  786.240426,  786.240000,    0.000000,  -75.941715,   60.900288,    0.000000,    0.000000,    9.296194,119798.365346,    0.000000,    0.000000,   50.000000,    0.000000,    0.161000,    7.900234,    5.382511,    7.900234,   85.274290,  -18.205635,   47.573227,  -49.406193,    0.000000,    0.000000,    0.037362,    0.851495,    0.738493,    0.403085,    0.086283,    0.001689,    0.001721,    0.000000
2019-12-31 24:00:00,321419.563306,    0.000000,    0.000000,    0.000000,  699.840426,  699.840000,    0.000000, -128.810017,    0.000000,    0.000000,    0.000000,    9.295119,119775.041477,    0.000000,    0.000000,   50.000000,    0.000000,    0.161000,    7.400882,    5.541340,    7.400882,   83.091792,  -30.900897,    6.109843,  -99.376379,    0.000000,    0.000000,    0.019463,    0.467159,    0.547001,    1.185983,    0.078597,    0.001689,    0.001721,    0.000000
2020-01-01 24:00:00,321273.499475,    0.000000,    0.000000,    0.000000,  639.360426,  639.360000,    0.000000, -145.255069,    0.000000,    0.000000,    0.000000,    9.293906,119748.734423,    0.000000,    0.000000,   50.000000,    0.000000,    0.145000,    7.155044,    5.689679,    7.155044,   90.178370,  -34.864976,   -3.602854,  -88.677447,    0.000000,    0.000000,    0.026758,    0.628050,    0.634238,    0.534917,    0.081821,    0.001689,    0.001721,    0.000000
2020-01-02 24:00:00,321485.553224,    0.000000,    0.000000,    0.000000,  673.920426,  673.920000,    0.000000,  -93.301175,  304.119145,    0.000000,    0.000000,    9.295667,119786.926695,    0.000000,    0.000000,   50.000000,    0.000000,    0.145000,    7.082101,    5.689847,    7.082101,   46.044704,  -22.394513,    2.487894,  -58.196547,    0.000000,    0.000000,    0.015338,    0.372922,    0.488725,    1.076211,    0.085511,    0.001689,    0.001721,    0.000000
2020-01-03 24:00:00,322003.353361,    0.000000,    0.000000,    0.000000,  803.520426,  803.520000,    0.000000,   -2.343549,  517.560195,    0.000000,    0.000000,    9.299966,119880.185896,    0.000000,    0.000000,   50.000000,    0.000000,    0.145000,    7.380174,    5.975245,    7.380174,   18.603288,   -0.562037,    6.725004,  -20.919410,    0.000000,    0.000000,    0.019872,    0.476373,    0.552369,    0.760472,    0.054273,    0.001689,    0.001721,    0.000000
2020-01-04 24:00:00,322007.409316,    0.000000,    0.000000,    0.000000,  829.440426,  829.440000,  567.976091,  -54.766835,  609.018120,    0.000000,    0.000000,    9.300000,119880.916400,    0.000000,    0.000000,   50.000000,    0.000000,    0.145000,    7.714656,    6.107017,    7.714656,   48.958233,  -13.120653,   11.504342,  -32.814338,    0.000000,    0.000000,    0.039573,    0.896891,    0.757923,    0.301226,    0.054273,    0.001689,    0.001721,    0.000000
2020-01-05 24:00:00,321839.928151,    0.000000,    0.000000,    0.000000,  760.320426,  760.320000,    0.000000, -166.698435,    0.000000,    0.000000,    0.000000,    9.298609,119850.751943,    0.000000,    0.000000,   50.000000,    0.000000,    0.145000,    7.172920,    5.063575,    7.172920,   99.153390,  -39.971824,  -13.089735, -108.781042,    0.000000,    0.000000,    0.045049,    1.007556,    0.803322,    0.158569,    0.085900,    0.001689,    0.001721,    0.000000
2020-01-06 24:00:00,321652.866340,    0.000000,    0.000000,    0.000000,  708.480426,  708.480000,    0.000000, -186.138075,    0.000000,    0.000000,    0.000000,    9.297056,119817.060884,    0.000000,    0.000000,   50.000000,    0.000000,    0.145000,    6.730832,    4.503847,    6.730832,  101.097243,  -44.665031,   -1.713787, -119.353866,    0.000000,    0.000000,    0.034167,    0.785291,    0.709203,    0.096383,    0.056176,    0.001689,    0.001721,    0.000000
2020-01-07 24:00:00,321966.843369,    0.000000,    0.000000,    0.000000,  768.960426,  768.960000,    0.000000, -113.744716,  426.122392,    0.000000,    0.000000,    9.299663,119873.610207,    0.000000,    0.000000,   50.000000,    0.000000,    0.145000,    6.040662,    3.061920,    6.040662,   17.328785,  -27.297949,  -12.981282,  -89.530525,    0.000000,    0.000000,    0.030013,    0.697824,    0.668542,    0.016624,    0.050904,    0.001689,    0.001721,    0.000000
2020-01-08 24:00:00,321745.674237,    0.000000,    0.000000,    0.000000,  639.360426,  639.360000,    0.000000, -220.113552,    0.000000,    0.000000,    0.000000,    9.297827,119833.776195,    0.000000,    0.000000,   50.000000,    0.000000,    0.145000,    5.627019,    3.735184,    5.627019,   94.082165,  -52.872405,   -0.187870, -114.872746,    0.000000,    0.000000,    0.023561,    0.558383,    0.598028,    0.019837,    0.070609,    0.001689,    0.001721,    0.000000
2020-01-09 24:00:00,321608.976646,    0.000000,    0.000000,    0.000000,  665.280426,  665.280000,    0.000000, -136.008372,    0.000000,    0.000000,    0.000000,    9.296692,119809.156062,    0.000000,    0.000000,   50.000000,    0.000000,    0.145000,    5.306924,    4.833176,    5.164075,   93.653201,  -32.690054,  -15.190953, -109.308148,    0.000000,    0.000000,    0.007983,    0.198212,    0.356304,    0.000000,    0.062137,    0.001689,    0.001721,    0.000000
2020-01-10 24:00:00,321578.074239,    0.000000,    0.000000,    0.000000,  725.760426,  725.760000,    0.000000,  -30.742965,    0.000000,    0.000000,    0.000000,    9.296435,119803.590336,    0.000000,    0.000000,   50.000000,    0.000000,    0.145000,    5.669300,    4.612699,    5.669300,   37.539184,   -7.390856,   13.565504,  -28.916846,    0.000000,    0.000000,    0.029725,    0.691683,    0.665593,    0.070524,    0.055303,    0.001689,    0.001721,    0.000000
2020-01-11 24:00:00,322007.409316,    0.000000,    0.000000,    0.000000, 1140.480426, 1140.480000, 3016.337561,    0.000000, 3353.576033,    0.000000,    0.000000,    9.300000,119880.916400,    0.000000,    0.000000,   50.000000,    0.000000,    0.145000,    7.066147,    5.266087,    7.066147,   13.421608,    0.000000,   68.584800,    7.036033,    0.000000,    0.000000,    0.053255,    1.170035,    0.865675,    0.107472,    0.058782,    0.001689,    0.001721,    0.000000
2020-01-12 24:00:00,322007.409316,    0.000000,    0.000000,    0.000000, 2505.600426, 2505.600000,  181.925049,   -6.476732,  182.725550,    0.000000,    0.000000,    9.300000,119880.916400,    0.000000,    0.000000,   50.000000,    0.000000,    0.145000,    8.084112,    5.601504,    8.084112,  103.304826,   -1.551781,   34.613071,  -65.386209,    0.000000,    0.000000,    0.030727,    0.712993,    0.675769,    0.487915,    0.065702,    0.001689,    0.001721,    0.000000
2020-01-13 24:00:00,322007.393375,    0.000000,    0.000000,    0.000000, 1399.680426, 1399.680000,    0.000000,   -0.016293,    0.000000,    0.000000,    0.000000,    9.300000,119880.913529,    0.000000,    0.000000,   50.000000,    0.000000,    0.145000,    7.822862,    5.736061,    7.822862,   43.035790,   -0.003904,    6.334580,  -65.816865,    0.000000,    0.000000,    0.019331,    0.464208,    0.545270,    1.200657,    0.074997,    0.001689,    0.001721,    0.000000
2020-01-14 24:00:00,322007.409316,    0.000000,    0.000000,    0.000000, 1131.840426, 1131.840000,  157.140441,    0.000000,  152.254402,    0.000000,    0.000000,    9.300000,119880.916400,    0.000000,    0.000000,   50.000000,    0.000000,    0.145000,    8.193820,    5.860845,    8.193820,   32.411940,    0.000000,   12.542708,  -29.165197,    0.000000,    0.000000,    0.036494,    0.833628,    0.730704,    0.502436,    0.052581,    0.001689,    0.001721,    0.000000
2020-01-15 24:00:00,321987.740677,    0.000000,    0.000000,    0.000000,  959.040426,  959.040000,    0.000000,  -19.579202,    0.000000,    0.000000,    0.000000,    9.299837,119877.373949,    0.000000,    0.000000,   50.000000,    0.000000,    0.145000,    8.346579,    5.978479,    8.346579,   57.891268,   -4.689375,   10.149244,  -59.147299,    0.000000,    0.000000,    0.024393,    0.576644,    0.607728,    1.036809,    0.098187,    0.001689,    0.001721,    0.000000
2020-01-16 24:00:00,321724.629235,    0.000000,    0.000000,    0.000000,  803.520426,  803.520000,    0.000000, -261.857447,    0.000000,    0.000000,    0.000000,    9.297652,119829.985852,    0.000000,    0.000000,   50.000000,    0.000000,    0.145000,    7.641032,    6.102895,    7.641032,  107.903089,  -62.748274,    6.687397, -102.408697,    0.000000,    0.000000,    0.055034,    1.204353,    0.878279,    0.150945,    0.095498,    0.001689,    0.001721,    0.000000
2020-01-17 24:00:00,321466.960357,    0.000000,    0.000000,    0.000000,  786.240426,  786.240000,    0.000000, -256.339374,    0.000000,    0.000000,    0.000000,    9.295512,119783.577997,    0.000000,    0.000000,   50.000000,    0.000000,    0.145000,    6.626164,    4.002782,    6.626164,   81.666400,  -61.526844,  -35.430429, -116.106482,    0.000000,    0.000000,    0.021772,    0.518845,    0.576466,    0.137397,    0.063733,    0.001689,    0.001721,    0.000000
2020-01-18 24:00:00,321647.566760,    0.000000,    0.000000,    0.000000, 1002.240426, 1002.240000,    0.000000, -155.047727,  334.686128,    0.000000,    0.000000,    9.297012,119816.106395,    0.000000,    0.000000,   50.000000,    0.000000,    0.145000,    6.026605,    3.602412,    6.026605,   17.472616,  -37.231287,  -24.876577,  -54.810299,    0.000000,    0.000000,    0.017720,    0.427659,    0.523364,    0.055566,    0.060295,    0.001689,    0.001721,    0.000000
2020-01-19 24:00:00,321426.184758,    0.000000,    0.000000,    0.000000,  855.360426,  855.360000,    0.000000, -220.220002,    0.000000,    0.000000,    0.000000,    9.295174,119776.234044,    0.000000,    0.000000,   50.000000,    0.000000,    0.145000,    5.591862,    3.689281,    5.591862,  102.068559,  -52.917246,  -19.114123, -100.657010,    0.000000,    0.000000,    0.074547,    1.574016,    1.004061,    0.001832,    0.057546,    0.001689,    0.001721,    0.000000
2020-01-20 24:00:00,321040.282038,    0.000000,    0.000000,    0.000000,  933.120426,  933.120000,    0.000000, -383.703560,    0.000000,    0.000000,    0.000000,    9.291969,119706.730433,    0.000000,    0.000000,   50.000000,    0.000000,    0.145000,    4.212859,    3.993806,    3.993806,  114.263924,  -92.359222,  -77.112357, -140.136452,    0.000000,    0.000000,    0.069631,    1.482422,    0.974409,    0.000000,    0.079797,    0.001689,    0.001721,    0.000000
2020-01-21 24:00:00,320773.040316,    0.000000,    0.000000,    0.000000,  984.960426,  984.960000,    0.000000, -265.587169,    0.000000,    0.000000,    0.000000,    9.289750,119658.598446,    0.000000,    0.000000,   50.000000,    0.000000,    0.145000,    4.037720,    2.261242,    2.261242,  117.059537,  -64.031096,  -57.029332, -138.070195,    0.000000,    0.000000,    0.027035,    0.634000,    0.637235,    0.036380,    0.062165,    0.001689,    0.001721,    0.000000
2020-01-22 24:00:00,320692.324696,    0.000000,    0.000000,    0.000000,  915.840426,  915.840000,    0.000000,  -80.190473,    0.000000,    0.000000,    0.000000,    9.289080,119644.061033,    0.000000,    0.000000,   50.000000,    0.000000,    0.064000,    4.255364,    0.955388,    0.955388,  117.950386,  -16.159310,   -4.754514, -107.267676,    0.000000,    0.000000,    0.021767,    0.518710,    0.576392,    0.044614,    0.055531,    0.001689,    0.001721,    0.000000
2020-01-23 24:00:00,320494.336922,    0.000000,  109.680905,    0.000000,  924.480426,  924.480000,    0.000000,  -86.954936,    0.000000,    0.000000,    0.000000,    9.287436,119608.402136,    0.001000,    0.000000,   50.000000,    0.000000,    0.064000,    4.649279,    0.438328,    0.438328,   63.059704,  -14.063470,    2.225336,  -54.553617,    0.000000,    0.000000,    0.014942,    0.363709,    0.482650,    0.137705,    0.076620,    0.001689,    0.001721,    0.000000
2020-01-24 24:00:00,322007.409316,    0.000000,    0.000000,    0.000000, 1563.840426, 1563.840000, 2479.419987,   -8.024651, 3807.786790,    0.000000,    0.000000,    9.300000,119880.916400,    0.000000,    0.000000,   50.000000,    0.000000,    0.064000,    4.331089,    4.201385,    4.214878,   18.606229,   -0.000131,   10.021442,   -2.486589,    0.000000,    0.000000,    0.015614,    0.379353,    0.492921,    0.000000,    0.052510,    0.001689,    0.001721,    0.000000
2020-01-25 24:00:00,322007.409316,    0.000000,    0.000000,    0.000000, 2194.560426, 2194.560000,   13.994762,  -47.335005,   60.889515,    0.000000,    0.000000,    9.300000,119880.916400,    0.000000,    0.000000,   50.000000,    0.000000,    0.145000,    4.822948,    4.469160,    4.822948,   98.443955,  -11.374856,   11.764553,  -62.899907,    0.000000,    0.000000,    0.036056,    0.824556,    0.726717,    0.008904,    0.066341,    0.001689,    0.001721,    0.000000
2020-01-26 24:00:00,321904.498951,    0.000000,    0.000000,    0.000000, 1442.880426, 1442.880000,    0.000000, -102.434320,    0.000000,    0.000000,    0.000000,    9.299145,119862.381568,    0.000000,    0.000000,   50.000000,    0.000000,    0.145000,    4.614924,    4.089556,    4.614924,   70.575751,  -24.626549,   -3.863670,  -79.132777,    0.000000,    0.000000,    0.047298,    1.052424,    0.821014,    0.001146,    0.055274,    0.001689,    0.001721,    0.000000
2020-01-27 24:00:00,321844.766867,    0.000000,    0.000000,    0.000000, 1140.480426, 1140.480000,    0.000000,  -59.448649,    0.000000,    0.000000,    0.000000,    9.298649,119851.623428,    0.000000,    0.000000,   50.000000,    0.000000,    0.145000,    4.597261,    4.058627,    4.597261,   53.593059,  -14.295276,    5.507387,  -69.736300,    0.000000,    0.000000,    0.037950,    0.863611,    0.743729,    0.001068,    0.063142,    0.001689,    0.001721,    0.000000
2020-01-28 24:00:00,321732.579941,    0.000000,    0.000000,    0.000000,  967.680426,  967.680000,    0.000000, -111.639887,    0.000000,    0.000000,    0.000000,    9.297718,119831.417827,    0.000000,    0.000000,   50.000000,    0.000000,    0.145000,    4.475117,    4.106325,    4.475117,   62.906189,  -26.850646,   -3.904971,  -68.847323,    0.000000,    0.000000,    0.042368,    0.953620,    0.781525,    0.000536,    0.074499,    0.001689,    0.001721,    0.000000
2020-01-29 24:00:00,321635.279449,    0.000000,    0.000000,    0.000000,  889.920426,  889.920000,    0.000000,  -96.810834,    0.000000,    0.000000,    0.000000,    9.296910,119813.893370,    0.000000,    0.000000,   50.000000,    0.000000,    0.145000,    4.517786,    3.889674,    4.517786,   85.441631,  -23.289714,   -7.899011,  -70.182592,    0.000000,    0.000000,    0.006061,    0.151271,    0.311267,    0.114605,    0.071102,    0.001689,    0.001721,    0.000000
2020-01-30 24:00:00,321575.280911,    0.000000,    0.000000,    0.000000,  829.440426,  829.440000,    0.000000,  -59.689629,    0.000000,    0.000000,    0.000000,    9.296412,119803.087240,    0.000000,    0.000000,   50.000000,    0.000000,    0.145000,    4.502037,    3.851117,    4.502037,   52.232520,  -14.359766,   -4.511984,  -55.819821,    0.000000,    0.000000,    0.007497,    0.186384,    0.345510,    0.025405,    0.058672,    0.001689,    0.001721,    0.000000
2020-01-31 24:00:00,321527.199707,    0.000000,    0.000000,    0.000000,  820.800426,  820.800000,    0.000000,  -47.829832,    0.000000,    0.000000,    0.000000,    9.296013,119794.427499,    0.000000,    0.000000,   50.000000,    0.000000,    0.145000,    4.311139,    4.012672,    4.311138,   28.747181,  -11.509061,   -7.613274,  -58.874309,    0.000000,    0.000000,    0.039119,    0.887550,    0.753966,    0.000207,    0.059393,    0.001689,    0.001721,    0.000000
2020-02-01 24:00:00,321526.818608,    0.000000,    0.000000,    0.000000,  803.520426,  803.520000,    0.000000,  -30.827277,   30.447015,    0.000000,    0.000000,    9.296009,119794.358861,    0.000000,    0.000000,   50.000000,    0.000000,    0.145000,    4.669054,    4.184068,    4.669054,   68.412599,   -7.416787,    1.654678,  -46.901560,    0.000000,    0.000000,    0.031578,    0.730953,    0.684227,    0.022526,    0.072077,    0.001689,    0.001721,    0.000000
2020-02-02 24:00:00,321415.675731,    0.000000,    0.000000,    0.000000,  786.240426,  786.240000,    0.000000, -110.548179,    0.000000,    0.000000,    0.000000,    9.295086,119774.341300,    0.000000,    0.000000,   50.000000,    0.000000,    0.111000,    5.240346,    4.471180,    5.240346,  130.988783,  -26.592339,   39.996735,  -82.023016,    0.000000,    0.000000,    0.040737,    0.920531,    0.767847,    0.038741,    0.053744,    0.001689,    0.001721,    0.000000
2020-02-03 24:00:00,321366.360467,    0.000000,    0.000000,    0.000000,  760.320426,  760.320000,    0.000000,  -49.045655,    0.000000,    0.000000,    0.000000,    9.294677,119765.459297,    0.000000,    0.000000,   50.000000,    0.000000,    0.111000,    6.068853,    5.134582,    6.068853,   76.676138,  -11.794380,   47.760214,  -54.717937,    0.000000,    0.000000,    0.025640,    0.603822,    0.621885,    0.169976,    0.064193,    0.001689,    0.001721,    0.000000
2020-02-04 24:00:00,321351.077201,    0.000000,    0.000000,    0.000000,  751.680426,  751.680000,    0.000000,  -15.199266,    0.000000,    0.000000,    0.000000,    9.294550,119762.706681,    0.000000,    0.000000,   50.000000,    0.000000,    0.111000,    7.128665,    5.247226,    7.128665,   26.853606,   -3.652325,   43.938906,  -10.438977,    0.000000,    0.000000,    0.028589,    0.667430,    0.653820,    0.270873,    0.052615,    0.001689,    0.001721,    0.000000
2020-02-05 24:00:00,322007.409316,    0.000000,    0.000000,    0.000000,  889.920426,  889.920000,  513.145918,   -6.692150, 1156.880661,    0.000000,    0.000000,    9.300000,119880.916400,    0.000000,    0.000000,   50.000000,    0.000000,    0.111000,    7.421408,    5.334044,    7.421408,   22.289892,   -1.604253,   17.744383,  -17.247347,    0.000000,    0.000000,    0.017325,    0.418653,    0.517824,    1.013502,    0.061279,    0.001689,    0.001721,    0.000000
2020-02-06 24:00:00,322007.409316,    0.000000,    0.000000,    0.000000, 3767.040426, 3767.040000, 6340.675499,   -8.278730, 6177.375999,    0.000000,    0.000000,    9.300000,119880.916400,    0.000000,    0.000000,   50.000000,    0.000000,    0.111000,    7.243056,    5.421374,    7.243056,    7.347283,   -1.985108,    5.986299,  -29.772272,    0.000000,    0.000000,    0.051327,    1.132604,    0.851715,    0.163302,    0.067975,    0.001689,    0.001721,    0.000000
2020-02-07 24:00:00,322007.409316,    0.000000,    0.000000,    0.000000, 4181.760426, 4181.760000,  589.369525, -190.523227,  761.572838,    0.000000,    0.000000,    9.300000,119880.916400,    0.000000,    0.000000,   50.000000,    0.000000,    0.111000,    6.783862,    5.510653,    6.783862,   58.626181,  -45.695565,   -7.914506,  -58.540133,    0.000000,    0.000000,    0.029876,    0.694950,    0.667163,    0.103535,    0.093354,    0.001689,    0.001721,    0.000000
2020-02-08 24:00:00,321862.082418,    0.000000,    0.000000,    0.000000, 2315.520426, 2315.520000,    0.000000, -144.650140,    0.000000,    0.000000,    0.000000,    9.298793,119854.742072,    0.000000,    0.000000,   50.000000,    0.000000,    0.111000,    6.152087,    4.838627,    6.152087,  107.633413,  -34.721146,  -17.457400, -106.480139,    0.000000,    0.000000,    0.030866,    0.715935,    0.677161,    0.130701,    0.059674,    0.001689,    0.001721,    0.000000
2020-02-09 24:00:00,321758.545647,    0.000000,    0.000000,    0.000000, 1624.320426, 1624.320000,    0.000000, -103.035343,    0.000000,    0.000000,    0.000000,    9.297934,119836.094421,    0.000000,    0.000000,   50.000000,    0.000000,    0.111000,    6.500612,    4.965785,    6.500612,  149.764024,  -24.730426,   -4.876855, -106.309967,    0.000000,    0.000000,    0.028169,    0.658443,    0.649404,    0.206129,    0.067733,    0.001689,    0.001721,    0.000000
2020-02-10 24:00:00,322007.409316,    0.000000,    0.000000,    0.000000, 1451.520426, 1451.520000,  532.923399,  -27.741839,  791.835813,    0.000000,    0.000000,    9.300000,119880.916400,    0.000000,    0.000000,   50.000000,    0.000000,    0.111000,    6.348308,    5.297324,    6.348308,   21.402674,   -6.658181,    2.494363,  -39.127742,    0.000000,    0.000000,    0.016132,    0.391284,    0.500612,    0.481033,    0.083297,    0.001689,    0.001721,    0.000000
2020-02-11 24:00:00,322007.409316,    0.000000,    0.000000,    0.000000, 1494.720426, 1494.720000,  627.189977,   -1.392470,  609.231900,    0.000000,    0.000000,    9.300000,119880.916400,    0.000000,    0.000000,   50.000000,    0.000000,    0.111000,    7.768566,    5.532541,    7.768566,   57.045399,   -0.333657,   23.385826,   -9.486660,    0.000000,    0.000000,    0.047459,    1.055686,    0.822286,    0.149179,    0.070693,    0.001689,    0.001721,    0.000000
2020-02-12 24:00:00,322007.409316,    0.000000,    0.000000,    0.000000, 1460.160426, 1460.160000,  138.601818,  -78.960669,  213.240863,    0.000000,    0.000000,    9.300000,119880.916400,    0.000000,    0.000000,   50.000000,    0.000000,    0.111000,    6.970141,    5.731292,    6.970141,   26.842428,  -18.935489,    2.952086,  -41.149910,    0.000000,    0.000000,    0.031727,    0.734131,    0.685713,    0.270516,    0.076553,    0.001689,    0.001721,    0.000000
2020-02-13 24:00:00,322007.409316,    0.000000,    0.000000,    0.000000, 1874.880426, 1874.880000, 1096.523092,  -33.936084, 1096.871613,    0.000000,    0.000000,    9.300000,119880.916400,    0.000000,    0.000000,   50.000000,    0.000000,    0.111000,    7.080042,    5.878672,    7.080042,   28.530313,   -8.137188,   12.039767,  -35.319043,    0.000000,    0.000000,    0.039285,    0.891048,    0.755451,    0.150996,    0.052842,    0.001689,    0.001721,    0.000000
2020-02-14 24:00:00,321713.790476,    0.000000,    0.000000,    0.000000, 1779.840426, 1779.840000,    0.000000, -292.220227,    0.000000,    0.000000,    0.000000,    9.297562,119828.033721,    0.000000,    0.000000,   50.000000,    0.000000,    0.111000,    6.273771,    5.282688,    6.273771,  153.103858,  -70.130621,  -35.006309, -128.571361,    0.000000,    0.000000,    0.054269,    1.189477,    0.872838,    0.011150,    0.059329,    0.001689,    0.001721,    0.000000
2020-02-15 24:00:00,321571.994778,    0.000000,    0.000000,    0.000000, 1520.640426, 1520.640000,    0.000000, -141.073521,    0.000000,    0.000000,    0.000000,    9.296384,119802.495386,    0.000000,    0.000000,   50.000000,    0.000000,    0.111000,    5.895820,    2.863762,    5.895820,  142.485592,  -33.889250,  -27.894549, -137.750098,    0.000000,    0.000000,    0.003866,    0.097366,    0.249723,    1.505929,    0.060502,    0.001689,    0.001721,    0.000000
2020-02-16 24:00:00,321477.674400,    0.000000,    0.000000,    0.000000, 1356.480426, 1356.480000,    0.000000,  -93.823372,    0.000000,    0.000000,    0.000000,    9.295601,119785.507667,    0.000000,    0.000000,   50.000000,    0.000000,    0.111000,    5.924509,    4.061348,    5.924509,   94.595044,  -22.547924,   -0.674297,  -85.339568,    0.000000,    0.000000,    0.029724,    0.691659,    0.665582,    0.105702,    0.056578,    0.001689,    0.001721,    0.000000
2020-02-17 24:00:00,321441.426776,    0.000000,    0.000000,    0.000000, 1252.800426, 1252.800000,    0.000000,  -36.053265,    0.000000,    0.000000,    0.000000,    9.295300,119778.979232,    0.000000,    0.000000,   50.000000,    0.000000,    0.111000,    6.894037,    5.517814,    6.894037,  137.763606,   -8.661896,   12.191882,  -90.889647,    0.000000,    0.000000,    0.009708,    0.239930,    0.392011,    1.111739,    0.055633,    0.001689,    0.001721,    0.000000
2020-02-18 24:00:00,321669.158152,    0.000000,    0.000000,    0.000000, 1175.040426, 1175.040000,    0.000000,  -16.950035,  243.478140,    0.000000,    0.000000,    9.297191,119819.995146,    0.000000,    0.000000,   50.000000,    0.000000,    0.111000,    6.907876,    5.642153,    6.907876,   44.345581,   -4.068795,   11.671285,  -33.328956,    0.000000,    0.000000,    0.083517,    1.738749,    1.055295,    0.047746,    0.069938,    0.001689,    0.001721,    0.000000
2020-02-19 24:00:00,321500.205998,    0.000000,    0.000000,    0.000000, 1140.480426, 1140.480000,    0.000000, -168.077206,    0.000000,    0.000000,    0.000000,    9.295788,119789.565755,    0.000000,    0.000000,   50.000000,    0.000000,    0.111000,    6.661817,    5.734551,    6.661817,  109.487566,  -40.349605,   22.350411,  -83.187405,    0.000000,    0.000000,    0.045194,    1.010423,    0.804465,    0.082348,    0.056499,    0.001689,    0.001721,    0.000000
2020-02-20 24:00:00,321413.866893,    0.000000,    0.000000,    0.000000, 1028.160426, 1028.160000,    0.000000,  -85.875367,    0.000000,    0.000000,    0.000000,    9.295071,119774.015516,    0.000000,    0.000000,   50.000000,    0.000000,    0.111000,    6.170558,    4.526144,    6.170558,   30.993360,  -20.626399,   -6.742761,  -77.378430,    0.000000,    0.000000,    0.035613,    0.815348,    0.722648,    0.052391,    0.064427,    0.001689,    0.001721,    0.000000
2020-02-21 24:00:00,321175.973058,    0.000000,    0.000000,    0.000000, 1010.880426, 1010.880000,    0.000000, -236.558973,    0.000000,    0.000000,    0.000000,    9.293096,119731.169276,    0.000000,    0.000000,   50.000000,    0.000000,    0.111000,    5.768734,    3.443249,    5.768734,  162.801630,  -56.871011,  -28.251793, -131.840648,    0.000000,    0.000000,    0.022868,    0.543095,    0.589784,    0.103784,    0.060252,    0.001689,    0.001721,    0.000000
2020-02-22 24:00:00,320944.404795,    0.000000,    0.000000,    0.000000,  984.960426,  984.960000,    0.000000, -230.187564,    0.000000,    0.000000,    0.000000,    9.291173,119689.462313,    0.000000,    0.000000,   50.000000,    0.000000,    0.111000,    5.647865,    3.384431,    5.647865,  163.746878,  -55.369105,   -5.760588, -126.214426,    0.000000,    0.000000,    0.041469,    0.935368,    0.774010,    0.056413,    0.069066,    0.001689,    0.001721,    0.000000
2020-02-23 24:00:00,320830.774300,    0.000000,    0.000000,    0.000000,  959.040426,  959.040000,    0.000000, -112.923345,    0.000000,    0.000000,    0.000000,    9.290230,119668.996715,    0.000000,    0.000000,   50.000000,    0.000000,    0.111000,    6.409529,    4.174352,    6.409529,  163.851953,  -27.164956,    7.842755, -105.052899,    0.000000,    0.000000,    0.028726,    0.670335,    0.655241,    0.184508,    0.060301,    0.001689,    0.001721,    0.000000
2020-02-24 24:00:00,320864.668440,    0.000000,    0.000000,    0.000000,  959.040426,  959.040000,    0.000000,  -57.565660,   91.243858,    0.000000,    0.000000,    9.290511,119675.101272,    0.000000,    0.000000,   50.000000,    0.000000,    0.111000,    6.162411,    4.660993,    6.162411,   48.757847,  -13.843750,    6.629015,  -49.456790,    0.000000,    0.000000,    0.027457,    0.643104,    0.641795,    0.211177,    0.060301,    0.001689,    0.001721,    0.000000
2020-02-25 24:00:00,321354.115012,    0.000000,    0.000000,    0.000000, 1045.440426, 1045.440000,    0.000000,    0.000000,  486.498517,    0.000000,    0.000000,    9.294575,119763.253810,    0.000000,    0.000000,   50.000000,    0.000000,    0.111000,    8.054296,    4.988477,    8.054296,  122.504322,    0.000000,   17.084884,  -37.847666,    0.000000,    0.000000,    0.033011,    0.761088,    0.698189,    0.317188,    0.052635,    0.001689,    0.001721,    0.000000
2020-02-26 24:00:00,321664.573500,    0.000000,    0.000000,    0.000000, 1010.880426, 1010.880000,    0.000000,  -25.909277,  334.650962,    0.000000,    0.000000,    9.297153,119819.169421,    0.000000,    0.000000,   50.000000,    0.000000,    0.111000,    8.188544,    5.249663,    8.188544,  124.375413,   -6.208616,   17.320780,  -66.633970,    0.000000,    0.000000,    0.042813,    0.962586,    0.785191,    0.416041,    0.055390,    0.001689,    0.001721,    0.000000
2020-02-27 24:00:00,321376.992848,    0.000000,    0.000000,    0.000000,  993.600426,  993.600000,    0.000000, -286.064056,    0.000000,    0.000000,    0.000000,    9.294765,119767.374259,    0.000000,    0.000000,   50.000000,    0.000000,    0.111000,    7.209915,    5.141882,    7.209915,  175.657264,  -68.632326,  -32.202001, -120.907174,    0.000000,    0.000000,    0.031719,    0.733934,    0.685621,    0.485072,    0.071649,    0.001689,    0.001721,    0.000000
2020-02-28 24:00:00,321189.458843,    0.000000,    0.000000,    0.000000,  950.400426,  950.400000,    0.000000, -186.477983,    0.000000,    0.000000,    0.000000,    9.293208,119733.598154,    0.000000,    0.000000,   50.000000,    0.000000,    0.111000,    6.518858,    3.776291,    6.518858,   99.213099,  -44.787515,  -17.190361, -109.376070,    0.000000,    0.000000,    0.031574,    0.730867,    0.684187,    0.259398,    0.063893,    0.001689,    0.001721,    0.000000
2020-02-29 24:00:00,320963.647543,    0.000000,    0.000000,    0.000000,  950.400426,  950.400000,    0.000000, -224.470389,    0.000000,    0.000000,    0.000000,    9.291333,119692.928058,    0.000000,    0.000000,   50.000000,    0.000000,    0.111000,    6.245917,    3.758355,    6.245917,  183.013081,  -53.952800,  -25.708699, -123.757705,    0.000000,    0.000000,    0.016653,    0.403244,    0.508206,    0.456480,    0.061523,    0.001689,    0.001721,    0.000000
2020-03-01 24:00:00,320792.551622,    0.000000,    0.000000,    0.000000,  898.560426,  898.560000,    0.000000, -170.028876,    0.000000,    0.000000,    0.000000,    9.289912,119662.112560,    0.000000,    0.000000,   50.000000,    0.000000,    0.085000,    6.699389,    3.614741,    6.699389,  178.604852,  -40.878474,   -4.469424, -118.494967,    0.000000,    0.000000,    0.030571,    0.709626,    0.674171,    0.208063,    0.064500,    0.001689,    0.001721,    0.000000
2020-03-02 24:00:00,320711.349731,    0.000000,    0.000000,    0.000000,  881.280426,  881.280000,    0.000000,  -80.680179,    0.000000,    0.000000,    0.000000,    9.289238,119647.487567,    0.000000,    0.000000,   50.000000,    0.000000,    0.085000,    6.564763,    4.294720,    6.564763,   66.032894,  -19.399212,   24.236351,  -58.983513,    0.000000,    0.000000,    0.021358,    0.509599,    0.571307,    0.462119,    0.063370,    0.001689,    0.001721,    0.000000
2020-03-03 24:00:00,321078.295217,    0.000000,    0.000000,    0.000000,  924.480426,  924.480000,    0.000000,  -30.541819,  395.102738,    0.000000,    0.000000,    9.292285,119713.576856,    0.000000,    0.000000,   50.000000,    0.000000,    0.085000,    7.261832,    4.757245,    7.261832,   84.593821,   -7.330808,   29.746363,  -47.656166,    0.000000,    0.000000,    0.045786,    1.022228,    0.809151,    0.207621,    0.076870,    0.001689,    0.001721,    0.000000
2020-03-04 24:00:00,320939.309500,    0.000000,    0.000000,    0.000000,  872.640426,  872.640000,    0.000000, -138.145926,    0.000000,    0.000000,    0.000000,    9.291131,119688.544617,    0.000000,    0.000000,   50.000000,    0.000000,    0.085000,    8.040374,    5.122740,    8.040374,  152.075480,  -33.164267,   19.196899,  -86.154218,    0.000000,    0.000000,    0.027176,    0.637065,    0.638774,    0.589285,    0.051225,    0.001689,    0.001721,    0.000000
2020-03-05 24:00:00,320814.870139,    0.000000,    0.000000,    0.000000,  864.000426,  864.000000,    0.000000, -123.663014,    0.000000,    0.000000,    0.000000,    9.290098,119666.132271,    0.000000,    0.000000,   50.000000,    0.000000,    0.085000,    7.585041,    5.390595,    7.585041,   92.062079,  -29.690646,    6.464980,  -78.084762,    0.000000,    0.000000,    0.022590,    0.536955,    0.586441,    0.922745,    0.071216,    0.001689,    0.001721,    0.000000
2020-03-06 24:00:00,320708.498443,    0.000000,    0.000000,    0.000000,  898.560426,  898.560000,    0.000000, -166.468504,   60.775973,    0.000000,    0.000000,    9.289214,119646.974031,    0.000000,    0.000000,   50.000000,    0.000000,    0.085000,    7.213201,    5.592392,    7.213201,  115.099877,  -39.985543,  -13.448438,  -90.190270,    0.000000,    0.000000,    0.051510,    1.135469,    0.852792,    0.169261,    0.069929,    0.001689,    0.001721,    0.000000
2020-03-07 24:00:00,320362.829624,    0.000000,    0.000000,    0.000000,  881.280426,  881.280000,    0.000000, -343.337516,    0.000000,    0.000000,    0.000000,    9.286344,119584.716809,    0.000000,    0.000000,   50.000000,    0.000000,    0.085000,    6.906679,    5.093204,    6.906679,  209.433100,  -82.553135,  -30.328980, -116.871592,    0.000000,    0.000000,    0.032139,    0.742726,    0.689715,    0.197277,    0.065843,    0.001689,    0.001721,    0.000000
2020-03-08 24:00:00,320191.806886,    0.000000,    0.000000,    0.000000,  838.080426,  838.080000,    0.000000, -169.802450,    0.000000,    0.000000,    0.000000,    9.284924,119553.914492,    0.000000,    0.000000,   50.000000,    0.000000,    0.085000,    7.903292,    5.426192,    7.903292,  199.143549,  -40.822472,   -2.472014, -110.873417,    0.000000,    0.000000,    0.027170,    0.636900,    0.638692,    0.400823,    0.054542,    0.001689,    0.001721,    0.000000
2020-03-09 24:00:00,320045.770908,    0.000000,    0.000000,    0.000000,  838.080426,  838.080000,    0.000000, -144.959444,    0.000000,    0.000000,    0.000000,    9.283711,119527.612455,    0.000000,    0.000000,   50.000000,    0.000000,    0.085000,    8.282263,    5.712545,    8.282263,  163.595685,  -34.839779,   29.935921,  -83.477570,    0.000000,    0.000000,    0.008224,    0.204053,    0.361516,    5.606756,    0.061855,    0.001689,    0.001721,    0.000000
2020-03-10 24:00:00,320104.836736,    0.000000,    0.000000,    0.000000,  855.360426,  855.360000,    0.000000,   -2.087069,   60.709874,    0.000000,    0.000000,    9.284202,119538.250598,    0.000000,    0.000000,   50.000000,    0.000000,    0.085000,    9.368179,    5.910576,    9.368179,   75.973036,   -0.501359,   31.524398,  -24.775130,    0.000000,    0.000000,    0.027310,    0.639909,    0.640198,    1.231653,    0.051440,    0.001689,    0.001721,    0.000000
2020-03-11 24:00:00,320082.138861,    0.000000,    0.000000,    0.000000,  855.360426,  855.360000,    0.000000,  -22.529958,    0.000000,    0.000000,    0.000000,    9.284013,119534.162562,    0.000000,    0.000000,   50.000000,    0.000000,    0.085000,   11.042203,    6.062545,   11.042203,  145.601526,   -5.394095,   21.444135,  -52.428704,    0.000000,    0.000000,    0.026188,    0.615677,    0.627960,    1.891611,    0.050860,    0.001689,    0.001721,    0.000000
2020-03-12 24:00:00,320048.062512,    0.000000,    0.000000,    0.000000,  846.720426,  846.720000,    0.000000,  -33.822606,    0.000000,    0.000000,    0.000000,    9.283730,119528.025188,    0.000000,    0.000000,   50.000000,    0.000000,    0.085000,   12.273285,    6.182390,   12.273285,  170.980480,   -8.095834,   18.231293,  -77.190795,    0.000000,    0.000000,    0.036761,    0.839015,    0.733061,    1.527529,    0.051177,    0.001689,    0.001721,    0.000000
2020-03-13 24:00:00,321167.682913,    0.000000,    0.000000,    0.000000, 1149.120426, 1149.120000,    0.000000, -133.836938, 1245.646315,    0.000000,    0.000000,    9.293027,119729.676166,    0.000000,    0.000000,   50.000000,    0.000000,    0.085000,   12.912258,    6.286872,   12.912258,  127.406458,  -31.923241,   22.488952,  -56.423846,    0.000000,    0.000000,    0.037796,    0.860397,    0.742344,    1.744429,    0.062663,    0.001689,    0.001721,    0.000000
2020-03-14 24:00:00,321359.192441,    0.000000,    0.000000,    0.000000,  933.120426,  933.120000,    0.000000, -235.407683,  425.786431,    0.000000,    0.000000,    9.294617,119764.168289,    0.000000,    0.000000,   50.000000,    0.000000,    0.085000,   12.172309,    6.343687,   12.172309,  124.866899,  -56.213064,   -1.562479,  -73.273654,    0.000000,    0.000000,    0.008594,    0.213046,    0.369396,   20.527239,    0.060688,    0.001689,    0.001721,    0.000000
2020-03-15 24:00:00,321607.998286,    0.000000,    0.000000,    0.000000,  984.960426,  984.960000,    0.000000,  -56.791015,  304.250659,    0.000000,    0.000000,    9.296683,119808.979853,    0.000000,    0.000000,   50.000000,    0.000000,    0.085000,   11.493664,    6.356927,   11.493664,   41.917197,  -13.560797,   -9.703844,  -57.703021,    0.000000,    0.000000,    0.013000,    0.318327,    0.451536,    9.494352,    0.066296,    0.001689,    0.001721,    0.000000
2020-03-16 24:00:00,321517.185141,    0.000000,    0.000000,    0.000000,  941.760426,  941.760000,    0.000000,  -90.339718,    0.000000,    0.000000,    0.000000,    9.295929,119792.623810,    0.000000,    0.000000,   50.000000,    0.000000,    0.085000,   11.202503,    6.368796,   11.202503,   75.553379,  -21.585032,   -7.478997,  -61.510805,    0.000000,    0.000000,    0.013000,    0.318318,    0.451530,    8.907515,    0.065317,    0.001689,    0.001721,    0.000000
2020-03-17 24:00:00,321456.612613,    0.000000,    0.000000,    0.000000,  941.760426,  941.760000,    0.000000,  -60.249954,    0.000000,    0.000000,    0.000000,    9.295426,119781.714301,    0.000000,    0.000000,   50.000000,    0.000000,    0.085000,   11.806598,    6.380167,   11.806598,  128.791491,  -14.389983,    1.332937,  -62.826688,    0.000000,    0.000000,    0.026479,    0.622029,    0.631191,    3.047094,    0.065317,    0.001689,    0.001721,    0.000000
2020-03-18 24:00:00,321875.212269,    0.000000,    0.000000,    0.000000,  915.840426,  915.840000,    0.000000, -100.855008,  517.289602,    0.000000,    0.000000,    9.298902,119857.106845,    0.000000,    0.000000,   50.000000,    0.000000,    0.085000,   11.288546,    6.388787,   11.288546,   73.852176,  -24.085827,  -10.206695,  -61.433683,    0.000000,    0.000000,    0.018122,    0.436815,    0.528937,    5.519766,    0.052790,    0.001689,    0.001721,    0.000000
2020-03-19 24:00:00,321898.560963,    0.000000,    0.000000,    0.000000,  993.600426,  993.600000,    0.000000,   -7.226675,   30.463681,    0.000000,    0.000000,    9.299096,119861.312098,    0.000000,    0.000000,   50.000000,    0.000000,    0.085000,   13.147694,    6.399910,   13.147694,  135.274144,   -1.723227,   14.769051,  -31.891559,    0.000000,    0.000000,    0.017855,    0.430735,    0.525243,    6.765487,    0.052790,    0.001689,    0.001721,    0.000000
2020-03-20 24:00:00,322007.409316,    0.000000,    0.000000,    0.000000,  984.960426,  984.960000,  190.334510,  -11.752736,  304.494233,    0.000000,    0.000000,    9.300000,119880.916400,    0.000000,    0.000000,   50.000000,    0.000000,    0.085000,   14.117167,    6.405878,   14.117167,   84.545545,   -2.798174,   23.395951,  -33.884452,    0.000000,    0.000000,    0.025646,    0.603993,    0.621973,    4.707760,    0.054042,    0.001689,    0.001721,    0.000000
2020-03-21 24:00:00,321900.993094,    0.000000,    0.000000,    0.000000,  993.600426,  993.600000,    0.000000, -197.290946,   91.362034,    0.000000,    0.000000,    9.299116,119861.750140,    0.000000,    0.000000,   50.000000,    0.000000,    0.085000,   13.659208,    6.416372,   13.659208,  136.951355,  -46.962562,   -5.090203,  -58.170299,    0.000000,    0.000000,    0.032729,    0.755200,    0.695483,    3.351690,    0.067192,    0.001689,    0.001721,    0.000000
2020-03-22 24:00:00,321739.553315,    0.000000,    0.000000,    0.000000,  907.200426,  907.200000,    0.000000, -251.977881,   91.310613,    0.000000,    0.000000,    9.297776,119832.673777,    0.000000,    0.000000,   50.000000,    0.000000,    0.085000,   12.868539,    6.426780,   12.868539,  133.972847,  -60.065638,  -24.749264,  -81.312870,    0.000000,    0.000000,    0.014425,    0.351695,    0.474612,   11.849839,    0.067400,    0.001689,    0.001721,    0.000000
2020-03-23 24:00:00,322007.409316,    0.000000,    0.000000,    0.000000, 1114.560426, 1114.560000,  407.942685,  -99.450094,  761.247386,    0.000000,    0.000000,    9.300000,119880.916400,    0.000000,    0.000000,   50.000000,    0.000000,    0.085000,   12.077530,    6.432278,   12.077530,   56.091024,  -23.718164,  -18.328867,  -67.177968,    0.000000,    0.000000,    0.029165,    0.679781,    0.659842,    3.221603,    0.065830,    0.001689,    0.001721,    0.000000
2020-03-24 24:00:00,322007.409316,    0.000000,    0.000000,    0.000000, 1062.720426, 1062.720000, 1164.133597, -120.676417, 1249.113084,    0.000000,    0.000000,    9.300000,119880.916400,    0.000000,    0.000000,   50.000000,    0.000000,    0.085000,   12.147449,    6.440794,   12.147449,  123.898020,  -28.788409,   -7.577055,  -65.771045,    0.000000,    0.000000,    0.019338,    0.464382,    0.545373,    6.590009,    0.072692,    0.001689,    0.001721,    0.000000
2020-03-25 24:00:00,322007.409316,    0.000000,    0.000000,    0.000000, 2384.640426, 2384.640000,  848.563700,  -91.586787,  913.963157,    0.000000,    0.000000,    9.300000,119880.916400,    0.000000,    0.000000,   50.000000,    0.000000,    0.085000,   12.608525,    6.448423,   12.608525,  138.199937,  -21.844570,  -10.863642,  -58.507387,    0.000000,    0.000000,    0.002769,    0.070428,    0.212387,  135.200575,    0.071050,    0.001689,    0.001721,    0.000000
2020-03-26 24:00:00,321884.690986,    0.000000,    0.000000,    0.000000, 1736.640426, 1736.640000,    0.000000, -122.148918,    0.000000,    0.000000,    0.000000,    9.298981,119858.814024,    0.000000,    0.000000,   50.000000,    0.000000,    0.085000,   12.787499,    6.457095,   12.787499,  151.447281,  -29.127491,   -8.971775,  -74.614121,    0.000000,    0.000000,    0.022460,    0.534111,    0.584886,    5.649606,    0.056164,    0.001689,    0.001721,    0.000000
2020-03-27 24:00:00,321816.201775,    0.000000,    0.000000,    0.000000, 1425.600426, 1425.600000,    0.000000,  -68.161686,    0.000000,    0.000000,    0.000000,    9.298412,119846.478668,    0.000000,    0.000000,   50.000000,    0.000000,    0.085000,   15.103919,    6.467757,   15.103919,  159.552907,  -16.239815,   20.433242,  -56.325223,    0.000000,    0.000000,    0.012232,    0.300189,    0.438483,   13.881208,    0.073760,    0.001689,    0.001721,    0.000000
2020-03-28 24:00:00,321787.553195,    0.000000,    0.000000,    0.000000, 1209.600426, 1209.600000,    0.000000,  -28.509699,    0.000000,    0.000000,    0.000000,    9.298174,119841.318870,    0.000000,    0.000000,   50.000000,    0.000000,    0.085000,   16.834017,    6.475898,   16.834017,  198.550825,   -6.772715,   18.366265,  -52.028437,    0.000000,    0.000000,    0.012232,    0.300187,    0.438481,   21.214624,    0.056164,    0.001689,    0.001721,    0.000000
2020-03-29 24:00:00,321614.703792,    0.000000,    0.000000,    0.000000, 1114.560426, 1114.560000,    0.000000, -171.985642,    0.000000,    0.000000,    0.000000,    9.296739,119810.187559,    0.000000,    0.000000,   50.000000,    0.000000,    0.085000,   17.126279,    6.483063,   17.126279,  169.578564,  -40.790255,   19.970877,  -74.432773,    0.000000,    0.000000,    0.025224,    0.594775,    0.617208,    7.501628,    0.060782,    0.001689,    0.001721,    0.000000
2020-03-30 24:00:00,321129.167283,    0.000000,    0.000000,    0.000000, 1028.160426, 1028.160000,    0.000000, -482.871061,    0.000000,    0.000000,    0.000000,    9.292707,119722.739249,    0.000000,    0.000000,   50.000000,    0.000000,    0.085000,   16.112180,    6.493709,   16.112180,  202.032364, -114.777974,   18.440480, -106.251800,    0.000000,    0.000000,    0.030859,    0.715751,    0.677075,    5.475753,    0.061242,    0.001689,    0.001721,    0.000000
2020-03-31 24:00:00,322007.409316,    0.000000,    0.000000,    0.000000, 1347.840426, 1347.840000, 1068.965566, -221.517900, 2131.121472,    0.000000,    0.000000,    9.300000,119880.916400,    0.000000,    0.000000,   50.000000,    0.000000,    0.085000,   13.868505,    6.498948,   13.868505,   25.544493,  -52.675507,  -24.380801,  -79.073540,    0.000000,    0.000000,    0.042238,    0.951075,    0.780482,    2.606227,    0.066339,    0.001689,    0.001721,    0.000000
2020-04-01 24:00:00,321851.826791,    0.000000,    0.000000,    0.000000, 1442.880426, 1442.880000,    0.000000, -307.135955,  152.273932,    0.000000,    0.000000,    9.298708,119852.894967,    0.000000,    0.000000,   50.000000,    0.000000,    0.073000,   12.656205,    6.506199,   12.656205,  127.256231,  -73.211735,  -43.844384,  -77.703461,    0.000000,    0.000000,    0.021912,    0.521950,    0.578189,    6.270152,    0.073766,    0.001689,    0.001721,    0.000000
2020-04-02 24:00:00,321389.042518,    0.000000,    0.000000,    0.000000, 1278.720426, 1278.720000,    0.000000, -460.415849,    0.000000,    0.000000,    0.000000,    9.294865,119769.544483,    0.000000,    0.000000,   50.000000,    0.000000,    0.073000,   12.169194,    6.517473,   12.169194,  243.282443, -109.896741,  -15.752169, -121.109981,    0.000000,    0.000000,    0.028307,    0.661386,    0.650853,    3.778097,    0.082420,    0.001689,    0.001721,    0.000000
2020-04-03 24:00:00,320982.699343,    0.000000,    0.000000,    0.000000, 1183.680426, 1183.680000,    0.000000, -403.998543,    0.000000,    0.000000,    0.000000,    9.291491,119696.359412,    0.000000,    0.000000,   50.000000,    0.000000,    0.073000,   12.511467,    6.531219,   12.511467,  252.852186,  -96.497682,   15.995572, -123.134711,    0.000000,    0.000000,    0.028869,    0.673395,    0.656736,    3.667771,    0.055848,    0.001689,    0.001721,    0.000000
2020-04-04 24:00:00,320759.452635,    0.000000,    0.000000,    0.000000, 1114.560426, 1114.560000,    0.000000, -221.852398,    0.000000,    0.000000,    0.000000,    9.289637,119656.151215,    0.000000,    0.000000,   50.000000,    0.000000,    0.073000,   13.650051,    6.541020,   13.650051,  245.417834,  -52.971240,    9.126035, -111.557223,    0.000000,    0.000000,    0.012997,    0.318244,    0.451477,   14.341779,    0.051626,    0.001689,    0.001721,    0.000000
2020-04-05 24:00:00,320663.657410,    0.000000,    0.000000,    0.000000, 1054.080426, 1054.080000,    0.000000,  -95.173863,    0.000000,    0.000000,    0.000000,    9.288842,119638.897867,    0.000000,    0.000000,   50.000000,    0.000000,    0.073000,   14.715858,    6.550928,   14.715858,  194.871491,  -22.698381,    4.566082,  -91.742827,    0.000000,    0.000000,    0.020813,    0.497437,    0.564449,    7.146268,    0.058268,    0.001689,    0.001721,    0.000000
2020-04-06 24:00:00,320478.289993,    0.000000,    0.000000,    0.000000, 1045.440426, 1045.440000,    0.000000, -184.126235,    0.000000,    0.000000,    0.000000,    9.287303,119605.511979,    0.000000,    0.000000,   50.000000,    0.000000,    0.073000,   15.428221,    6.563028,   15.428221,  209.076755,  -43.868084,   13.781828,  -85.791044,    0.000000,    0.000000,    0.019188,    0.460935,    0.543344,   10.174690,    0.051875,    0.001689,    0.001721,    0.000000
2020-04-07 24:00:00,320369.776760,    0.000000,    0.000000,    0.000000, 1036.800426, 1036.800000,    0.000000, -107.762689,    0.000000,    0.000000,    0.000000,    9.286402,119585.968034,    0.000000,    0.000000,   50.000000,    0.000000,    0.073000,   16.599426,    6.572914,   16.599426,  181.284348,  -25.655218,   10.967635,  -79.714727,    0.000000,    0.000000,    0.025075,    0.591490,    0.615502,    6.961406,    0.070051,    0.001689,    0.001721,    0.000000
2020-04-08 24:00:00,320388.611256,    0.000000,    0.000000,    0.000000, 1045.440426, 1045.440000,    0.000000, -133.232960,  151.928326,    0.000000,    0.000000,    9.286558,119589.360250,    0.000000,    0.000000,   50.000000,    0.000000,    0.073000,   16.476556,    6.582345,   16.476556,  131.061611,  -31.694949,   13.140250,  -70.139014,    0.000000,    0.000000,    0.031710,    0.733680,    0.685502,    5.384664,    0.055262,    0.001689,    0.001721,    0.000000
2020-04-09 24:00:00,320112.987107,    0.000000,    0.000000,    0.000000, 1028.160426, 1028.160000,    0.000000, -455.942898,  182.279174,    0.000000,    0.000000,    9.284269,119539.718533,    0.000000,    0.000000,   50.000000,    0.000000,    0.073000,   15.850226,    6.594631,   15.850226,  229.567925, -108.537797,   -1.257773, -103.591363,    0.000000,    0.000000,    0.039984,    0.905105,    0.761386,    3.762741,    0.072495,    0.001689,    0.001721,    0.000000
2020-04-10 24:00:00,319627.465487,    0.000000,    0.000000,    0.000000,  984.960426,  984.960000,    0.000000, -481.765779,    0.000000,    0.000000,    0.000000,    9.280238,119452.272904,    0.000000,    0.000000,   50.000000,    0.000000,    0.073000,   14.099838,    6.603860,   14.099838,  213.938104, -114.999670,  -50.237928, -142.186079,    0.000000,    0.000000,    0.027306,    0.639803,    0.640145,    5.776148,    0.072192,    0.001689,    0.001721,    0.000000
2020-04-11 24:00:00,319372.767252,    0.000000,    0.000000,    0.000000,  933.120426,  933.120000,    0.000000, -252.585338,    0.000000,    0.000000,    0.000000,    9.278123,119406.400082,    0.000000,    0.000000,   50.000000,    0.000000,    0.073000,   14.353654,    6.615717,   14.353654,  232.817695,  -60.369005,  -14.750042, -121.912948,    0.000000,    0.000000,    0.011841,    0.290906,    0.431650,   22.333096,    0.072718,    0.001689,    0.001721,    0.000000
2020-04-12 24:00:00,322007.409316,    0.000000,    0.000000,    0.000000, 1088.640426, 1088.640000,  165.663821, -139.500598, 2916.057987,    0.000000,    0.000000,    9.300000,119880.916400,    0.000000,    0.000000,   50.000000,    0.000000,    0.073000,   14.083541,    6.629533,   14.083541,   93.033601,  -33.210106,    7.113350,  -58.065947,    0.000000,    0.000000,    0.032588,    0.752253,    0.694125,    4.427613,    0.070550,    0.001689,    0.001721,    0.000000
2020-04-13 24:00:00,322007.409316,    0.000000,    0.000000,    0.000000, 9512.640426, 9512.640000, 4972.570634, -177.819993, 5008.287709,    0.000000,    0.000000,    9.300000,119880.916400,    0.000000,    0.000000,   50.000000,    0.000000,    0.073000,   14.532250,    6.637204,   14.532250,  142.537995,  -42.275929,   13.835166,  -60.681184,    0.000000,    0.000000,    0.083817,    1.745089,    1.057217,    0.932749,    0.068997,    0.001689,    0.001721,    0.000000
2020-04-14 24:00:00,321795.594938,    0.000000,    0.000000,    0.000000, 7957.440426, 7957.440000,    0.000000, -484.777767,  273.948681,    0.000000,    0.000000,    9.298241,119842.767241,    0.000000,    0.000000,   50.000000,    0.000000,    0.073000,   12.942255,    6.650514,   12.942255,  189.330204, -115.464050,  -51.809187,  -95.152362,    0.000000,    0.000000,    0.144134,    2.792704,    1.337420,    0.284793,    0.052077,    0.001689,    0.001721,    0.000000
2020-04-15 24:00:00,321747.311338,    0.000000,    0.000000,    0.000000, 7827.840426, 7827.840000,    0.000000, -352.502470,  304.436976,    0.000000,    0.000000,    9.297840,119834.071048,    0.000000,    0.000000,   50.000000,    0.000000,    0.073000,   12.928374,    6.666523,   12.928374,  268.399847,  -84.064370,  -41.679987, -122.469710,    0.000000,    0.000000,    0.018657,    0.448962,    0.536241,    8.303064,    0.078663,    0.001689,    0.001721,    0.000000
2020-04-16 24:00:00,321393.771883,    0.000000,    0.000000,    0.000000, 7387.200426, 7387.200000,    0.000000, -351.702175,    0.000000,    0.000000,    0.000000,    9.294905,119770.396273,    0.000000,    0.000000,   50.000000,    0.000000,    0.073000,   12.915869,    6.682989,   12.915869,  267.592254,  -83.916046,  -20.050217, -135.293653,    0.000000,    0.000000,    0.023007,    0.546171,    0.591453,    5.709878,    0.078663,    0.001689,    0.001721,    0.000000
2020-04-17 24:00:00,321024.614097,    0.000000,    0.000000,    0.000000, 6886.080426, 6886.080000,    0.000000, -367.040583,    0.000000,    0.000000,    0.000000,    9.291839,119703.908534,    0.000000,    0.000000,   50.000000,    0.000000,    0.073000,   12.993538,    6.699894,   12.993538,  236.685879,  -87.620145,   10.138564, -111.422170,    0.000000,    0.000000,    0.014292,    0.348581,    0.472506,   13.785739,    0.079330,    0.001689,    0.001721,    0.000000
2020-04-18 24:00:00,320899.700624,    0.000000,    0.000000,    0.000000, 6592.320426, 6592.320000,    0.000000, -337.097677,  212.936333,    0.000000,    0.000000,    9.290802,119681.410798,    0.000000,    0.000000,   50.000000,    0.000000,    0.073000,   12.856203,    6.718240,   12.856203,  231.134035,  -80.443225,  -25.655736, -102.250727,    0.000000,    0.000000,    0.053797,    1.180199,    0.869427,    1.488144,    0.079330,    0.001689,    0.001721,    0.000000
2020-04-19 24:00:00,320696.526222,    0.000000,    0.000000,    0.000000, 5927.040426, 5927.040000,    0.000000, -201.883220,    0.000000,    0.000000,    0.000000,    9.289115,119644.817756,    0.000000,    0.000000,   50.000000,    0.000000,    0.073000,   12.736838,    6.735041,   12.736838,  151.475511,  -48.230487,   -6.892816,  -99.336279,    0.000000,    0.000000,    0.017582,    0.424487,    0.521420,    8.848844,    0.079330,    0.001689,    0.001721,    0.000000
2020-04-20 24:00:00,321607.020729,    0.000000,    0.000000,    0.000000, 5728.320426, 5728.320000,    0.000000, -128.869781, 1033.787825,    0.000000,    0.000000,    9.296675,119808.803789,    0.000000,    0.000000,   50.000000,    0.000000,    0.073000,   13.314775,    6.752605,   13.314775,  170.803597,  -30.721351,   -3.386403,  -76.645583,    0.000000,    0.000000,    0.023146,    0.549248,    0.593116,    5.748637,    0.079330,    0.001689,    0.001721,    0.000000
2020-04-21 24:00:00,321283.015701,    0.000000,    0.000000,    0.000000, 5270.400426, 5270.400000,    0.000000, -322.261210,    0.000000,    0.000000,    0.000000,    9.293985,119750.448358,    0.000000,    0.000000,   50.000000,    0.000000,    0.073000,   13.146855,    6.770964,   13.146855,  194.710395,  -76.842190,   12.114482, -101.257365,    0.000000,    0.000000,    0.045789,    1.022304,    0.809181,    2.000537,    0.053233,    0.001689,    0.001721,    0.000000
2020-04-22 24:00:00,320938.102949,    0.000000,    0.000000,    0.000000, 4613.760426, 4613.760000,    0.000000, -342.883437,    0.000000,    0.000000,    0.000000,    9.291121,119688.327309,    0.000000,    0.000000,   50.000000,    0.000000,    0.073000,   13.698370,    6.790920,   13.698370,  264.550227,  -81.844468,   -8.943053, -122.364530,    0.000000,    0.000000,    0.022591,    0.536978,    0.586453,    5.975695,    0.079330,    0.001689,    0.001721,    0.000000
2020-04-23 24:00:00,321654.066677,    0.000000,    0.000000,    0.000000, 4294.080426, 4294.080000,    0.000000,  -48.519018,  760.369035,    0.000000,    0.000000,    9.297066,119817.277073,    0.000000,    0.000000,   50.000000,    0.000000,    0.073000,   12.808073,    6.807973,   12.808073,   20.665878,  -11.566193,   -3.466057,  -50.799251,    0.000000,    0.000000,    0.030294,    0.703794,    0.671395,    3.704249,    0.071291,    0.001689,    0.001721,    0.000000
2020-04-24 24:00:00,321842.085284,    0.000000,    0.000000,    0.000000, 4613.760426, 4613.760000,    0.000000,  -86.900945,  273.978441,    0.000000,    0.000000,    9.298627,119851.140457,    0.000000,    0.000000,   50.000000,    0.000000,    0.073000,   14.519536,    6.827430,   14.519536,  204.464983,  -20.664229,   12.879197,  -56.020318,    0.000000,    0.000000,    0.036636,    0.836542,    0.731980,    3.124639,    0.057847,    0.001689,    0.001721,    0.000000
2020-04-25 24:00:00,322007.409316,    0.000000,    0.000000,    0.000000, 4449.600426, 4449.600000, 1329.533655,  -69.970697, 1523.483751,    0.000000,    0.000000,    9.300000,119880.916400,    0.000000,    0.000000,   50.000000,    0.000000,    0.073000,   14.134892,    6.849940,   14.134892,   66.325118,  -16.650493,   -8.343074,  -46.043534,    0.000000,    0.000000,    0.020150,    0.482664,    0.556004,    8.961865,    0.061023,    0.001689,    0.001721,    0.000000
2020-04-26 24:00:00,322007.409316,    0.000000,    0.000000,    0.000000, 5616.000426, 5616.000000,  255.698623, -148.212506,  395.915069,    0.000000,    0.000000,    9.300000,119880.916400,    0.000000,    0.000000,   50.000000,    0.000000,    0.073000,   14.622330,    6.869514,   14.622330,  159.989269,  -35.247986,   -4.685464,  -57.187779,    0.000000,    0.000000,    0.025507,    0.600973,    0.620416,    6.582439,    0.062817,    0.001689,    0.001721,    0.000000
2020-04-27 24:00:00,321564.405287,    0.000000,    0.000000,    0.000000, 5443.200426, 5443.200000,    0.000000, -440.846222,    0.000000,    0.000000,    0.000000,    9.296321,119801.128468,    0.000000,    0.000000,   50.000000,    0.000000,    0.073000,   14.316076,    6.889812,   14.316076,  281.002339, -104.982232,  -21.603746, -116.290092,    0.000000,    0.000000,    0.046692,    1.040343,    0.816289,    2.390631,    0.068324,    0.001689,    0.001721,    0.000000
2020-04-28 24:00:00,321453.962909,    0.000000,    0.000000,    0.000000, 4881.600426, 4881.600000,    0.000000, -109.857809,    0.000000,    0.000000,    0.000000,    9.295404,119781.237072,    0.000000,    0.000000,   50.000000,    0.000000,    0.073000,   14.282897,    6.912416,   14.282897,  110.029108,  -26.171141,   -1.266221,  -71.943652,    0.000000,    0.000000,    0.020818,    0.497568,    0.564523,    9.153564,    0.071453,    0.001689,    0.001721,    0.000000
2020-04-29 24:00:00,322007.409316,    0.000000,    0.000000,    0.000000, 4665.600426, 4665.600000,  248.471466,  -60.913210,  852.130556,    0.000000,    0.000000,    9.300000,119880.916400,    0.000000,    0.000000,   50.000000,    0.000000,    0.073000,   15.405389,    6.932636,   15.405389,  140.679474,  -14.491024,   25.475354,  -56.929717,    0.000000,    0.000000,    0.054890,    1.201611,    0.877278,    1.994448,    0.057798,    0.001689,    0.001721,    0.000000
2020-04-30 24:00:00,322007.409316,    0.000000,    0.000000,    0.000000, 9858.240426, 9858.240000, 4512.903771, -135.445188, 4518.006290,    0.000000,    0.000000,    9.300000,119880.916400,    0.000000,    0.000000,   50.000000,    0.000000,    0.073000,   14.955315,    6.954560,   14.955315,  111.710656,  -32.199877,   -9.039721,  -65.177642,    0.000000,    0.000000,    0.026520,    0.623088,    0.631728,    6.928273,    0.066231,    0.001689,    0.001721,    0.000000
2020-05-01 24:00:00,321749.285005,    0.000000,    0.000000,    0.000000, 8709.120426, 8709.120000,    0.000000, -256.901248,    0.000000,    0.000000,    0.000000,    9.297857,119834.426518,    0.000000,    0.000000,   50.000000,    0.000000,    0.068000,   14.262344,    6.975664,   14.262344,  126.486104,  -61.134496,  -13.833330,  -75.817742,    0.000000,    0.000000,    0.034747,    0.797373,    0.714638,    3.934191,    0.054145,    0.001689,    0.001721,    0.000000
2020-05-02 24:00:00,321571.262693,    0.000000,    0.000000,    0.000000, 8182.080426, 8182.080000,    0.000000, -177.120356,    0.000000,    0.000000,    0.000000,    9.296378,119802.363532,    0.000000,    0.000000,   50.000000,    0.000000,    0.068000,   15.926273,    7.000561,   15.926273,  263.085525,  -42.155533,    3.100082,  -95.224907,    0.000000,    0.000000,    0.029016,    0.676558,    0.658276,    5.232354,    0.076587,    0.001689,    0.001721,    0.000000
2020-05-03 24:00:00,321512.238225,    0.000000,    0.000000,    0.000000, 8000.640426, 8000.640000,    0.000000, -119.557003,   60.839338,    0.000000,    0.000000,    9.295888,119791.732838,    0.000000,    0.000000,   50.000000,    0.000000,    0.068000,   17.878730,    7.027910,   17.878730,  220.976264,  -28.409342,   23.249420,  -62.569784,    0.000000,    0.000000,    0.029582,    0.688643,    0.664129,    5.932291,    0.070786,    0.001689,    0.001721,    0.000000
2020-05-04 24:00:00,322007.409316,    0.000000,    0.000000,    0.000000, 7827.840426, 7827.840000,  223.948792, -325.436549, 1034.611542,    0.000000,    0.000000,    9.300000,119880.916400,    0.000000,    0.000000,   50.000000,    0.000000,    0.068000,   18.244055,    7.054297,   18.244055,  285.312625,  -77.120752,   12.180482, -102.881308,    0.000000,    0.000000,    0.033164,    0.764339,    0.699678,    6.468872,    0.057048,    0.001689,    0.001721,    0.000000
2020-05-05 24:00:00,322007.409316,    0.000000,    0.000000,    0.000000, 7352.640426, 7352.640000,  303.511974, -193.146657,  487.198749,    0.000000,    0.000000,    9.300000,119880.916400,    0.000000,    0.000000,   50.000000,    0.000000,    0.068000,   16.740342,    7.077631,   16.740342,   79.526358,  -45.807456,  -16.503924,  -78.116329,    0.000000,    0.000000,    0.002876,    0.073053,    0.216308,  273.845398,    0.058218,    0.001689,    0.001721,    0.000000
2020-05-06 24:00:00,321698.615414,    0.000000,    0.000000,    0.000000, 7076.160426, 7076.160000,    0.000000, -337.785927,   30.465215,    0.000000,    0.000000,    9.297436,119825.300593,    0.000000,    0.000000,   50.000000,    0.000000,    0.068000,   15.426937,    7.100835,   15.426937,  151.075761,  -80.248576,  -31.168335,  -99.305045,    0.000000,    0.000000,    0.042220,    0.950611,    0.780292,    3.414136,    0.069038,    0.001689,    0.001721,    0.000000
2020-05-07 24:00:00,321309.686404,    0.000000,    0.000000,    0.000000, 6402.240426, 6402.240000,    0.000000, -386.869752,    0.000000,    0.000000,    0.000000,    9.294206,119755.251927,    0.000000,    0.000000,   50.000000,    0.000000,    0.068000,   15.418382,    7.127986,   15.418382,  285.838816,  -92.080804,  -14.421902, -136.444817,    0.000000,    0.000000,    0.024665,    0.582580,    0.610848,    8.231781,    0.065368,    0.001689,    0.001721,    0.000000
2020-05-08 24:00:00,321175.881908,    0.000000,    0.000000,    0.000000, 5736.960426, 5736.960000,    0.000000, -224.350476,   91.304366,    0.000000,    0.000000,    9.293095,119731.152859,    0.000000,    0.000000,   50.000000,    0.000000,    0.068000,   14.250117,    7.153929,   14.250117,   89.919604,  -53.425649,  -15.969593,  -92.071336,    0.000000,    0.000000,    0.062743,    1.352447,    0.930713,    1.453762,    0.067071,    0.001689,    0.001721,    0.000000
2020-05-09 24:00:00,320802.240019,    0.000000,    0.000000,    0.000000, 5132.160426, 5132.160000,    0.000000, -371.375529,    0.000000,    0.000000,    0.000000,    9.289993,119663.857504,    0.000000,    0.000000,   50.000000,    0.000000,    0.068000,   14.092331,    7.180854,   14.092331,  297.101520,  -88.557277,  -35.290512, -150.650897,    0.000000,    0.000000,    0.029292,    0.682426,    0.661124,    4.981856,    0.082345,    0.001689,    0.001721,    0.000000
2020-05-10 24:00:00,320484.427445,    0.000000,    0.000000,    0.000000, 4561.920426, 4561.920000,    0.000000, -315.720244,    0.000000,    0.000000,    0.000000,    9.287354,119606.617375,    0.000000,    0.000000,   50.000000,    0.000000,    0.068000,   14.721235,    7.210211,   14.721235,  293.357610,  -75.321458,   -8.843718, -127.590960,    0.000000,    0.000000,    0.026471,    0.621821,    0.631086,    6.082383,    0.080089,    0.001689,    0.001721,    0.000000
2020-05-11 24:00:00,320114.465488,    0.000000,    0.000000,    0.000000, 4233.600426, 4233.600000,    0.000000, -367.336347,    0.000000,    0.000000,    0.000000,    9.284282,119539.984799,    0.000000,    0.000000,   50.000000,    0.000000,    0.068000,   14.301935,    7.239871,   14.301935,  230.234577,  -87.664302,  -20.427320, -106.585216,    0.000000,    0.000000,    0.020402,    0.488231,    0.559201,    9.489016,    0.073819,    0.001689,    0.001721,    0.000000
2020-05-12 24:00:00,319804.601765,    0.000000,    0.000000,    0.000000, 3784.320426, 3784.320000,    0.000000, -307.507016,    0.000000,    0.000000,    0.000000,    9.281709,119484.176310,    0.000000,    0.000000,   50.000000,    0.000000,    0.068000,   14.566736,    7.270486,   14.566736,  264.236416,  -73.427729,  -15.130225, -117.859477,    0.000000,    0.000000,    0.023271,    0.551948,    0.594572,    7.825216,    0.066425,    0.001689,    0.001721,    0.000000
2020-05-13 24:00:00,319645.656129,    0.000000,    0.000000,    0.000000, 3412.800426, 3412.800000,    0.000000, -157.680371,    0.000000,    0.000000,    0.000000,    9.280389,119455.549158,    0.000000,    0.000000,   50.000000,    0.000000,    0.068000,   14.941174,    7.299879,   14.941174,  156.085659,  -37.657373,   -5.545509,  -72.841721,    0.000000,    0.000000,    0.009206,    0.227844,    0.382009,   34.633041,    0.062657,    0.001689,    0.001721,    0.000000
2020-05-14 24:00:00,321985.052182,    0.000000,    0.000000,    0.000000, 3395.520426, 3395.520000,    0.000000,  -15.829197, 2338.351232,    0.000000,    0.000000,    9.299814,119876.889733,    0.000000,    0.000000,   50.000000,    0.000000,    0.068000,   17.462752,    7.328699,   17.462752,  198.076354,   -3.761965,    8.730440,  -52.994281,    0.000000,    0.000000,    0.017588,    0.424664,    0.521529,   12.466829,    0.052510,    0.001689,    0.001721,    0.000000
2020-05-15 24:00:00,321862.515459,    0.000000,    0.000000,    0.000000, 3369.600426, 3369.600000,    0.000000, -121.964833,    0.000000,    0.000000,    0.000000,    9.298797,119854.820066,    0.000000,    0.000000,   50.000000,    0.000000,    0.068000,   19.491385,    7.359494,   19.491385,  284.110109,  -28.866159,   17.753913,  -76.667125,    0.000000,    0.000000,    0.016393,    0.397280,    0.504433,   19.623246,    0.054353,    0.001689,    0.001721,    0.000000
2020-05-16 24:00:00,321715.312794,    0.000000,    0.000000,    0.000000, 3343.680426, 3343.680000,    0.000000, -146.485095,    0.000000,    0.000000,    0.000000,    9.297575,119828.307900,    0.000000,    0.000000,   50.000000,    0.000000,    0.068000,   21.491044,    7.390981,   21.491044,  274.542345,  -34.609949,    8.292555,  -84.123421,    0.000000,    0.000000,    0.025364,    0.597829,    0.618791,   10.536601,    0.052716,    0.001689,    0.001721,    0.000000
2020-05-17 24:00:00,321619.274329,    0.000000,    0.000000,    0.000000, 3317.760426, 3317.760000,    0.000000,  -95.552799,    0.000000,    0.000000,    0.000000,    9.296777,119811.010743,    0.000000,    0.000000,   50.000000,    0.000000,    0.068000,   22.031359,    7.421759,   22.031359,  170.314824,  -22.555717,    0.244734,  -66.781658,    0.000000,    0.000000,    0.016922,    0.409410,    0.512076,   23.053745,    0.097705,    0.001689,    0.001721,    0.000000
2020-05-18 24:00:00,322007.409316,    0.000000,    0.000000,    0.000000, 3300.480426, 3300.480000, 1943.213256, -106.231462, 2376.433275,    0.000000,    0.000000,    9.300000,119880.916400,    0.000000,    0.000000,   50.000000,    0.000000,    0.068000,   21.156742,    7.450947,   21.156742,  105.954137,  -25.066799,   -9.427491,  -65.077719,    0.000000,    0.000000,    0.039148,    0.888306,    0.754287,    5.896646,    0.053869,    0.001689,    0.001721,    0.000000
2020-05-19 24:00:00,322007.409316,    0.000000,    0.000000,    0.000000, 3274.560426, 3274.560000, 7182.952795, -382.216653, 7374.594770,    0.000000,    0.000000,    9.300000,119880.916400,    0.000000,    0.000000,   50.000000,    0.000000,    0.068000,   17.141338,    7.482080,   17.141338,   39.458609,  -90.482665,  -50.001471,  -77.473944,    0.000000,    0.000000,    0.052712,    1.159830,    0.861892,    2.839678,    0.066947,    0.001689,    0.001721,    0.000000
2020-05-20 24:00:00,322007.409316,    0.000000,    0.000000,    0.000000, 3248.640426, 3248.640000, 5759.771174, -236.697852, 5838.035307,    0.000000,    0.000000,    9.300000,119880.916400,    0.000000,    0.000000,   50.000000,    0.000000,    0.068000,   14.991087,    7.514025,   14.991087,   31.870827,  -56.220406,  -37.193076,  -70.410038,    0.000000,    0.000000,    0.055905,    1.221865,    0.884641,    1.977566,    0.075008,    0.001689,    0.001721,    0.000000
2020-05-21 24:00:00,322007.409316,    0.000000,    0.000000,    0.000000, 3222.720426, 3222.720000, 5794.800339, -110.881433, 5747.289773,    0.000000,    0.000000,    9.300000,119880.916400,    0.000000,    0.000000,   50.000000,    0.000000,    0.068000,   14.119982,    7.547042,   14.119982,   35.562669,  -26.382876,  -15.816515,  -45.253137,    0.000000,    0.000000,    0.040225,    0.910565,    0.763679,    3.074912,    0.065164,    0.001689,    0.001721,    0.000000
2020-05-22 24:00:00,322007.409316,    0.000000,    0.000000,    0.000000, 3205.440426, 3205.440000, 1345.964478,   -5.426089, 1310.288386,    0.000000,    0.000000,    9.300000,119880.916400,    0.000000,    0.000000,   50.000000,    0.000000,    0.068000,   17.440822,    7.581813,   17.440822,  200.327557,   -1.286703,    5.471254,  -34.641001,    0.000000,    0.000000,    0.030168,    0.701180,    0.670147,    4.344449,    0.057155,    0.001689,    0.001721,    0.000000
2020-05-23 24:00:00,321974.442669,    0.000000,    0.000000,    0.000000, 3179.520426, 3179.520000,    0.000000,  -32.816113,    0.000000,    0.000000,    0.000000,    9.299726,119874.978891,    0.000000,    0.000000,   50.000000,    0.000000,    0.068000,   18.613986,    7.617342,   18.613986,  201.595251,   -7.772203,    4.035756,  -60.136747,    0.000000,    0.000000,    0.037659,    0.857638,    0.741152,    3.807423,    0.096342,    0.001689,    0.001721,    0.000000
2020-05-24 24:00:00,322007.409316,    0.000000,    0.000000,    0.000000, 3153.600426, 3153.600000,  786.077589,  -58.323622,  852.640094,    0.000000,    0.000000,    9.300000,119880.916400,    0.000000,    0.000000,   50.000000,    0.000000,    0.068000,   20.417816,    7.653524,   20.417816,  235.302744,  -13.794027,    2.647237,  -62.063009,    0.000000,    0.000000,    0.013263,    0.324503,    0.455895,   29.709054,    0.070404,    0.001689,    0.001721,    0.000000
2020-05-25 24:00:00,322007.409316,    0.000000,    0.000000,    0.000000, 3127.680426, 3127.680000,   12.533242,  -48.799161,   60.939519,    0.000000,    0.000000,    9.300000,119880.916400,    0.000000,    0.000000,   50.000000,    0.000000,    0.068000,   20.098918,    7.687471,   20.098918,   86.828507,  -11.538463,   -4.598398,  -47.965444,    0.000000,    0.000000,    0.005943,    0.148389,    0.308287,  105.953464,    0.069112,    0.001689,    0.001721,    0.000000
2020-05-26 24:00:00,321956.244826,    0.000000,    0.000000,    0.000000, 3110.400426, 3110.400000,    0.000000,  -50.929940,    0.000000,    0.000000,    0.000000,    9.299575,119871.701340,    0.000000,    0.000000,   50.000000,    0.000000,    0.068000,   20.837575,    7.721084,   20.837575,  150.209152,  -12.036141,    0.327308,  -52.420388,    0.000000,    0.000000,    0.007619,    0.189356,    0.348253,   74.121934,    0.051191,    0.001689,    0.001721,    0.000000
2020-05-27 24:00:00,322007.409316,    0.000000,    0.000000,    0.000000, 3084.480426, 3084.480000, 1369.206708,  -53.760037, 1432.211188,    0.000000,    0.000000,    9.300000,119880.916400,    0.000000,    0.000000,   50.000000,    0.000000,    0.068000,   20.116033,    7.754483,   20.116033,   65.781716,  -12.702932,   -4.478411,  -43.722747,    0.000000,    0.000000,    0.034474,    0.791793,    0.712133,    6.869041,    0.087449,    0.001689,    0.001721,    0.000000
2020-05-28 24:00:00,322007.409316,    0.000000,    0.000000,    0.000000, 3058.560426, 3058.560000,  562.671211,  -33.503822,  578.757084,    0.000000,    0.000000,    9.300000,119880.916400,    0.000000,    0.000000,   50.000000,    0.000000,    0.068000,   21.939353,    7.791389,   21.939353,  198.777017,   -7.909748,    3.612828,  -48.341282,    0.000000,    0.000000,    0.007378,    0.183486,    0.342813,   96.788234,    0.056835,    0.001689,    0.001721,    0.000000
2020-05-29 24:00:00,322007.409316,    0.000000,    0.000000,    0.000000, 3032.640426, 3032.640000, 1054.128688,  -44.570921, 1066.018136,    0.000000,    0.000000,    9.300000,119880.916400,    0.000000,    0.000000,   50.000000,    0.000000,    0.068000,   22.911962,    7.826923,   22.911962,  174.683480,  -10.506298,   -0.300088,  -62.864870,    0.000000,    0.000000,    0.017461,    0.421767,    0.519747,   26.532905,    0.056030,    0.001689,    0.001721,    0.000000
2020-05-30 24:00:00,321624.741900,    0.000000,    0.000000,    0.000000, 3015.360426, 3015.360000,    0.000000, -380.819971,    0.000000,    0.000000,    0.000000,    9.296822,119811.995488,    0.000000,    0.000000,   50.000000,    0.000000,    0.068000,   22.741463,    7.864821,   22.741463,  276.059900,  -89.768021,   -6.172053, -105.187200,    0.000000,    0.000000,    0.056413,    1.231060,    0.887963,    3.593140,    0.056499,    0.001689,    0.001721,    0.000000
2020-05-31 24:00:00,321018.978821,    0.000000,    0.000000,    0.000000, 2989.440426, 2989.440000,    0.000000, -602.396372,    0.000000,    0.000000,    0.000000,    9.291792,119702.893584,    0.000000,    0.000000,   50.000000,    0.000000,    0.068000,   21.430170,    7.904006,   21.430170,  302.013856, -142.296987,  -20.336969, -124.570174,    0.000000,    0.000000,    0.094543,    1.937326,    1.113927,    1.476706,    0.055994,    0.001689,    0.001721,    0.000000
2020-06-01 24:00:00,320585.490300,    0.000000,    0.000000,    0.000000, 2963.520426, 2963.520000,    0.000000, -430.741103,    0.000000,    0.000000,    0.000000,    9.288193,119624.819458,    0.000000,    0.000000,   50.000000,    0.000000,    0.067000,   21.014158,    7.943675,   21.014158,  306.501205, -101.973129,  -21.272213, -135.679239,    0.000000,    0.000000,    0.021357,    0.509578,    0.571295,   19.166610,    0.063610,    0.001689,    0.001721,    0.000000
2020-06-02 24:00:00,320351.785103,    0.000000,    0.000000,    0.000000, 2937.600426, 2937.600000,    0.000000, -232.104761,    0.000000,    0.000000,    0.000000,    9.286252,119582.727619,    0.000000,    0.000000,   50.000000,    0.000000,    0.067000,   22.790418,    7.983956,   22.790418,  279.979970,  -54.888935,    1.981788,  -82.793001,    0.000000,    0.000000,    0.028157,    0.658123,    0.649246,   12.613479,    0.062171,    0.001689,    0.001721,    0.000000
2020-06-03 24:00:00,320051.851355,    0.000000,    0.000000,    0.000000, 2920.320426, 2920.320000,    0.000000, -297.761063,    0.000000,    0.000000,    0.000000,    9.283762,119528.707583,    0.000000,    0.000000,   50.000000,    0.000000,    0.067000,   24.018491,    8.023716,   24.018491,  283.877735,  -70.289191,   11.927082,  -88.579675,    0.000000,    0.000000,    0.019320,    0.463909,    0.545095,   26.481928,    0.061180,    0.001689,    0.001721,    0.000000
2020-06-04 24:00:00,320838.313640,    0.000000,    0.000000,    0.000000, 2894.400426, 2894.400000,    0.000000, -130.237669,  910.885500,    0.000000,    0.000000,    9.290292,119670.354600,    0.000000,    0.000000,   50.000000,    0.000000,    0.067000,   24.758887,    8.063344,   24.758887,  198.403536,  -30.709769,    3.801110,  -77.653051,    0.000000,    0.000000,    0.011085,    0.272938,    0.418107,   69.409691,    0.059635,    0.001689,    0.001721,    0.000000
2020-06-05 24:00:00,322007.409316,    0.000000,    0.000000,    0.000000, 2868.480426, 2868.480000,  233.186508, -102.259437, 1490.045365,    0.000000,    0.000000,    9.300000,119880.916400,    0.000000,    0.000000,   50.000000,    0.000000,    0.067000,   25.172907,    8.101304,   25.172907,  174.277069,  -24.036132,   -3.450111,  -77.118757,    0.000000,    0.000000,    0.033164,    0.764341,    0.699679,   12.295581,    0.058375,    0.001689,    0.001721,    0.000000
2020-06-06 24:00:00,321818.409145,    0.000000,    0.000000,    0.000000, 2842.560426, 2842.560000,    0.000000, -279.450362,   91.331723,    0.000000,    0.000000,    9.298431,119846.876229,    0.000000,    0.000000,   50.000000,    0.000000,    0.067000,   25.561329,    8.142213,   25.561329,  257.981534,  -65.647194,  -10.151857,  -85.901862,    0.000000,    0.000000,    0.044601,    0.998571,    0.799733,    7.429235,    0.059206,    0.001689,    0.001721,    0.000000
2020-06-07 24:00:00,321472.423801,    0.000000,    0.000000,    0.000000, 2825.280426, 2825.280000,    0.000000, -344.226134,    0.000000,    0.000000,    0.000000,    9.295558,119784.561999,    0.000000,    0.000000,   50.000000,    0.000000,    0.067000,   25.804587,    8.184048,   25.804587,  300.596241,  -80.903203,  -10.261491, -117.428382,    0.000000,    0.000000,    0.024389,    0.576543,    0.607675,   21.787234,    0.054831,    0.001689,    0.001721,    0.000000
2020-06-08 24:00:00,321274.236106,    0.000000,    0.000000,    0.000000, 2799.360426, 2799.360000,    0.000000, -197.098741,    0.000000,    0.000000,    0.000000,    9.293912,119748.867095,    0.000000,    0.000000,   50.000000,    0.000000,    0.067000,   26.545760,    8.225616,   26.545760,  256.131690,  -46.334386,   -5.447817, -106.900629,    0.000000,    0.000000,    0.008226,    0.204124,    0.361578,  130.871465,    0.057739,    0.001689,    0.001721,    0.000000
2020-06-09 24:00:00,321115.041982,    0.000000,    0.000000,    0.000000, 2773.440426, 2773.440000,    0.000000, -158.276929,    0.000000,    0.000000,    0.000000,    9.292590,119720.195189,    0.000000,    0.000000,   50.000000,    0.000000,    0.067000,   27.415250,    8.266219,   27.415250,  222.324360,  -37.135305,   -1.868906,  -75.255564,    0.000000,    0.000000,    0.015075,    0.366804,    0.484699,   51.471675,    0.056659,    0.001689,    0.001721,    0.000000
2020-06-10 24:00:00,321081.727268,    0.000000,    0.000000,    0.000000, 2747.520426, 2747.520000,    0.000000, -245.952087,  212.819961,    0.000000,    0.000000,    9.292314,119714.194991,    0.000000,    0.000000,   50.000000,    0.000000,    0.067000,   27.224724,    8.307486,   27.224724,  192.220876,  -57.702641,   -9.910728,  -73.788674,    0.000000,    0.000000,    0.036045,    0.824281,    0.726596,   11.884254,    0.059536,    0.001689,    0.001721,    0.000000
2020-06-11 24:00:00,320748.309491,    0.000000,    0.000000,    0.000000, 2721.600426, 2721.600000,    0.000000, -422.593431,   91.226652,    0.000000,    0.000000,    9.289545,119654.144262,    0.000000,    0.000000,   50.000000,    0.000000,    0.067000,   25.953261,    8.350564,   25.953261,  194.850729,  -99.279000,  -16.285275,  -93.020538,    0.000000,    0.000000,    0.073737,    1.558895,    0.999226,    3.373009,    0.056732,    0.001689,    0.001721,    0.000000
2020-06-12 24:00:00,319945.492411,    0.000000,    0.000000,    0.000000, 2704.320426, 2704.320000,    0.000000, -797.190310,    0.000000,    0.000000,    0.000000,    9.282879,119509.551640,    0.000000,    0.000000,   50.000000,    0.000000,    0.067000,   23.942767,    8.393468,   23.942767,  310.182986, -188.128943,  -20.432280, -126.937752,    0.000000,    0.000000,    0.071817,    1.523086,    0.987683,    3.362894,    0.059052,    0.001689,    0.001721,    0.000000
2020-06-13 24:00:00,320262.616909,    0.000000,    0.000000,    0.000000, 2678.400426, 2678.400000,    0.000000, -322.740634,  637.412419,    0.000000,    0.000000,    9.285512,119566.667842,    0.000000,    0.000000,   50.000000,    0.000000,    0.067000,   23.927466,    8.437635,   23.927466,  242.324271,  -76.160054,   -9.513244, -102.505480,    0.000000,    0.000000,    0.012099,    0.297025,    0.436166,   67.963116,    0.064495,    0.001689,    0.001721,    0.000000
2020-06-14 24:00:00,322007.409316,    0.000000,    0.000000,    0.000000, 2652.480426, 2652.480000, 3050.342961, -210.001952, 4900.479861,    0.000000,    0.000000,    9.300000,119880.916400,    0.000000,    0.000000,   50.000000,    0.000000,    0.067000,   23.717015,    8.481311,   23.717015,  182.497650,  -49.418987,  -12.098601,  -82.258804,    0.000000,    0.000000,    0.010343,    0.255200,    0.404293,   91.299111,    0.063564,    0.001689,    0.001721,    0.000000
2020-06-15 24:00:00,322007.409316,    0.000000,    0.000000,    0.000000, 2626.560426, 2626.560000, 1657.384454, -221.467613, 1828.770270,    0.000000,    0.000000,    9.300000,119880.916400,    0.000000,    0.000000,   50.000000,    0.000000,    0.067000,   21.884064,    8.524596,   21.884064,   57.460936,  -52.190803,  -21.685033,  -87.356143,    0.000000,    0.000000,    0.004434,    0.111332,    0.267033,  281.109703,    0.065776,    0.001689,    0.001721,    0.000000
2020-06-16 24:00:00,322007.409316,    0.000000,    0.000000,    0.000000, 2609.280426, 2609.280000, 1806.582476, -198.815326, 1950.954232,    0.000000,    0.000000,    9.300000,119880.916400,    0.000000,    0.000000,   50.000000,    0.000000,    0.067000,   20.446360,    8.568376,   20.446360,   60.624383,  -46.945938,  -21.143324,  -73.840424,    0.000000,    0.000000,    0.033612,    0.773811,    0.704000,    9.690462,    0.066710,    0.001689,    0.001721,    0.000000
2020-06-17 24:00:00,322007.409316,    0.000000,    0.000000,    0.000000, 2583.360426, 2583.360000, 9600.384595, -231.394987, 9590.640185,    0.000000,    0.000000,    9.300000,119880.916400,    0.000000,    0.000000,   50.000000,    0.000000,    0.067000,   18.714418,    8.614187,   18.714418,   48.134729,  -54.744627,  -28.317769,  -55.974468,    0.000000,    0.000000,    0.008004,    0.198753,    0.356789,   87.261573,    0.073453,    0.001689,    0.001721,    0.000000
2020-06-18 24:00:00,322007.409316,    0.000000,    0.000000,    0.000000, 2557.440426, 2557.440000,  373.398423,  -34.185348,  395.985634,    0.000000,    0.000000,    9.300000,119880.916400,    0.000000,    0.000000,   50.000000,    0.000000,    0.067000,   20.067708,    8.659510,   20.067708,  156.127342,   -8.088984,   -0.844421,  -42.110954,    0.000000,    0.000000,    0.003421,    0.086441,    0.235297,  314.714366,    0.073528,    0.001689,    0.001721,    0.000000
2020-06-19 24:00:00,322007.409316,    0.000000,    0.000000,    0.000000, 2531.520426, 2531.520000,  153.921357,  -33.557873,  182.675068,    0.000000,    0.000000,    9.300000,119880.916400,    0.000000,    0.000000,   50.000000,    0.000000,    0.067000,   20.954489,    8.704890,   20.954489,  144.593021,   -7.929425,   -1.711517,  -57.140002,    0.000000,    0.000000,    0.014818,    0.360850,    0.480750,   35.048471,    0.071380,    0.001689,    0.001721,    0.000000
2020-06-20 24:00:00,321911.557783,    0.000000,    0.000000,    0.000000, 2514.240426, 2514.240000,    0.000000, -125.875591,   30.466391,    0.000000,    0.000000,    9.299204,119863.652910,    0.000000,    0.000000,   50.000000,    0.000000,    0.067000,   23.121647,    8.751790,   23.121647,  289.226065,  -29.697190,   -3.400055,  -81.685372,    0.000000,    0.000000,    0.021775,    0.518922,    0.576509,   19.473462,    0.051211,    0.001689,    0.001721,    0.000000
2020-06-21 24:00:00,321827.264268,    0.000000,    0.000000,    0.000000, 2488.320426, 2488.320000,    0.000000, -114.354957,   30.461357,    0.000000,    0.000000,    9.298504,119848.471095,    0.000000,    0.000000,   50.000000,    0.000000,    0.067000,   24.654590,    8.798918,   24.654590,  238.950516,  -26.923587,   -4.941907,  -77.014300,    0.000000,    0.000000,    0.018792,    0.452015,    0.538062,   27.069416,    0.072693,    0.001689,    0.001721,    0.000000
2020-06-22 24:00:00,321670.886693,    0.000000,    0.000000,    0.000000, 2462.400426, 2462.400000,    0.000000, -186.066801,   30.459802,    0.000000,    0.000000,    9.297206,119820.306468,    0.000000,    0.000000,   50.000000,    0.000000,    0.067000,   25.432236,    8.845542,   25.432236,  245.115874,  -43.738043,   -4.391980,  -81.652282,    0.000000,    0.000000,    0.022871,    0.543185,    0.589833,   21.687674,    0.050897,    0.001689,    0.001721,    0.000000
2020-06-23 24:00:00,321786.781685,    0.000000,    0.000000,    0.000000, 2436.480426, 2436.480000,    0.000000, -158.580129,  273.875703,    0.000000,    0.000000,    9.298168,119841.179916,    0.000000,    0.000000,   50.000000,    0.000000,    0.067000,   25.182210,    8.891821,   25.182210,  166.493128,  -37.278299,   -7.902214,  -83.180509,    0.000000,    0.000000,    0.033159,    0.764221,    0.699624,   12.121834,    0.052648,    0.001689,    0.001721,    0.000000
2020-06-24 24:00:00,321536.013537,    0.000000,    0.000000,    0.000000, 2419.200426, 2419.200000,    0.000000, -249.498554,    0.000000,    0.000000,    0.000000,    9.296086,119796.014928,    0.000000,    0.000000,   50.000000,    0.000000,    0.067000,   24.081643,    8.939832,   24.081643,  159.390371,  -58.719038,   -4.504161, -109.226277,    0.000000,    0.000000,    0.034744,    0.797312,    0.714611,   10.863385,    0.054253,    0.001689,    0.001721,    0.000000
2020-06-25 24:00:00,321310.161717,    0.000000,    0.000000,    0.000000, 2393.280426, 2393.280000,    0.000000, -224.627596,    0.000000,    0.000000,    0.000000,    9.294210,119755.337534,    0.000000,    0.000000,   50.000000,    0.000000,    0.067000,   24.167775,    8.987764,   24.167775,  214.411293,  -52.902258,   -2.938892, -100.279957,    0.000000,    0.000000,    0.018655,    0.448898,    0.536203,   32.102007,    0.055715,    0.001689,    0.001721,    0.000000
2020-06-26 24:00:00,321093.009740,    0.000000,    0.000000,    0.000000, 2367.360426, 2367.360000,    0.000000, -215.902959,    0.000000,    0.000000,    0.000000,    9.292407,119716.227038,    0.000000,    0.000000,   50.000000,    0.000000,    0.067000,   24.280981,    9.036024,   24.280981,  216.996964,  -50.875063,   -5.998641, -104.212857,    0.000000,    0.000000,    0.033728,    0.776094,    0.705038,   12.021430,    0.058823,    0.001689,    0.001721,    0.000000
2020-06-27 24:00:00,320827.708352,    0.000000,    0.000000,    0.000000, 2341.440426, 2341.440000,    0.000000, -263.680387,    0.000000,    0.000000,    0.000000,    9.290204,119668.444518,    0.000000,    0.000000,   50.000000,    0.000000,    0.067000,   24.764051,    9.085577,   24.764051,  220.954285,  -62.156137,    2.447735,  -86.274822,    0.000000,    0.000000,    0.025357,    0.597647,    0.618697,   20.001890,    0.061955,    0.001689,    0.001721,    0.000000
2020-06-28 24:00:00,320671.222937,    0.000000,    0.000000,    0.000000, 2324.160426, 2324.160000,    0.000000, -155.479300,    0.000000,    0.000000,    0.000000,    9.288905,119640.260468,    0.000000,    0.000000,   50.000000,    0.000000,    0.067000,   24.172956,    9.134260,   24.172956,  113.099315,  -36.640733,   -0.670695,  -75.528139,    0.000000,    0.000000,    0.048484,    1.075832,    0.830095,    6.529120,    0.059673,    0.001689,    0.001721,    0.000000
2020-06-29 24:00:00,320436.763506,    0.000000,    0.000000,    0.000000, 2298.240426, 2298.240000,    0.000000, -232.883895,    0.000000,    0.000000,    0.000000,    9.286958,119598.032786,    0.000000,    0.000000,   50.000000,    0.000000,    0.067000,   24.899290,    9.184124,   24.899290,  248.916554,  -54.910156,    3.211569,  -89.370561,    0.000000,    0.000000,    0.045478,    1.016013,    0.806687,    7.784763,    0.066035,    0.001689,    0.001721,    0.000000
2020-06-30 24:00:00,320299.858225,    0.000000,    0.000000,    0.000000, 2272.320426, 2272.320000,    0.000000, -135.946977,    0.000000,    0.000000,    0.000000,    9.285821,119573.375247,    0.000000,    0.000000,   50.000000,    0.000000,    0.067000,   25.485309,    9.233855,   25.485309,  204.533116,  -32.034633,   -2.194178,  -91.210390,    0.000000,    0.000000,    0.014289,    0.348502,    0.472452,   56.008972,    0.051166,    0.001689,    0.001721,    0.000000
2020-07-01 24:00:00,320078.017232,    0.000000,    0.000000,    0.000000, 2246.400426, 2246.400000,    0.000000, -220.229160,    0.000000,    0.000000,    0.000000,    9.283979,119533.420229,    0.000000,    0.000000,   50.000000,    0.000000,    0.068000,   27.220007,    9.283254,   27.220007,  302.960638,  -51.808865,   -2.308603,  -97.791300,    0.000000,    0.000000,    0.009580,    0.236841,    0.389479,  113.817404,    0.050277,    0.001689,    0.001721,    0.000000
2020-07-02 24:00:00,319760.944050,    0.000000,    0.000000,    0.000000, 2229.120426, 2229.120000,    0.000000, -314.642461,    0.000000,    0.000000,    0.000000,    9.281346,119476.313269,    0.000000,    0.000000,   50.000000,    0.000000,    0.068000,   27.212919,    9.333296,   27.212919,  273.065328,  -74.027028,   -8.801800, -111.398927,    0.000000,    0.000000,    0.030561,    0.709370,    0.674049,   17.891244,    0.057170,    0.001689,    0.001721,    0.000000
2020-07-03 24:00:00,319408.778685,    0.000000,    0.000000,    0.000000, 2203.200426, 2203.200000,    0.000000, -349.289370,    0.000000,    0.000000,    0.000000,    9.278422,119412.885977,    0.000000,    0.000000,   50.000000,    0.000000,    0.068000,   27.657862,    9.383840,   27.657862,  299.009306,  -82.189572,  -13.284022, -110.780152,    0.000000,    0.000000,    0.043822,    0.982748,    0.793371,    9.911354,    0.056326,    0.001689,    0.001721,    0.000000
2020-07-04 24:00:00,319122.231429,    0.000000,    0.000000,    0.000000, 2177.280426, 2177.280000,    0.000000, -284.069998,    0.000000,    0.000000,    0.000000,    9.276043,119361.276936,    0.000000,    0.000000,   50.000000,    0.000000,    0.068000,   27.983820,    9.434248,   27.983820,  250.174381,  -66.847405,   -8.448884, -102.463759,    0.000000,    0.000000,    0.019180,    0.460729,    0.543223,   40.879523,    0.055307,    0.001689,    0.001721,    0.000000
2020-07-05 24:00:00,318931.239138,    0.000000,    0.000000,    0.000000, 2151.360426, 2151.360000,    0.000000, -189.272762,    0.000000,    0.000000,    0.000000,    9.274457,119326.877972,    0.000000,    0.000000,   50.000000,    0.000000,    0.068000,   29.180268,    9.484380,   29.180268,  266.172866,  -44.492809,   -3.277552,  -97.748700,    0.000000,    0.000000,    0.008099,    0.201024,    0.358823,  172.152155,    0.054493,    0.001689,    0.001721,    0.000000
2020-07-06 24:00:00,318629.033619,    0.000000,    0.000000,    0.000000, 2134.080426, 2134.080000,    0.000000, -299.374561,    0.000000,    0.000000,    0.000000,    9.271947,119272.448775,    0.000000,    0.000000,   50.000000,    0.000000,    0.068000,   29.474387,    9.534834,   29.474387,  272.707950,  -70.343486,   -5.747184, -111.034735,    0.000000,    0.000000,    0.015064,    0.366514,    0.484508,   65.717675,    0.053391,    0.001689,    0.001721,    0.000000
2020-07-07 24:00:00,318343.463756,    0.000000,    0.000000,    0.000000, 2108.160426, 2108.160000,    0.000000, -282.768385,    0.000000,    0.000000,    0.000000,    9.269576,119221.015770,    0.000000,    0.000000,   50.000000,    0.000000,    0.068000,   29.588125,    9.584301,   29.588125,  262.452916,  -66.469889,   -9.568353, -114.959287,    0.000000,    0.000000,    0.020255,    0.484906,    0.557294,   41.247116,    0.052376,    0.001689,    0.001721,    0.000000
2020-07-08 24:00:00,318134.942686,    0.000000,    0.000000,    0.000000, 2082.240426, 2082.240000,    0.000000, -206.398000,    0.000000,    0.000000,    0.000000,    9.267845,119183.459757,    0.000000,    0.000000,   50.000000,    0.000000,    0.068000,   30.185312,    9.634414,   30.185312,  246.700420,  -48.492438,   -6.802117, -103.361067,    0.000000,    0.000000,    0.007854,    0.195061,    0.353460,  193.815790,    0.051404,    0.001689,    0.001721,    0.000000
2020-07-09 24:00:00,317900.269469,    0.000000,    0.000000,    0.000000, 2056.320426, 2056.320000,    0.000000, -232.206014,    0.000000,    0.000000,    0.000000,    9.265896,119141.193571,    0.000000,    0.000000,   50.000000,    0.000000,    0.068000,   29.980161,    9.685757,   29.980161,  207.907075,  -54.561987,   -8.864072, -105.809780,    0.000000,    0.000000,    0.019847,    0.475726,    0.551993,   43.301735,    0.050679,    0.001689,    0.001721,    0.000000
2020-07-10 24:00:00,317948.476982,    0.000000,    0.000000,    0.000000, 2039.040426, 2039.040000,    0.000000, -254.918091,  302.546601,    0.000000,    0.000000,    9.266296,119149.876061,    0.000000,    0.000000,   50.000000,    0.000000,    0.068000,   29.952664,    9.734783,   29.952664,  224.427726,  -59.892902,  -10.255308,  -98.949667,    0.000000,    0.000000,    0.019712,    0.472697,    0.550233,   43.138017,    0.052421,    0.001689,    0.001721,    0.000000
2020-07-11 24:00:00,317431.030454,    0.000000,    0.000000,    0.000000, 2013.120426, 2013.120000,    0.000000, -511.756757,    0.000000,    0.000000,    0.000000,    9.262000,119056.680547,    0.000000,    0.000000,   50.000000,    0.000000,    0.068000,   28.884314,    9.785550,   28.884314,  256.868540, -120.469284,  -14.319520, -125.392728,    0.000000,    0.000000,    0.031967,    0.738945,    0.687957,   18.513062,    0.055793,    0.001689,    0.001721,    0.000000
2020-07-12 24:00:00,317030.622007,    0.000000,    0.000000,    0.000000, 1987.200426, 1987.200000,    0.000000, -395.729586,    0.000000,    0.000000,    0.000000,    9.258675,118984.564359,    0.000000,    0.000000,   50.000000,    0.000000,    0.068000,   28.028967,    9.836876,   28.028967,  224.655297,  -93.322663,  -11.896335, -116.297567,    0.000000,    0.000000,    0.037893,    0.862125,    0.743089,   13.469082,    0.060580,    0.001689,    0.001721,    0.000000
2020-07-13 24:00:00,317499.756754,    0.000000,    0.000000,    0.000000, 1961.280426, 1961.280000,    0.000000, -352.747782,  815.933080,    0.000000,    0.000000,    9.262570,119069.058604,    0.000000,    0.000000,   50.000000,    0.000000,    0.068000,   27.985327,    9.887276,   27.985327,  264.507161,  -83.179297,  -16.897960, -107.645491,    0.000000,    0.000000,    0.039216,    0.889267,    0.754695,   12.881109,    0.058837,    0.001689,    0.001721,    0.000000
2020-07-14 24:00:00,317206.011393,    0.000000,    0.000000,    0.000000, 1944.000426, 1944.000000,    0.000000, -290.365663,    0.000000,    0.000000,    0.000000,    9.260131,119016.153138,    0.000000,    0.000000,   50.000000,    0.000000,    0.068000,   28.061838,    9.938128,   28.061838,  257.262082,  -68.502278,  -10.643433, -118.449188,    0.000000,    0.000000,    0.023253,    0.551461,    0.594310,   31.890300,    0.056733,    0.001689,    0.001721,    0.000000
2020-07-15 24:00:00,316965.343098,    0.000000,    0.000000,    0.000000, 1918.080426, 1918.080000,    0.000000, -237.802924,    0.000000,    0.000000,    0.000000,    9.258133,118972.807199,    0.000000,    0.000000,   50.000000,    0.000000,    0.068000,   29.055993,    9.988641,   29.055993,  267.185279,  -56.082074,   -5.043441, -103.939081,    0.000000,    0.000000,    0.006290,    0.156885,    0.316990,  265.005281,    0.061328,    0.001689,    0.001721,    0.000000
2020-07-16 24:00:00,316775.191711,    0.000000,    0.000000,    0.000000, 1892.160426, 1892.160000,    0.000000, -187.825957,    0.000000,    0.000000,    0.000000,    9.256554,118938.559687,    0.000000,    0.000000,   50.000000,    0.000000,    0.068000,   28.774505,   10.038438,   28.774505,  154.493339,  -44.286582,   -5.091030,  -75.972651,    0.000000,    0.000000,    0.009944,    0.245588,    0.396606,  131.508936,    0.060685,    0.001689,    0.001721,    0.000000
2020-07-17 24:00:00,316618.507018,    0.000000,    0.000000,    0.000000, 1866.240426, 1866.240000,    0.000000, -154.727743,    0.000000,    0.000000,    0.000000,    9.255253,118910.339746,    0.000000,    0.000000,   50.000000,    0.000000,    0.068000,   29.280071,   10.088819,   29.280071,  199.124720,  -36.465214,   -4.465818,  -86.563563,    0.000000,    0.000000,    0.030389,    0.705572,    0.672243,   20.745139,    0.057290,    0.001689,    0.001721,    0.000000
2020-07-18 24:00:00,316352.254790,    0.000000,    0.000000,    0.000000, 1848.960426, 1848.960000,    0.000000, -262.843445,    0.000000,    0.000000,    0.000000,    9.253042,118862.385973,    0.000000,    0.000000,   50.000000,    0.000000,    0.068000,   29.734693,   10.139244,   29.734693,  253.106971,  -61.988986,   -6.082610,  -99.621191,    0.000000,    0.000000,    0.031813,    0.735651,    0.686422,   19.887897,    0.055445,    0.001689,    0.001721,    0.000000
2020-07-19 24:00:00,316009.368836,    0.000000,    0.000000,    0.000000, 1823.040426, 1823.040000,    0.000000, -338.340224,    0.000000,    0.000000,    0.000000,    9.250195,118800.629964,    0.000000,    0.000000,   50.000000,    0.000000,    0.068000,   29.846678,   10.189686,   29.846678,  245.271457,  -79.749497,   -6.302589,  -97.801546,    0.000000,    0.000000,    0.036715,    0.837805,    0.732532,   15.789109,    0.053535,    0.001689,    0.001721,    0.000000
2020-07-20 24:00:00,316044.399119,    0.000000,    0.000000,    0.000000, 1797.120426, 1797.120000,    0.000000, -297.358624,  331.832303,    0.000000,    0.000000,    9.250486,118806.939147,    0.000000,    0.000000,   50.000000,    0.000000,    0.068000,   29.320541,   10.240013,   29.320541,  196.972366,  -70.141894,   -8.177963,  -94.751416,    0.000000,    0.000000,    0.030242,    0.702414,    0.670736,   21.662619,    0.060183,    0.001689,    0.001721,    0.000000
2020-07-21 24:00:00,317174.286851,    0.000000,    0.000000,    0.000000, 1771.200426, 1771.200000,    0.000000, -243.461169, 1358.765184,    0.000000,    0.000000,    9.259868,119010.439340,    0.000000,    0.000000,   50.000000,    0.000000,    0.068000,   28.823089,   10.290756,   28.823089,  169.503472,  -57.342733,  -10.592449,  -86.803415,    0.000000,    0.000000,    0.022702,    0.539328,    0.587735,   34.554980,    0.058267,    0.001689,    0.001721,    0.000000
2020-07-22 24:00:00,317539.788600,    0.000000,    0.000000,    0.000000, 1753.920426, 1753.920000,    0.000000, -304.288560,  665.573055,    0.000000,    0.000000,    9.262903,119076.268602,    0.000000,    0.000000,   50.000000,    0.000000,    0.068000,   28.941677,   10.340930,   28.941677,  225.408438,  -71.615431,  -14.040124,  -79.899460,    0.000000,    0.000000,    0.051155,    1.128200,    0.850058,    8.834091,    0.057006,    0.001689,    0.001721,    0.000000
2020-07-23 24:00:00,317953.281961,    0.000000,    0.000000,    0.000000, 1728.000426, 1728.000000,    0.000000, -196.418758,  605.381995,    0.000000,    0.000000,    9.266336,119150.741469,    0.000000,    0.000000,   50.000000,    0.000000,    0.068000,   28.544598,   10.391157,   28.544598,  158.445774,  -46.238671,   -9.733061,  -84.588132,    0.000000,    0.000000,    0.038635,    0.877415,    0.749649,   14.117356,    0.062342,    0.001689,    0.001721,    0.000000
2020-07-24 24:00:00,318258.090582,    0.000000,    0.000000,    0.000000, 1702.080426, 1702.080000,    0.000000, -213.301781,  514.936273,    0.000000,    0.000000,    9.268867,119205.639501,    0.000000,    0.000000,   50.000000,    0.000000,    0.068000,   28.837179,   10.441854,   28.837179,  218.715782,  -50.195510,   -6.923709,  -98.813330,    0.000000,    0.000000,    0.020526,    0.490965,    0.560765,   41.344359,    0.060273,    0.001689,    0.001721,    0.000000
2020-07-25 24:00:00,318389.773250,    0.000000,    0.000000,    0.000000, 1676.160426, 1676.160000,    0.000000, -233.256274,  363.608301,    0.000000,    0.000000,    9.269961,119229.356413,    0.000000,    0.000000,   50.000000,    0.000000,    0.068000,   29.020609,   10.491682,   29.020609,  233.061898,  -54.871146,   -9.050136, -109.679859,    0.000000,    0.000000,    0.023675,    0.560780,    0.599310,   32.647913,    0.065198,    0.001689,    0.001721,    0.000000
2020-07-26 24:00:00,318368.133435,    0.000000,    0.000000,    0.000000, 1658.880426, 1658.880000,    0.000000, -233.551214,  212.123170,    0.000000,    0.000000,    9.269781,119225.458941,    0.000000,    0.000000,   50.000000,    0.000000,    0.068000,   28.847596,   10.540718,   28.847596,  192.515115,  -54.931244,   -7.594517,  -96.436719,    0.000000,    0.000000,    0.022025,    0.524375,    0.579531,   36.858740,    0.063608,    0.001689,    0.001721,    0.000000
2020-07-27 24:00:00,318161.408760,    0.000000,    0.000000,    0.000000, 1632.960426, 1632.960000,    0.000000, -325.830335,  121.199917,    0.000000,    0.000000,    9.268064,119188.226471,    0.000000,    0.000000,   50.000000,    0.000000,    0.068000,   28.745986,   10.589335,   28.745986,  226.654197,  -76.668685,   -8.329398,  -98.141511,    0.000000,    0.000000,    0.034563,    0.793350,    0.712833,   17.337673,    0.060459,    0.001689,    0.001721,    0.000000
2020-07-28 24:00:00,318103.267784,    0.000000,    0.000000,    0.000000, 1607.040426, 1607.040000,    0.000000, -329.964333,  272.408456,    0.000000,    0.000000,    9.267582,119177.754900,    0.000000,    0.000000,   50.000000,    0.000000,    0.068000,   28.521700,   10.638261,   28.521700,  203.854604,  -77.680649,  -10.292940,  -88.916797,    0.000000,    0.000000,    0.016243,    0.393764,    0.502196,   60.253179,    0.063460,    0.001689,    0.001721,    0.000000
2020-07-29 24:00:00,318074.806943,    0.000000,    0.000000,    0.000000, 1581.120426, 1581.120000,    0.000000, -179.537608,  151.366276,    0.000000,    0.000000,    9.267345,119172.628916,    0.000000,    0.000000,   50.000000,    0.000000,    0.068000,   28.702659,   10.684558,   28.702659,  193.632409,  -42.266396,   -7.138717,  -89.318701,    0.000000,    0.000000,    0.019308,    0.463606,    0.544917,   46.125352,    0.062039,    0.001689,    0.001721,    0.000000
2020-07-30 24:00:00,318811.996050,    0.000000,    0.000000,    0.000000, 1563.840426, 1563.840000,    0.000000, -148.428224,  878.279858,    0.000000,    0.000000,    9.273467,119305.401509,    0.000000,    0.000000,   50.000000,    0.000000,    0.068000,   28.384704,   10.731962,   28.384704,  138.186320,  -34.905782,   -7.872429,  -82.840784,    0.000000,    0.000000,    0.006175,    0.154058,    0.314121,  283.829348,    0.060489,    0.001689,    0.001721,    0.000000
2020-07-31 24:00:00,322007.409316,    0.000000,    0.000000,    0.000000, 1537.920426, 1537.920000,  787.816735, -227.208462, 4160.191345,    0.000000,    0.000000,    9.300000,119880.916400,    0.000000,    0.000000,   50.000000,    0.000000,    0.068000,   27.983713,   10.779242,   27.983713,  142.088053,  -53.174374,   -7.996609,  -75.841679,    0.000000,    0.000000,    0.014690,    0.357883,    0.478769,   72.268674,    0.060384,    0.001689,    0.001721,    0.000000
2020-08-01 24:00:00,322007.409316,    0.000000,    0.000000,    0.000000, 1512.000426, 1512.000000, 1189.321326, -157.313956, 1309.605173,    0.000000,    0.000000,    9.300000,119880.916400,    0.000000,    0.000000,   50.000000,    0.000000,    0.071000,   28.101809,   10.825222,   28.101809,  167.371510,  -36.834293,   -8.366650,  -82.201130,    0.000000,    0.000000,    0.010337,    0.255063,    0.404184,  129.066001,    0.065588,    0.001689,    0.001721,    0.000000
2020-08-02 24:00:00,321792.044103,    0.000000,    0.000000,    0.000000, 1486.080426, 1486.080000,    0.000000, -214.351432,    0.000000,    0.000000,    0.000000,    9.298212,119842.127712,    0.000000,    0.000000,   50.000000,    0.000000,    0.071000,   27.963822,   10.870813,   27.963822,  186.040005,  -50.201599,   -6.927055, -101.438648,    0.000000,    0.000000,    0.013130,    0.321374,    0.453692,   84.166705,    0.063596,    0.001689,    0.001721,    0.000000
2020-08-03 24:00:00,322007.409316,    0.000000,    0.000000,    0.000000, 1468.800426, 1468.800000,  374.180356, -184.485114,  761.341303,    0.000000,    0.000000,    9.300000,119880.916400,    0.000000,    0.000000,   50.000000,    0.000000,    0.071000,   26.837665,   10.915521,   26.837665,   81.395582,  -43.230066,  -13.564142,  -79.540351,    0.000000,    0.000000,    0.013261,    0.324463,    0.455867,   79.155679,    0.064533,    0.001689,    0.001721,    0.000000
2020-08-04 24:00:00,321639.582560,    0.000000,    0.000000,    0.000000, 1442.880426, 1442.880000,    0.000000, -366.054945,    0.000000,    0.000000,    0.000000,    9.296946,119814.668388,    0.000000,    0.000000,   50.000000,    0.000000,    0.071000,   26.959586,   10.961725,   26.959586,  251.690491,  -85.890526,  -16.347412,  -98.130384,    0.000000,    0.000000,    0.017987,    0.433740,    0.527072,   46.683624,    0.053459,    0.001689,    0.001721,    0.000000
2020-08-05 24:00:00,322007.409316,    0.000000,    0.000000,    0.000000, 1416.960426, 1416.960000,  691.215876, -273.424138, 1308.389507,    0.000000,    0.000000,    9.300000,119880.916400,    0.000000,    0.000000,   50.000000,    0.000000,    0.071000,   26.672622,   11.005829,   26.672622,  184.628394,  -64.138643,  -13.679081,  -93.264610,    0.000000,    0.000000,    0.008967,    0.222070,    0.377138,  148.045632,    0.064282,    0.001689,    0.001721,    0.000000
2020-08-06 24:00:00,321892.904947,    0.000000,    0.000000,    0.000000, 1391.040426, 1391.040000,    0.000000, -174.909372,   60.934126,    0.000000,    0.000000,    9.299049,119860.293412,    0.000000,    0.000000,   50.000000,    0.000000,    0.071000,   26.740986,   11.050683,   26.740986,  151.933541,  -41.025143,  -11.568935,  -68.260327,    0.000000,    0.000000,    0.016923,    0.409446,    0.512099,   50.544553,    0.052204,    0.001689,    0.001721,    0.000000
2020-08-07 24:00:00,321724.470553,    0.000000,    0.000000,    0.000000, 1373.760426, 1373.760000,    0.000000, -167.618413,    0.000000,    0.000000,    0.000000,    9.297651,119829.957273,    0.000000,    0.000000,   50.000000,    0.000000,    0.071000,   27.410686,   11.094371,   27.410686,  212.342490,  -39.313432,   -7.700789,  -90.333793,    0.000000,    0.000000,    0.012232,    0.300181,    0.438477,   87.904275,    0.052892,    0.001689,    0.001721,    0.000000
2020-08-08 24:00:00,321534.574118,    0.000000,    0.000000,    0.000000, 1347.840426, 1347.840000,    0.000000, -188.925665,    0.000000,    0.000000,    0.000000,    9.296074,119795.755679,    0.000000,    0.000000,   50.000000,    0.000000,    0.071000,   27.982969,   11.136987,   27.982969,  220.282884,  -44.300084,   -9.183621,  -96.005514,    0.000000,    0.000000,    0.009583,    0.236942,    0.389562,  133.367595,    0.052307,    0.001689,    0.001721,    0.000000
2020-08-09 24:00:00,321318.015790,    0.000000,    0.000000,    0.000000, 1321.920426, 1321.920000,    0.000000, -215.385386,    0.000000,    0.000000,    0.000000,    9.294276,119756.752104,    0.000000,    0.000000,   50.000000,    0.000000,    0.071000,   28.278597,   11.180699,   28.278597,  228.237989,  -50.471486,  -10.554697, -104.705563,    0.000000,    0.000000,    0.017585,    0.424572,    0.521472,   50.400981,    0.051667,    0.001689,    0.001721,    0.000000
2020-08-10 24:00:00,321066.479359,    0.000000,    0.000000,    0.000000, 1296.000426, 1296.000000,    0.000000, -250.086611,    0.000000,    0.000000,    0.000000,    9.292187,119711.448742,    0.000000,    0.000000,   50.000000,    0.000000,    0.071000,   28.052612,   11.222626,   28.052612,  205.932381,  -58.653197,  -12.461433, -109.088589,    0.000000,    0.000000,    0.015074,    0.366798,    0.484696,   65.682143,    0.050008,    0.001689,    0.001721,    0.000000
2020-08-11 24:00:00,320910.312862,    0.000000,    0.000000,    0.000000, 1278.720426, 1278.720000,    0.000000, -155.218322,    0.000000,    0.000000,    0.000000,    9.290890,119683.322132,    0.000000,    0.000000,   50.000000,    0.000000,    0.071000,   28.954155,   11.264683,   28.954155,  220.005224,  -36.393658,   -4.931881,  -94.506510,    0.000000,    0.000000,    0.013513,    0.330375,    0.460001,   79.830115,    0.050926,    0.001689,    0.001721,    0.000000
2020-08-12 24:00:00,320751.845810,    0.000000,    0.000000,    0.000000, 1252.800426, 1252.800000,    0.000000, -157.467707,    0.000000,    0.000000,    0.000000,    9.289574,119654.781176,    0.000000,    0.000000,   50.000000,    0.000000,    0.071000,   28.458385,   11.306800,   28.458385,  141.027577,  -36.911483,   -7.330889,  -88.510691,    0.000000,    0.000000,    0.001451,    0.038082,    0.156177, 1962.192244,    0.051009,    0.001689,    0.001721,    0.000000
2020-08-13 24:00:00,322007.409316,    0.000000,    0.000000,    0.000000, 1226.880426, 1226.880000,    1.010339,  -88.927979, 1338.014834,    0.000000,    0.000000,    9.300000,119880.916400,    0.000000,    0.000000,   50.000000,    0.000000,    0.071000,   28.167994,   11.346792,   28.167994,  100.637440,  -20.818598,   -5.465311,  -72.622557,    0.000000,    0.000000,    0.009709,    0.239970,    0.392043,  140.087190,    0.055506,    0.001689,    0.001721,    0.000000
2020-08-14 24:00:00,322007.409316,    0.000000,    0.000000,    0.000000, 1200.960426, 1200.960000, 2592.777523, -106.999234, 2620.092248,    0.000000,    0.000000,    9.300000,119880.916400,    0.000000,    0.000000,   50.000000,    0.000000,    0.071000,   27.699031,   11.387724,   27.699031,   98.195477,  -25.058227,   -6.975754,  -71.674229,    0.000000,    0.000000,    0.006541,    0.163034,    0.323143,  254.405483,    0.055061,    0.001689,    0.001721,    0.000000
2020-08-15 24:00:00,322007.409316,    0.000000,    0.000000,    0.000000, 1183.680426, 1183.680000, 2446.028626, -310.683678, 2683.865812,    0.000000,    0.000000,    9.300000,119880.916400,    0.000000,    0.000000,   50.000000,    0.000000,    0.071000,   25.435719,   11.426625,   25.435719,   41.381164,  -72.885578,  -28.242543,  -80.599963,    0.000000,    0.000000,    0.066402,    1.422185,    0.954407,    4.720810,    0.070198,    0.001689,    0.001721,    0.000000
2020-08-16 24:00:00,321648.767715,    0.000000,    0.000000,    0.000000, 1157.760426, 1157.760000,    0.000000, -356.917186,    0.000000,    0.000000,    0.000000,    9.297022,119816.322695,    0.000000,    0.000000,   50.000000,    0.000000,    0.071000,   23.959128,   11.466389,   23.959128,  111.031203,  -83.977151,  -31.866308,  -88.645186,    0.000000,    0.000000,    0.018523,    0.445906,    0.534413,   36.030220,    0.071537,    0.001689,    0.001721,    0.000000
2020-08-17 24:00:00,321436.418486,    0.000000,    0.000000,    0.000000, 1131.840426, 1131.840000,    0.000000, -211.236107,    0.000000,    0.000000,    0.000000,    9.295259,119778.077206,    0.000000,    0.000000,   50.000000,    0.000000,    0.071000,   24.389115,   11.505602,   24.389115,  217.604780,  -49.723195,   -8.934876, -103.645194,    0.000000,    0.000000,    0.029014,    0.676527,    0.658261,   16.993818,    0.070029,    0.001689,    0.001721,    0.000000
2020-08-18 24:00:00,321265.371133,    0.000000,    0.000000,    0.000000, 1105.920426, 1105.920000,    0.000000, -170.101710,    0.000000,    0.000000,    0.000000,    9.293838,119747.270456,    0.000000,    0.000000,   50.000000,    0.000000,    0.071000,   24.861707,   11.544066,   24.861707,  201.679041,  -40.058878,   -9.181077, -106.530910,    0.000000,    0.000000,    0.018119,    0.436728,    0.528885,   36.698697,    0.074421,    0.001689,    0.001721,    0.000000
2020-08-19 24:00:00,321058.162190,    0.000000,    0.000000,    0.000000, 1088.640426, 1088.640000,    0.000000, -206.004842,    0.000000,    0.000000,    0.000000,    9.292118,119709.950766,    0.000000,    0.000000,   50.000000,    0.000000,    0.071000,   25.347004,   11.582034,   25.347004,  210.163342,  -48.504057,   -7.481817,  -94.807478,    0.000000,    0.000000,    0.011086,    0.272956,    0.418121,   83.473694,    0.073068,    0.001689,    0.001721,    0.000000
2020-08-20 24:00:00,320911.896598,    0.000000,    0.000000,    0.000000, 1062.720426, 1062.720000,    0.000000, -145.376792,    0.000000,    0.000000,    0.000000,    9.290903,119683.607373,    0.000000,    0.000000,   50.000000,    0.000000,    0.071000,   25.457536,   11.619040,   25.457536,  192.641925,  -34.219324,   -5.253985, -105.322868,    0.000000,    0.000000,    0.005706,    0.142570,    0.302182,  249.181638,    0.071996,    0.001689,    0.001721,    0.000000
2020-08-21 24:00:00,321072.305013,    0.000000,    0.000000,    0.000000, 1036.800426, 1036.800000,    0.000000,  -53.380759,  212.800214,    0.000000,    0.000000,    9.292235,119712.497981,    0.000000,    0.000000,   50.000000,    0.000000,    0.071000,   25.078279,   11.655135,   25.078279,   80.787134,  -12.560090,   -3.537040,  -72.379922,    0.000000,    0.000000,    0.011213,    0.275971,    0.420424,   86.528899,    0.071237,    0.001689,    0.001721,    0.000000
2020-08-22 24:00:00,321070.627292,    0.000000,    0.000000,    0.000000, 1010.880426, 1010.880000,    0.000000,  -92.951325,   91.281075,    0.000000,    0.000000,    9.292221,119712.195812,    0.000000,    0.000000,   50.000000,    0.000000,    0.071000,   26.046541,   11.690093,   26.046541,  169.438232,  -21.851817,   -3.423186,  -67.318783,    0.000000,    0.000000,    0.017184,    0.415417,    0.515820,   43.567122,    0.070810,    0.001689,    0.001721,    0.000000
2020-08-23 24:00:00,320934.911701,    0.000000,    0.000000,    0.000000,  993.600426,  993.600000,    0.000000, -134.894507,    0.000000,    0.000000,    0.000000,    9.291094,119687.752544,    0.000000,    0.000000,   50.000000,    0.000000,    0.071000,   26.539827,   11.725673,   26.539827,  194.544125,  -31.709357,   -5.581353,  -89.864645,    0.000000,    0.000000,    0.010582,    0.260906,    0.408787,  100.649689,    0.070383,    0.001689,    0.001721,    0.000000
2020-08-24 24:00:00,320775.235915,    0.000000,    0.000000,    0.000000,  967.680426,  967.680000,    0.000000, -158.674491,    0.000000,    0.000000,    0.000000,    9.289769,119658.993888,    0.000000,    0.000000,   50.000000,    0.000000,    0.071000,   27.040551,   11.759625,   27.040551,  197.952713,  -37.290513,   -4.389765,  -98.558617,    0.000000,    0.000000,    0.030144,    0.700557,    0.669849,   18.156178,    0.069581,    0.001689,    0.001721,    0.000000
2020-08-25 24:00:00,320465.016409,    0.000000,    0.000000,    0.000000,  941.760426,  941.760000,    0.000000, -308.166291,    0.000000,    0.000000,    0.000000,    9.287193,119603.121320,    0.000000,    0.000000,   50.000000,    0.000000,    0.071000,   26.999681,   11.794196,   26.999681,  219.710080,  -72.411184,   -4.365003, -101.384948,    0.000000,    0.000000,    0.030853,    0.715585,    0.676996,   18.057882,    0.068856,    0.001689,    0.001721,    0.000000
2020-08-26 24:00:00,320214.012976,    0.000000,    0.000000,    0.000000,  881.280426,  881.280000,    0.000000, -249.237962,    0.000000,    0.000000,    0.000000,    9.285108,119557.913955,    0.000000,    0.000000,   50.000000,    0.000000,    0.071000,   27.159202,   11.828235,   27.159202,  209.234966,  -58.606506,   -8.838240, -104.587380,    0.000000,    0.000000,    0.028579,    0.667167,    0.653691,   20.518252,    0.055808,    0.001689,    0.001721,    0.000000
2020-08-27 24:00:00,320012.376457,    0.000000,    0.000000,    0.000000,  864.000426,  864.000000,    0.000000, -200.148434,    0.000000,    0.000000,    0.000000,    9.283434,119521.597895,    0.000000,    0.000000,   50.000000,    0.000000,    0.071000,   27.116336,   11.861906,   27.116336,  170.064813,  -47.053386,   -2.149532,  -89.290660,    0.000000,    0.000000,    0.027169,    0.636861,    0.638672,   22.942511,    0.063727,    0.001689,    0.001721,    0.000000
2020-08-28 24:00:00,319923.088791,    0.000000,    0.000000,    0.000000,  838.080426,  838.080000,    0.000000, -118.983426,   30.373166,    0.000000,    0.000000,    9.282693,119505.516601,    0.000000,    0.000000,   50.000000,    0.000000,    0.071000,   27.819594,   11.893697,   27.819594,  148.631587,  -27.982476,   -0.257220,  -71.874598,    0.000000,    0.000000,    0.002450,    0.062597,    0.200232,  903.997425,    0.062597,    0.001689,    0.001721,    0.000000
2020-08-29 24:00:00,320021.891588,    0.000000,    0.000000,    0.000000,  846.720426,  846.720000,    0.000000, -175.270712,  273.306970,    0.000000,    0.000000,    9.283513,119523.311633,    0.000000,    0.000000,   50.000000,    0.000000,    0.071000,   27.432977,   11.925192,   27.432977,  138.618711,  -41.167368,   -2.183381,  -81.678409,    0.000000,    0.000000,    0.008346,    0.207020,    0.364134,  162.178549,    0.051935,    0.001689,    0.001721,    0.000000
2020-08-30 24:00:00,319805.027030,    0.000000,    0.000000,    0.000000,  760.320426,  760.320000,    0.000000, -215.199776,    0.000000,    0.000000,    0.000000,    9.281712,119484.252903,    0.000000,    0.000000,   50.000000,    0.000000,    0.071000,   27.224882,   11.956498,   27.224882,  187.963893,  -50.622449,   -6.733761, -115.948629,    0.000000,    0.000000,    0.009703,    0.239816,    0.391917,  125.960955,    0.051533,    0.001689,    0.001721,    0.000000
2020-08-31 24:00:00,322007.409316,    0.000000,    0.000000,    0.000000, 1684.800426, 1684.800000, 3957.586644, -185.708266, 6213.657908,    0.000000,    0.000000,    9.300000,119880.916400,    0.000000,    0.000000,   50.000000,    0.000000,    0.071000,   25.600989,   11.986334,   25.600989,   40.198699,  -43.578075,  -15.006162,  -75.707422,    0.000000,    0.000000,    0.023867,    0.565245,    0.601692,   26.806201,    0.066608,    0.001689,    0.001721,    0.000000
2020-09-01 24:00:00,322007.409316,    0.000000,    0.000000,    0.000000, 1658.880426, 1658.880000,  566.515284,  -90.693800,  639.602455,    0.000000,    0.000000,    9.300000,119880.916400,    0.000000,    0.000000,   50.000000,    0.000000,    0.080000,   25.151211,   12.015442,   25.151211,   64.608896,  -21.309101,   -8.019569,  -62.314261,    0.000000,    0.000000,    0.010085,    0.249009,    0.399358,  105.571567,    0.069603,    0.001689,    0.001721,    0.000000
2020-09-02 24:00:00,321943.716272,    0.000000,    0.000000,    0.000000, 1520.640426, 1520.640000,    0.000000,  -63.400423,    0.000000,    0.000000,    0.000000,    9.299471,119869.444865,    0.000000,    0.000000,   50.000000,    0.000000,    0.080000,   26.557432,   12.043968,   26.557432,  181.078543,  -14.875662,    2.057738,  -71.048400,    0.000000,    0.000000,    0.017722,    0.427700,    0.523390,   40.566452,    0.092242,    0.001689,    0.001721,    0.000000
2020-09-03 24:00:00,321756.704100,    0.000000,    0.000000,    0.000000, 1382.400426, 1382.400000,    0.000000, -186.118043,    0.000000,    0.000000,    0.000000,    9.297918,119835.762746,    0.000000,    0.000000,   50.000000,    0.000000,    0.080000,   27.076763,   12.071866,   27.076763,  190.905202,  -43.624737,    2.306242,  -85.020504,    0.000000,    0.000000,    0.038975,    0.884619,    0.752720,   11.332942,    0.054654,    0.001689,    0.001721,    0.000000
2020-09-04 24:00:00,321447.159564,    0.000000,    0.000000,    0.000000, 1097.280426, 1097.280000,    0.000000, -307.950732,    0.000000,    0.000000,    0.000000,    9.295348,119780.011745,    0.000000,    0.000000,   50.000000,    0.000000,    0.080000,   26.547038,   12.099369,   26.547038,  191.957064,  -72.250981,   -6.209548, -105.130455,    0.000000,    0.000000,    0.063839,    1.373305,    0.937862,    5.024321,    0.054188,    0.001689,    0.001721,    0.000000
2020-09-05 24:00:00,320997.697019,    0.000000,    0.000000,    0.000000,  829.440426,  829.440000,    0.000000, -446.894958,    0.000000,    0.000000,    0.000000,    9.291616,119699.060592,    0.000000,    0.000000,   50.000000,    0.000000,    0.080000,   25.605100,   12.126965,   25.605100,  234.238162, -105.082260,  -17.872379, -145.016609,    0.000000,    0.000000,    0.025219,    0.594650,    0.617143,   23.366999,    0.067699,    0.001689,    0.001721,    0.000000
2020-09-06 24:00:00,320689.773002,    0.000000,    0.000000,    0.000000,  743.040426,  743.040000,    0.000000, -305.989405,    0.000000,    0.000000,    0.000000,    9.289059,119643.601456,    0.000000,    0.000000,   50.000000,    0.000000,    0.080000,   25.218228,   12.153529,   25.218228,  216.990331,  -72.054244,  -18.456556, -139.802196,    0.000000,    0.000000,    0.015992,    0.388015,    0.498517,   47.245745,    0.071239,    0.001689,    0.001721,    0.000000
2020-09-07 24:00:00,320467.257878,    0.000000,    0.000000,    0.000000,  699.840426,  699.840000,    0.000000, -221.028045,    0.000000,    0.000000,    0.000000,    9.287211,119603.525023,    0.000000,    0.000000,   50.000000,    0.000000,    0.080000,   25.224041,   12.178865,   25.224041,  215.720309,  -52.055406,  -11.642309, -131.831787,    0.000000,    0.000000,    0.012868,    0.315188,    0.449304,   66.234522,    0.051769,    0.001689,    0.001721,    0.000000
2020-09-08 24:00:00,320264.975108,    0.000000,    0.000000,    0.000000,  691.200426,  691.200000,    0.000000, -200.866604,    0.000000,    0.000000,    0.000000,    9.285532,119567.092569,    0.000000,    0.000000,   50.000000,    0.000000,    0.080000,   25.601593,   12.204045,   25.601593,  214.859292,  -47.316310,   -8.742366, -117.620833,    0.000000,    0.000000,    0.019726,    0.473060,    0.550444,   32.236058,    0.054201,    0.001689,    0.001721,    0.000000
2020-09-09 24:00:00,320192.780941,    0.000000,    0.000000,    0.000000,  699.840426,  699.840000,    0.000000, -102.059975,   30.385463,    0.000000,    0.000000,    9.284932,119554.089926,    0.000000,    0.000000,   50.000000,    0.000000,    0.080000,   25.275923,   12.227710,   25.275923,   98.615056,  -24.042669,   -3.133391,  -71.378921,    0.000000,    0.000000,    0.019321,    0.463931,    0.545107,   34.303476,    0.053765,    0.001689,    0.001721,    0.000000
2020-09-10 24:00:00,321091.556103,    0.000000,    0.000000,    0.000000,  864.000426,  864.000000,    0.000000,  -79.639011,  971.935198,    0.000000,    0.000000,    9.292395,119715.965228,    0.000000,    0.000000,   50.000000,    0.000000,    0.080000,   25.487268,   12.250991,   25.487268,  122.247135,  -18.734389,   -3.498971,  -71.236432,    0.000000,    0.000000,    0.026196,    0.615890,    0.628069,   20.790113,    0.053241,    0.001689,    0.001721,    0.000000
2020-09-11 24:00:00,320974.878418,    0.000000,    0.000000,    0.000000,  751.680426,  751.680000,    0.000000, -115.976969,    0.000000,    0.000000,    0.000000,    9.291426,119694.950812,    0.000000,    0.000000,   50.000000,    0.000000,    0.080000,   25.550070,   12.273433,   25.550070,  127.204339,  -27.282558,   -1.749072,  -79.620229,    0.000000,    0.000000,    0.020951,    0.500528,    0.566199,   30.440599,    0.052789,    0.001689,    0.001721,    0.000000
2020-09-12 24:00:00,320886.341867,    0.000000,    0.000000,    0.000000,  725.760426,  725.760000,    0.000000,  -87.991256,    0.000000,    0.000000,    0.000000,    9.290691,119679.004798,    0.000000,    0.000000,   50.000000,    0.000000,    0.080000,   24.839093,   12.294333,   24.839093,   50.511075,  -20.713883,   -6.954427,  -66.699264,    0.000000,    0.000000,    0.017583,    0.424513,    0.521436,   39.333582,    0.052344,    0.001689,    0.001721,    0.000000
2020-09-13 24:00:00,320781.530954,    0.000000,    0.000000,    0.000000,  717.120426,  717.120000,    0.000000, -104.150225,    0.000000,    0.000000,    0.000000,    9.289821,119660.127666,    0.000000,    0.000000,   50.000000,    0.000000,    0.080000,   25.263084,   12.315119,   25.263084,  158.461838,  -24.525129,   -5.841928,  -89.510136,    0.000000,    0.000000,    0.034302,    0.788063,    0.710454,   12.691534,    0.051877,    0.001689,    0.001721,    0.000000
2020-09-14 24:00:00,320577.059211,    0.000000,    0.000000,    0.000000,  665.280426,  665.280000,    0.000000, -203.136092,    0.000000,    0.000000,    0.000000,    9.288123,119623.300963,    0.000000,    0.000000,   50.000000,    0.000000,    0.080000,   25.208367,   12.335799,   25.208367,  171.342423,  -47.836237,   -5.613685,  -98.695807,    0.000000,    0.000000,    0.003531,    0.089123,    0.238919,  474.342448,    0.058848,    0.001689,    0.001721,    0.000000
2020-09-15 24:00:00,320317.220862,    0.000000,    0.000000,    0.000000,  604.800426,  604.800000,    0.000000, -258.050861,    0.000000,    0.000000,    0.000000,    9.285965,119576.502372,    0.000000,    0.000000,   50.000000,    0.000000,    0.080000,   24.162021,   12.354168,   24.162021,  147.949795,  -60.829901,  -18.724363, -133.591686,    0.000000,    0.000000,    0.021355,    0.509532,    0.571270,   26.512860,    0.058444,    0.001689,    0.001721,    0.000000
2020-09-16 24:00:00,320007.213820,    0.000000,    0.000000,    0.000000,  622.080426,  622.080000,    0.000000, -307.743097,    0.000000,    0.000000,    0.000000,    9.283391,119520.668070,    0.000000,    0.000000,   50.000000,    0.000000,    0.080000,   22.665607,   12.373349,   22.665607,  131.694782,  -72.705002,  -32.503268, -139.364516,    0.000000,    0.000000,    0.023548,    0.558055,    0.597852,   19.530152,    0.075007,    0.001689,    0.001721,    0.000000
2020-09-17 24:00:00,319917.496197,    0.000000,    0.000000,    0.000000, 1304.640426, 1304.640000,    0.000000, -119.411550,   30.375629,    0.000000,    0.000000,    9.282646,119504.509338,    0.000000,    0.000000,   50.000000,    0.000000,    0.080000,   21.700550,   12.390871,   21.700550,   23.629136,  -28.251991,  -12.812248,  -67.490180,    0.000000,    0.000000,    0.049982,    1.105352,    0.841406,    4.843704,    0.082263,    0.001689,    0.001721,    0.000000
2020-09-18 24:00:00,319528.550322,    0.000000,    0.000000,    0.000000,  838.080426,  838.080000,    0.000000, -385.850848,    0.000000,    0.000000,    0.000000,    9.279417,119434.457634,    0.000000,    0.000000,   50.000000,    0.000000,    0.080000,   21.199828,   12.407972,   21.199828,  166.742612,  -91.409462,  -15.590481,  -87.141615,    0.000000,    0.000000,    0.048015,    1.066435,    0.826461,    4.915164,    0.055994,    0.001689,    0.001721,    0.000000
2020-09-19 24:00:00,319122.004853,    0.000000,    0.000000,    0.000000,  622.080426,  622.080000,    0.000000, -403.069696,    0.000000,    0.000000,    0.000000,    9.276041,119361.236129,    0.000000,    0.000000,   50.000000,    0.000000,    0.080000,   20.109198,   12.425615,   20.109198,  168.791298,  -95.656846,  -32.446045, -135.965338,    0.000000,    0.000000,    0.018777,    0.451614,    0.537823,   20.362394,    0.053004,    0.001689,    0.001721,    0.000000
2020-09-20 24:00:00,318789.426585,    0.000000,    0.000000,    0.000000,  570.240426,  570.240000,    0.000000, -329.549168,    0.000000,    0.000000,    0.000000,    9.273279,119301.336601,    0.000000,    0.000000,   50.000000,    0.000000,    0.080000,   19.498265,   12.441744,   19.498265,  212.741406,  -78.312605,  -32.759865, -160.000002,    0.000000,    0.000000,    0.030268,    0.703090,    0.671060,    7.964926,    0.061500,    0.001689,    0.001721,    0.000000
2020-09-21 24:00:00,318521.296911,    0.000000,    0.000000,    0.000000,  561.600426,  561.600000,    0.000000, -265.566697,    0.000000,    0.000000,    0.000000,    9.271053,119253.044688,    0.000000,    0.000000,   50.000000,    0.000000,    0.080000,   19.147351,   12.456927,   19.147351,  208.133057,  -63.165976,  -23.796470, -153.996733,    0.000000,    0.000000,    0.020256,    0.484935,    0.557310,   14.230356,    0.063703,    0.001689,    0.001721,    0.000000
2020-09-22 24:00:00,318210.184816,    0.000000,    0.000000,    0.000000,  587.520426,  587.520000,    0.000000, -308.004721,    0.000000,    0.000000,    0.000000,    9.268469,119197.011359,    0.000000,    0.000000,   50.000000,    0.000000,    0.080000,   18.686981,   12.471380,   18.686981,  202.848022,  -73.342051,  -24.142993, -144.108627,    0.000000,    0.000000,    0.054668,    1.196856,    0.875541,    2.402046,    0.063026,    0.001689,    0.001721,    0.000000
2020-09-23 24:00:00,318021.546725,    0.000000,    0.000000,    0.000000,  552.960426,  552.960000,    0.000000, -186.682630,    0.000000,    0.000000,    0.000000,    9.266903,119163.036401,    0.000000,    0.000000,   50.000000,    0.000000,    0.080000,   19.129378,   12.485197,   19.129378,  171.332115,  -44.476251,   -5.967257, -104.405432,    0.000000,    0.000000,    0.033840,    0.778262,    0.706022,    4.902013,    0.062274,    0.001689,    0.001721,    0.000000
2020-09-24 24:00:00,317957.815939,    0.000000,    0.000000,    0.000000,  544.320426,  544.320000,    0.000000,  -63.058084,    0.000000,    0.000000,    0.000000,    9.266374,119151.558068,    0.000000,    0.000000,   50.000000,    0.000000,    0.080000,   18.715978,   12.497704,   18.715978,   63.459178,  -15.022381,   -3.875751,  -66.231501,    0.000000,    0.000000,    0.011329,    0.278724,    0.422515,   33.003389,    0.051285,    0.001689,    0.001721,    0.000000
2020-09-25 24:00:00,322007.409316,    0.000000,    0.000000,    0.000000, 1278.720426, 1278.720000,  493.528199,  -27.669067, 4522.649118,    0.000000,    0.000000,    9.300000,119880.916400,    0.000000,    0.000000,   50.000000,    0.000000,    0.080000,   18.277577,   12.508805,   18.277577,   23.850962,   -6.554130,   -3.305803,  -56.655602,    0.000000,    0.000000,    0.010712,    0.264036,    0.411232,   34.858604,    0.050173,    0.001689,    0.001721,    0.000000
2020-09-26 24:00:00,321987.429009,    0.000000,    0.000000,    0.000000,  829.440426,  829.440000,    0.000000,  -50.359935,   30.469733,    0.000000,    0.000000,    9.299834,119877.317816,    0.000000,    0.000000,   50.000000,    0.000000,    0.080000,   19.438524,   12.519410,   19.438524,  140.124333,  -11.915061,   -1.094823,  -66.692214,    0.000000,    0.000000,    0.019466,    0.467247,    0.547052,   11.558225,    0.053951,    0.001689,    0.001721,    0.000000
2020-09-27 24:00:00,321948.018416,    0.000000,    0.000000,    0.000000,  665.280426,  665.280000,    0.000000,  -39.229172,    0.000000,    0.000000,    0.000000,    9.299507,119870.219709,    0.000000,    0.000000,   50.000000,    0.000000,    0.080000,   19.894828,   12.529807,   19.894828,  134.274696,   -9.281064,   -0.997574,  -81.731023,    0.000000,    0.000000,    0.013002,    0.318361,    0.451560,   24.962500,    0.064113,    0.001689,    0.001721,    0.000000
2020-09-28 24:00:00,322007.409316,    0.000000,    0.000000,    0.000000,  682.560426,  682.560000,  417.486913,  -23.649434,  487.160676,    0.000000,    0.000000,    9.300000,119880.916400,    0.000000,    0.000000,   50.000000,    0.000000,    0.080000,   20.376292,   12.537892,   20.376292,  101.828793,   -5.592160,   -0.471242,  -61.610626,    0.000000,    0.000000,    0.037957,    0.863787,    0.743805,    4.571336,    0.064113,    0.001689,    0.001721,    0.000000
2020-09-29 24:00:00,322007.409316,    0.000000,    0.000000,    0.000000, 1391.040426, 1391.040000, 3817.882082, -199.565038, 3906.843650,    0.000000,    0.000000,    9.300000,119880.916400,    0.000000,    0.000000,   50.000000,    0.000000,    0.080000,   18.579927,   12.545591,   18.579927,   18.313070,  -47.225623,  -24.005675,  -55.532909,    0.000000,    0.000000,    0.022212,    0.528717,    0.581925,   11.147034,    0.073973,    0.001689,    0.001721,    0.000000
2020-09-30 24:00:00,321806.462724,    0.000000,    0.000000,    0.000000, 1045.440426, 1045.440000,    0.000000, -200.002766,    0.000000,    0.000000,    0.000000,    9.298331,119844.724601,    0.000000,    0.000000,   50.000000,    0.000000,    0.080000,   18.901719,   12.552949,   18.901719,  194.165463,  -47.371949,  -11.947614, -116.907720,    0.000000,    0.000000,    0.015602,    0.379036,    0.492715,   18.924677,    0.065291,    0.001689,    0.001721,    0.000000
2020-10-01 24:00:00,321576.147704,    0.000000,    0.000000,    0.000000,  673.920426,  673.920000,    0.000000, -229.159336,    0.000000,    0.000000,    0.000000,    9.296419,119803.243355,    0.000000,    0.000000,   50.000000,    0.000000,    0.103000,   18.681442,   12.559149,   18.681442,  145.158619,  -54.282068,   -3.070255, -100.759267,    0.000000,    0.000000,    0.013000,    0.318324,    0.451534,   25.708158,    0.061822,    0.001689,    0.001721,    0.000000
2020-10-02 24:00:00,321201.572692,    0.000000,    0.000000,    0.000000,  552.960426,  552.960000,    0.000000, -372.527033,    0.000000,    0.000000,    0.000000,    9.293309,119735.779938,    0.000000,    0.000000,   50.000000,    0.000000,    0.103000,   17.973408,   12.564259,   17.973408,  184.686311,  -88.350367,  -18.457763, -137.852081,    0.000000,    0.000000,    0.044891,    1.004332,    0.802036,    2.860586,    0.050581,    0.001689,    0.001721,    0.000000
2020-10-03 24:00:00,320974.596643,    0.000000,    0.000000,    0.000000,  518.400426,  518.400000,    0.000000, -225.632109,    0.000000,    0.000000,    0.000000,    9.291424,119694.900063,    0.000000,    0.000000,   50.000000,    0.000000,    0.103000,   17.702839,   12.568814,   17.702839,  172.709133,  -53.570702,  -22.170578, -140.710361,   32.733071,    0.000000,    0.012870,    0.315237,    0.449339,   19.294946,    0.082513,    0.001689,    0.001721,    0.000000
2020-10-04 24:00:00,320864.652507,    0.000000,    0.000000,    0.000000,  527.040426,  527.040000,    0.000000, -109.265220,    0.000000,    0.000000,    0.000000,    9.290511,119675.098402,    0.000000,    0.000000,   50.000000,    0.000000,    0.103000,   17.868869,   12.572202,   17.868869,  166.103051,  -25.951382,   -9.069236, -129.791712,   16.128311,    0.000000,    0.018117,    0.436671,    0.528850,   10.407366,    0.051366,    0.001689,    0.001721,    0.000000
2020-10-05 24:00:00,320589.001893,    0.000000,    0.000000,    0.000000,  518.400426,  518.400000,    0.000000, -273.870253,    0.000000,    0.000000,    0.000000,    9.288222,119625.451919,    0.000000,    0.000000,   50.000000,    0.000000,    0.103000,   17.318989,   12.573941,   17.318989,  183.372937,  -65.089718,  -16.790267, -135.868170,    0.000000,    0.000000,    0.028724,    0.670279,    0.655214,    4.827898,    0.088013,    0.001689,    0.001721,    0.000000
2020-10-06 24:00:00,320482.521243,    0.000000,    0.000000,    0.000000,  518.400426,  518.400000,    0.000000, -105.762078,    0.000000,    0.000000,    0.000000,    9.287338,119606.274055,    0.000000,    0.000000,   50.000000,    0.000000,    0.103000,   17.874695,   12.575015,   17.874695,  177.800126,  -25.141585,   -7.237675, -118.575036,    0.000000,    0.000000,    0.014289,    0.348522,    0.472466,   14.315556,    0.086617,    0.001689,    0.001721,    0.000000
2020-10-07 24:00:00,320302.777908,    0.000000,    0.000000,    0.000000,  518.400426,  518.400000,    0.000000, -178.491938,    0.000000,    0.000000,    0.000000,    9.285845,119573.901101,    0.000000,    0.000000,   50.000000,    0.000000,    0.103000,   18.594506,   12.573883,   18.594506,  171.458467,  -42.374003,   17.358776, -100.867729,    0.000000,    0.000000,    0.027312,    0.639952,    0.640220,    4.988809,    0.051874,    0.001689,    0.001721,    0.000000
2020-10-08 24:00:00,320060.099681,    0.000000,    0.000000,    0.000000,  475.200426,  475.200000,    0.000000, -240.912438,    0.000000,    0.000000,    0.000000,    9.283830,119530.193161,    0.000000,    0.000000,   50.000000,    0.000000,    0.103000,   18.432867,   12.568279,   18.432867,  173.470349,  -57.221430,   11.384822, -107.035135,    0.000000,    0.000000,    0.014939,    0.363646,    0.482608,   17.081382,    0.056960,    0.001689,    0.001721,    0.000000
2020-10-09 24:00:00,319929.461942,    0.000000,    0.000000,    0.000000,  449.280426,  449.280000,    0.000000, -129.650547,    0.000000,    0.000000,    0.000000,    9.282746,119506.664447,    0.000000,    0.000000,   50.000000,    0.000000,    0.103000,   18.210678,   12.560472,   18.210678,  120.481871,  -30.821634,   -3.909822, -103.423587,    0.000000,    0.000000,    0.004774,    0.119683,    0.276867,   99.380450,    0.056449,    0.001689,    0.001721,    0.000000
2020-10-10 24:00:00,321568.997978,    0.000000,    0.000000,    0.000000,  587.520426,  587.520000,    0.000000,  -12.214198, 1641.021625,    0.000000,    0.000000,    9.296360,119801.955642,    0.000000,    0.000000,   50.000000,    0.000000,    0.103000,   18.060320,   12.550981,   18.060320,   34.508618,   -2.896644,    0.338937,  -47.972438,    0.000000,    0.000000,    0.020411,    0.488467,    0.559336,   10.280015,    0.063442,    0.001689,    0.001721,    0.000000
2020-10-11 24:00:00,322007.409316,    0.000000,    0.000000,    0.000000, 1166.400426, 1166.400000, 2818.403124,    0.000000, 3171.344425,    0.000000,    0.000000,    9.300000,119880.916400,    0.000000,    0.000000,   50.000000,    0.000000,    0.103000,   18.052929,   12.540185,   18.052929,   23.656133,    0.000000,    6.752040,  -41.049732,    0.000000,    0.000000,    0.030894,    0.716660,    0.677504,    5.272966,    0.054576,    0.001689,    0.001721,    0.000000
2020-10-12 24:00:00,322007.409316,    0.000000,    0.000000,    0.000000,  889.920426,  889.920000,  157.208381,    0.000000,  152.311412,    0.000000,    0.000000,    9.300000,119880.916400,    0.000000,    0.000000,   50.000000,    0.000000,    0.103000,   18.345912,   12.528299,   18.345912,   39.793830,    0.000000,    7.851627,  -33.986228,    0.000000,    0.000000,    0.006061,    0.151291,    0.311288,   75.984074,    0.092637,    0.001689,    0.001721,    0.000000
2020-10-13 24:00:00,321761.172243,    0.000000,    0.000000,    0.000000,  708.480426,  708.480000,    0.000000, -275.546251,   30.469733,    0.000000,    0.000000,    9.297955,119836.567488,    0.000000,    0.000000,   50.000000,    0.000000,    0.103000,   18.191358,   12.515956,   18.191358,  154.611352,  -65.242102,   -0.438249,  -86.885106,    0.000000,    0.000000,    0.096039,    1.964154,    1.121613,    0.792989,    0.056446,    0.001689,    0.001721,    0.000000
2020-10-14 24:00:00,321484.669148,    0.000000,    0.000000,    0.000000,  613.440426,  613.440000,    0.000000, -275.088990,    0.000000,    0.000000,    0.000000,    9.295659,119786.767467,    0.000000,    0.000000,   50.000000,    0.000000,    0.103000,   17.988095,   12.502589,   17.988095,  158.583669,  -65.253714,   -7.158504, -125.543406,    0.000000,    0.000000,    0.018790,    0.451965,    0.538031,   10.077965,    0.083663,    0.001689,    0.001721,    0.000000
2020-10-15 24:00:00,321427.760389,    0.000000,    0.000000,    0.000000,  570.240426,  570.240000,    0.000000,  -56.603139,    0.000000,    0.000000,    0.000000,    9.295187,119776.517826,    0.000000,    0.000000,   50.000000,    0.000000,    0.103000,   18.419592,   12.488431,   18.419592,  129.446011,  -13.427156,    1.064286, -102.858711,    0.000000,    0.000000,    0.009335,    0.230950,    0.384605,   29.057837,    0.055072,    0.001689,    0.001721,    0.000000
2020-10-16 24:00:00,320995.174667,    0.000000,    0.000000,    0.000000,  535.680426,  535.680000,    0.000000, -430.107582,    0.000000,    0.000000,    0.000000,    9.291595,119698.606300,    0.000000,    0.000000,   50.000000,    0.000000,    0.103000,   16.471603,   12.473891,   16.471603,   67.913247, -102.178193,  -17.005050, -108.683043,    0.000000,    0.000000,    0.032432,    0.748926,    0.692588,    2.950636,    0.093408,    0.001689,    0.001721,    0.000000
2020-10-17 24:00:00,320693.541202,    0.000000,    0.000000,    0.000000,  518.400426,  518.400000,    0.000000, -299.738567,    0.000000,    0.000000,    0.000000,    9.289090,119644.280134,    0.000000,    0.000000,   50.000000,    0.000000,    0.103000,   15.751931,   10.929515,   15.751931,  156.983123,  -71.343505,  -27.577053, -145.303103,    0.000000,    0.000000,    0.004317,    0.108453,    0.263558,   57.897771,    0.087665,    0.001689,    0.001721,    0.000000
2020-10-18 24:00:00,320506.047553,    0.000000,    0.000000,    0.000000,  518.400426,  518.400000,    0.000000, -186.246427,    0.000000,    0.000000,    0.000000,    9.287533,119610.511298,    0.000000,    0.000000,   50.000000,    0.000000,    0.103000,   15.506552,   11.048868,   15.506552,  151.036385,  -44.356880,  -17.551025, -129.383938,    0.000000,    0.000000,    0.020676,    0.494372,    0.562707,    4.342825,    0.095967,    0.001689,    0.001721,    0.000000
2020-10-19 24:00:00,320375.343820,    0.000000,    0.000000,    0.000000,  527.040426,  527.040000,    0.000000, -129.802998,    0.000000,    0.000000,    0.000000,    9.286448,119586.970698,    0.000000,    0.000000,   50.000000,    0.000000,    0.103000,   15.897608,   11.226035,   15.897608,  146.779469,  -30.922407,   -9.682978, -106.771700,    0.000000,    0.000000,    0.015990,    0.387976,    0.498492,    5.885554,    0.095967,    0.001689,    0.001721,    0.000000
2020-10-20 24:00:00,320291.808329,    0.000000,    0.000000,    0.000000,  535.680426,  535.680000,    0.000000,  -82.946416,    0.000000,    0.000000,    0.000000,    9.285754,119571.925408,    0.000000,    0.000000,   50.000000,    0.000000,    0.103000,   16.444471,   11.376780,   16.444471,  143.626858,  -19.750165,   -3.221260,  -96.550189,    0.000000,    0.000000,    0.020810,    0.497375,    0.564414,    3.976314,    0.055804,    0.001689,    0.001721,    0.000000
2020-10-21 24:00:00,320237.421081,    0.000000,    0.000000,    0.000000,  535.680426,  535.680000,    0.000000,  -53.998228,    0.000000,    0.000000,    0.000000,    9.285303,119562.129908,    0.000000,    0.000000,   50.000000,    0.000000,    0.103000,   17.086462,   11.504618,   17.086462,  144.965504,  -12.853131,    2.226777,  -81.836828,    0.000000,    0.000000,    0.020132,    0.482173,    0.555721,    5.512888,    0.053303,    0.001689,    0.001721,    0.000000
2020-10-22 24:00:00,320175.942914,    0.000000,    0.000000,    0.000000,  535.680426,  535.680000,    0.000000,  -61.033078,    0.000000,    0.000000,    0.000000,    9.284792,119551.057287,    0.000000,    0.000000,   50.000000,    0.000000,    0.103000,   17.833661,   11.612544,   17.833661,  143.681902,  -14.506362,    2.001513,  -86.367215,    0.000000,    0.000000,    0.015201,    0.369730,    0.486629,    9.980957,    0.063076,    0.001689,    0.001721,    0.000000
2020-10-23 24:00:00,320109.307420,    0.000000,    0.000000,    0.000000,  535.680426,  535.680000,    0.000000,  -66.146657,    0.000000,    0.000000,    0.000000,    9.284239,119539.055797,    0.000000,    0.000000,   50.000000,    0.000000,    0.103000,   18.373050,   11.703129,   18.373050,  146.453735,  -15.717626,    1.870564,  -83.809467,    0.000000,    0.000000,    0.015594,    0.378831,    0.492582,   11.694683,    0.053546,    0.001689,    0.001721,    0.000000
2020-10-24 24:00:00,320571.502360,    0.000000,    0.000000,    0.000000,  535.680426,  535.680000,    0.000000,  -87.711058,  546.505551,    0.000000,    0.000000,    9.288077,119622.300138,    0.000000,    0.000000,   50.000000,    0.000000,    0.103000,   18.449010,   11.785581,   18.449010,   99.477306,  -20.821015,    2.618797,  -65.414865,    0.000000,    0.000000,    0.011845,    0.291013,    0.431729,   20.825890,    0.066587,    0.001689,    0.001721,    0.000000
2020-10-25 24:00:00,322007.409316,    0.000000,    0.000000,    0.000000,  967.680426,  967.680000,  444.939455, -118.921527, 1977.287009,    0.000000,    0.000000,    9.300000,119880.916400,    0.000000,    0.000000,   50.000000,    0.000000,    0.103000,   17.092973,   11.849297,   17.092973,   23.801268,  -28.195433,  -17.352109,  -64.175149,    0.000000,    0.000000,    0.007499,    0.186429,    0.345551,   40.067191,    0.062506,    0.001689,    0.001721,    0.000000
2020-10-26 24:00:00,321903.569490,    0.000000,    0.000000,    0.000000,  630.720426,  630.720000,    0.000000, -103.359468,    0.000000,    0.000000,    0.000000,    9.299138,119862.214166,    0.000000,    0.000000,   50.000000,    0.000000,    0.103000,   17.517642,   11.902993,   17.517642,  142.562801,  -24.520844,  -10.159008,  -81.709546,    0.000000,    0.000000,    0.014556,    0.354749,    0.476668,   13.826412,    0.075500,    0.001689,    0.001721,    0.000000
2020-10-27 24:00:00,321841.696077,    0.000000,    0.000000,    0.000000,  604.800426,  604.800000,    0.000000,  -61.579630,    0.000000,    0.000000,    0.000000,    9.298624,119851.070359,    0.000000,    0.000000,   50.000000,    0.000000,    0.103000,   17.028627,   11.947157,   17.028627,   57.885765,  -14.612388,   -4.858384,  -74.100459,    0.000000,    0.000000,    0.004776,    0.119739,    0.276932,   79.006783,    0.074775,    0.001689,    0.001721,    0.000000
2020-10-28 24:00:00,321906.502807,    0.000000,    0.000000,    0.000000,  596.160426,  596.160000,    0.000000,  -26.841055,   91.332805,    0.000000,    0.000000,    9.299162,119862.742476,    0.000000,    0.000000,   50.000000,    0.000000,    0.103000,   16.868806,   11.979376,   16.868806,   35.710069,   -6.371072,   -1.592387,  -52.549814,    0.000000,    0.000000,    0.005473,    0.136851,    0.296060,   62.275518,    0.057796,    0.001689,    0.001721,    0.000000
2020-10-29 24:00:00,322007.409316,    0.000000,    0.000000,    0.000000, 3862.080426, 3862.080000, 6170.988093,  -11.273524, 6113.059670,    0.000000,    0.000000,    9.300000,119880.916400,    0.000000,    0.000000,   50.000000,    0.000000,    0.103000,   17.269981,   12.004858,   17.269981,   48.320482,   -2.672812,   10.082217,  -37.386971,    0.000000,    0.000000,    0.038316,    0.871543,    0.747136,    2.783416,    0.057796,    0.001689,    0.001721,    0.000000
2020-10-30 24:00:00,321542.153092,    0.000000,    0.000000,    0.000000, 1745.280426, 1745.280000,    0.000000, -493.454371,   30.469567,    0.000000,    0.000000,    9.296137,119797.120702,    0.000000,    0.000000,   50.000000,    0.000000,    0.103000,   15.539195,   12.023149,   15.539195,   96.557738, -117.232365,  -40.771241, -105.879547,    0.000000,    0.000000,    0.072012,    1.526944,    0.988933,    0.555557,    0.092137,    0.001689,    0.001721,    0.000000
2020-10-31 24:00:00,321286.810779,    0.000000,    0.000000,    0.000000, 1235.520426, 1235.520000,    0.000000, -253.955653,    0.000000,    0.000000,    0.000000,    9.294016,119751.131877,    0.000000,    0.000000,   50.000000,    0.000000,    0.103000,   14.793890,   10.860279,   14.793890,  122.325143,  -60.449984,  -30.598308, -125.943612,    0.000000,    0.000000,    0.022868,    0.543115,    0.589795,    2.927328,    0.062399,    0.001689,    0.001721,    0.000000
2020-11-01 24:00:00,322007.409316,    0.000000,    0.000000,    0.000000, 1598.400426, 1598.400000,  607.921191, -307.887361, 1613.222335,    0.000000,    0.000000,    9.300000,119880.916400,    0.000000,    0.000000,   50.000000,    0.000000,    0.138000,   14.194013,   10.990682,   14.194013,  104.955951,  -73.232537,  -19.167063,  -91.082169,    0.000000,    0.000000,    0.050024,    1.106436,    0.841819,    0.587933,    0.053044,    0.001689,    0.001721,    0.000000
2020-11-02 24:00:00,321508.669836,    0.000000,    0.000000,    0.000000, 1425.600426, 1425.600000,    0.000000, -496.290034,    0.000000,    0.000000,    0.000000,    9.295859,119791.090148,    0.000000,    0.000000,   50.000000,    0.000000,    0.138000,   12.717360,    8.029617,   12.717360,  139.606405, -118.321498,  -57.440834, -156.404575,    0.000000,    0.000000,    0.016127,    0.391156,    0.500530,    1.979086,    0.072322,    0.001689,    0.001721,    0.000000
2020-11-03 24:00:00,321065.144518,    0.000000,    0.000000,    0.000000, 1226.880426, 1226.880000,    0.000000, -441.035945,    0.000000,    0.000000,    0.000000,    9.292176,119711.208329,    0.000000,    0.000000,   50.000000,    0.000000,    0.138000,   11.942346,    8.455448,   11.942346,  134.472849, -105.359186,  -20.387619, -122.535447,    0.000000,    0.000000,    0.027177,    0.637092,    0.638788,    0.736240,    0.079117,    0.001689,    0.001721,    0.000000
2020-11-04 24:00:00,320880.307683,    0.000000,    0.000000,    0.000000, 1071.360426, 1071.360000,    0.000000, -183.710223,    0.000000,    0.000000,    0.000000,    9.290641,119677.918002,    0.000000,    0.000000,   50.000000,    0.000000,    0.138000,   12.031750,    8.813064,   12.031750,  131.403917,  -43.904623,   -5.357543, -107.552455,    0.000000,    0.000000,    0.023555,    0.558220,    0.597941,    1.176830,    0.053967,    0.001689,    0.001721,    0.000000
2020-11-05 24:00:00,320751.142325,    0.000000,    0.000000,    0.000000,  984.960426,  984.960000,    0.000000, -128.347603,    0.000000,    0.000000,    0.000000,    9.289568,119654.654474,    0.000000,    0.000000,   50.000000,    0.000000,    0.138000,   12.141567,    9.130983,   12.141567,  128.439514,  -30.673066,   -5.133516, -105.993884,    0.000000,    0.000000,    0.026474,    0.621878,    0.631114,    0.995683,    0.075756,    0.001689,    0.001721,    0.000000
2020-11-06 24:00:00,320608.760176,    0.000000,    0.000000,    0.000000,  881.280426,  881.280000,    0.000000, -141.451878,    0.000000,    0.000000,    0.000000,    9.288386,119629.010515,    0.000000,    0.000000,   50.000000,    0.000000,    0.138000,   12.231758,    9.414753,   12.231758,  127.017020,  -33.812201,    4.577087,  -95.925708,    0.000000,    0.000000,    0.036185,    0.827151,    0.727860,    0.689198,    0.084276,    0.001689,    0.001721,    0.000000
2020-11-07 24:00:00,320543.135469,    0.000000,    0.000000,    0.000000,  794.880426,  794.880000,    0.000000,  -65.185812,    0.000000,    0.000000,    0.000000,    9.287841,119617.191075,    0.000000,    0.000000,   50.000000,    0.000000,    0.138000,   12.995979,    9.665508,   12.995979,  124.177140,  -15.577574,    1.195917,  -91.839430,    0.000000,    0.000000,    0.029148,    0.679341,    0.659628,    0.920070,    0.084276,    0.001689,    0.001721,    0.000000
2020-11-08 24:00:00,320530.262674,    0.000000,    0.000000,    0.000000,  725.760426,  725.760000,    0.000000,  -12.786260,    0.000000,    0.000000,    0.000000,    9.287734,119614.872600,    0.000000,    0.000000,   50.000000,    0.000000,    0.138000,   13.431672,    9.886828,   13.431672,  113.114472,   -3.054128,    5.705964,  -81.299226,    0.000000,    0.000000,    0.023138,    0.549048,    0.593008,    1.954716,    0.058185,    0.001689,    0.001721,    0.000000
2020-11-09 24:00:00,320514.184384,    0.000000,    0.000000,    0.000000,  691.200426,  691.200000,    0.000000,  -15.969760,    0.000000,    0.000000,    0.000000,    9.287601,119611.976795,    0.000000,    0.000000,   50.000000,    0.000000,    0.138000,   14.384080,   10.081855,   14.384080,  112.744905,   -3.809268,    8.869903,  -63.991342,    0.000000,    0.000000,    0.001266,    0.033526,    0.146537,  185.595200,    0.097663,    0.001689,    0.001721,    0.000000
2020-11-10 24:00:00,320661.878645,    0.000000,    0.000000,    0.000000,  708.480426,  708.480000,    0.000000,   -5.267193,  151.969653,    0.000000,    0.000000,    9.288827,119638.577500,    0.000000,    0.000000,   50.000000,    0.000000,    0.138000,   15.490376,   10.253594,   15.490376,   71.134944,   -1.254515,   11.638540,  -23.169455,    0.000000,    0.000000,    0.018383,    0.442722,    0.532502,    5.228109,    0.053766,    0.001689,    0.001721,    0.000000
2020-11-11 24:00:00,322007.409316,    0.000000,    0.000000,    0.000000, 5365.440426, 5365.440000, 6601.001719,    0.000000, 7757.273788,    0.000000,    0.000000,    9.300000,119880.916400,    0.000000,    0.000000,   50.000000,    0.000000,    0.138000,   15.912875,   10.404572,   15.912875,   13.090567,    0.000000,   12.138260,  -16.921575,    0.000000,    0.000000,    0.022230,    0.529197,    0.582189,    4.615593,    0.077312,    0.001689,    0.001721,    0.000000
2020-11-12 24:00:00,322007.409316,    0.000000,    0.000000,    0.000000,11672.640426,11672.640000, 4209.599114,  -32.976402, 4121.843642,    0.000000,    0.000000,    9.300000,119880.916400,    0.000000,    0.000000,   50.000000,    0.000000,    0.138000,   15.100438,   10.537048,   15.100438,   13.868471,   -7.838732,   -1.902744,  -36.111233,    0.000000,    0.000000,    0.002558,    0.065256,    0.204440,  135.198250,    0.070428,    0.001689,    0.001721,    0.000000
2020-11-13 24:00:00,321888.982956,    0.000000,    0.000000,    0.000000, 9504.000426, 9504.000000,    0.000000, -178.770174,   60.889333,    0.000000,    0.000000,    9.299017,119859.587036,    0.000000,    0.000000,   50.000000,    0.000000,    0.138000,   14.683896,   10.652079,   14.683896,  107.855633,  -42.506072,   -5.375352,  -84.740137,    0.000000,    0.000000,    0.022186,    0.528034,    0.581549,    4.476276,    0.073045,    0.001689,    0.001721,    0.000000
2020-11-14 24:00:00,321721.116346,    0.000000,    0.000000,    0.000000, 8640.000426, 8640.000000,    0.000000, -167.052428,    0.000000,    0.000000,    0.000000,    9.297623,119829.353158,    0.000000,    0.000000,   50.000000,    0.000000,    0.138000,   13.993052,   10.751846,   13.993052,  109.376820,  -39.774903,  -13.026148, -114.435791,    0.000000,    0.000000,    0.012232,    0.300181,    0.438477,    9.993595,    0.074286,    0.001689,    0.001721,    0.000000
2020-11-15 24:00:00,321555.806112,    0.000000,    0.000000,    0.000000, 8346.240426, 8346.240000,    0.000000, -164.467759,    0.000000,    0.000000,    0.000000,    9.296250,119799.579700,    0.000000,    0.000000,   50.000000,    0.000000,    0.138000,   13.210704,   10.838297,   13.210704,   16.572624,  -39.200458,    3.268330,  -63.352872,    0.000000,    0.000000,    0.040591,    0.917578,    0.766614,    0.945347,    0.060289,    0.001689,    0.001721,    0.000000
2020-11-16 24:00:00,321149.324038,    0.000000,    0.000000,    0.000000, 8112.960426, 8112.960000,    0.000000, -404.237797,    0.000000,    0.000000,    0.000000,    9.292875,119726.369613,    0.000000,    0.000000,   50.000000,    0.000000,    0.138000,   12.144438,   10.919433,   12.144438,  120.585861,  -96.506398,  -16.672225, -137.891431,    0.000000,    0.000000,    0.018788,    0.451915,    0.538002,    1.529744,    0.052554,    0.001689,    0.001721,    0.000000
2020-11-17 24:00:00,320741.295007,    0.000000,    0.000000,    0.000000, 8069.760426, 8069.760000,    0.000000, -405.528123,    0.000000,    0.000000,    0.000000,    9.289487,119652.880907,    0.000000,    0.000000,   50.000000,    0.000000,    0.138000,   10.803482,   10.146101,   10.803482,   76.923389,  -96.992272,  -34.828116, -131.130379,    0.000000,    0.000000,    0.077398,    1.626565,    1.020684,    0.041476,    0.062358,    0.001689,    0.001721,    0.000000
2020-11-18 24:00:00,320410.800397,    0.000000,    0.000000,    0.000000, 7931.520426, 7931.520000,    0.000000, -328.285656,    0.000000,    0.000000,    0.000000,    9.286742,119593.356660,    0.000000,    0.000000,   50.000000,    0.000000,    0.138000,    9.838055,    9.186688,    9.838055,  116.993236,  -78.656643,  -38.391871, -141.869237,    4.042706,    0.000000,    0.020811,    0.497395,    0.564425,    0.333357,    0.063047,    0.001689,    0.001721,    0.000000
2020-11-19 24:00:00,320248.104628,    0.000000,    0.000000,    0.000000, 7516.800426, 7516.800000,    0.000000, -161.547538,    0.000000,    0.000000,    0.000000,    9.285391,119564.054085,    0.000000,    0.000000,   50.000000,    0.000000,    0.138000,    9.508878,    9.117133,    9.508878,  111.468246,  -38.736562,  -15.599989, -122.004050,    0.000000,    0.000000,    0.025492,    0.600560,    0.620203,    0.197828,    0.072367,    0.001689,    0.001721,    0.000000
2020-11-20 24:00:00,320054.332668,    0.000000,    0.000000,    0.000000, 6912.000426, 6912.000000,    0.000000, -192.352941,    0.000000,    0.000000,    0.000000,    9.283782,119529.154484,    0.000000,    0.000000,   50.000000,    0.000000,    0.138000,    9.538821,    9.112743,    9.538821,  111.978099,  -46.153667,    5.040088, -100.692316,    0.000000,    0.000000,    0.047421,    1.054701,    0.821902,    0.093473,    0.073931,    0.001689,    0.001721,    0.000000
2020-11-21 24:00:00,319970.504638,    0.000000,    0.000000,    0.000000, 6134.400426, 6134.400000,    0.000000,  -83.196858,    0.000000,    0.000000,    0.000000,    9.283086,119514.056506,    0.000000,    0.000000,   50.000000,    0.000000,    0.138000,   10.356963,    9.291353,   10.356963,  104.147447,  -19.964052,   24.099441,  -74.707259,    0.000000,    0.000000,    0.020808,    0.497322,    0.564383,    0.746544,    0.053360,    0.001689,    0.001721,    0.000000
2020-11-22 24:00:00,319958.653107,    0.000000,    0.000000,    0.000000, 5114.880426, 5114.880000,    0.000000,  -11.761754,    0.000000,    0.000000,    0.000000,    9.282988,119511.921967,    0.000000,    0.000000,   50.000000,    0.000000,    0.138000,   10.612689,    9.389723,   10.612689,   61.526992,   -2.820190,    9.154951,  -57.818385,    0.000000,    0.000000,    0.005237,    0.131056,    0.289724,    8.776846,    0.055687,    0.001689,    0.001721,    0.000000
2020-11-23 24:00:00,319799.286771,    0.000000,    0.000000,    0.000000, 4440.960426, 4440.960000,    0.000000, -249.220382,   91.080844,    0.000000,    0.000000,    9.281665,119483.219045,    0.000000,    0.000000,   50.000000,    0.000000,    0.138000,    9.785168,    9.446417,    9.785168,  109.708870,  -59.772837,  -16.616187, -100.465995,    0.000000,    0.000000,    0.023133,    0.548912,    0.592935,    0.314154,    0.082655,    0.001689,    0.001721,    0.000000
2020-11-24 24:00:00,321894.423530,    0.000000,    0.000000,    0.000000, 3723.840426, 3723.840000,    0.000000, -136.962101, 2216.594121,    0.000000,    0.000000,    9.299062,119860.566919,    0.000000,    0.000000,   50.000000,    0.000000,    0.138000,    9.435611,    8.590346,    9.435611,   90.061362,  -32.766823,  -14.114781, -103.566898,    0.000000,    0.000000,    0.018390,    0.442901,    0.532609,    0.283957,    0.092944,    0.001689,    0.001721,    0.000000
2020-11-25 24:00:00,321800.679554,    0.000000,    0.000000,    0.000000, 3170.880426, 3170.880000,    0.000000,  -93.295213,    0.000000,    0.000000,    0.000000,    9.298283,119843.683014,    0.000000,    0.000000,   50.000000,    0.000000,    0.138000,    9.313796,    8.882783,    9.313796,   38.603726,  -22.331027,   -3.264302,  -55.801675,    0.000000,    0.000000,    0.028876,    0.673586,    0.656829,    0.109762,    0.080346,    0.001689,    0.001721,    0.000000
2020-11-26 24:00:00,321762.342713,    0.000000,    0.000000,    0.000000, 2911.680426, 2911.680000,    0.000000,  -38.149718,    0.000000,    0.000000,    0.000000,    9.297965,119836.778297,    0.000000,    0.000000,   50.000000,    0.000000,    0.138000,   10.119856,    9.141095,   10.119856,  103.723789,   -9.121870,   13.387569,  -63.782507,    0.000000,    0.000000,    0.038095,    0.866592,    0.745011,    0.237402,    0.066285,    0.001689,    0.001721,    0.000000
2020-11-27 24:00:00,321689.559101,    0.000000,    0.000000,    0.000000, 2687.040426, 2687.040000,    0.000000,  -72.421964,    0.000000,    0.000000,    0.000000,    9.297361,119823.669491,    0.000000,    0.000000,   50.000000,    0.000000,    0.138000,    9.967842,    9.271218,    9.967842,   91.461315,  -17.320743,   -2.432426,  -88.505761,    0.000000,    0.000000,    0.036488,    0.833488,    0.730643,    0.256341,    0.083236,    0.001689,    0.001721,    0.000000
2020-11-28 24:00:00,321524.366529,    0.000000,    0.000000,    0.000000, 2505.600426, 2505.600000,    0.000000, -164.342317,    0.000000,    0.000000,    0.000000,    9.295989,119793.917225,    0.000000,    0.000000,   50.000000,    0.000000,    0.138000,    9.685383,    9.211641,    9.685383,  103.413993,  -39.323472,   -3.068858, -102.897694,    0.000000,    0.000000,    0.037215,    0.848480,    0.737184,    0.120308,    0.088554,    0.001689,    0.001721,    0.000000
2020-11-29 24:00:00,322007.409316,    0.000000,    0.000000,    0.000000, 2332.800426, 2332.800000,   84.344608, -137.688680,  699.827310,    0.000000,    0.000000,    9.300000,119880.916400,    0.000000,    0.000000,   50.000000,    0.000000,    0.138000,    9.508348,    8.522965,    9.508348,   82.825368,  -32.938686,   -8.295739,  -90.246757,    0.000000,    0.000000,    0.007984,    0.198239,    0.356328,    2.091870,    0.083154,    0.001689,    0.001721,    0.000000
2020-11-30 24:00:00,322007.409316,    0.000000,    0.000000,    0.000000, 4726.080426, 4726.080000, 3685.245812, -114.886948, 3693.266326,    0.000000,    0.000000,    9.300000,119880.916400,    0.000000,    0.000000,   50.000000,    0.000000,    0.138000,    9.228070,    8.887981,    9.228070,   45.473527,  -27.483239,  -10.428648,  -61.054616,    0.000000,    0.000000,    0.057562,    1.253690,    0.896088,    0.001143,    0.052039,    0.001689,    0.001721,    0.000000
2020-12-01 24:00:00,321673.091013,    0.000000,    0.000000,    0.000000, 4138.560426, 4138.560000,    0.000000, -332.715573,    0.000000,    0.000000,    0.000000,    9.297224,119820.703480,    0.000000,    0.000000,   50.000000,    0.000000,    0.161000,    8.052977,    6.965105,    8.052977,   45.953661,  -79.702402,  -53.432837,  -88.676572,    0.000000,    0.000000,    0.038534,    0.875580,    0.748865,    0.074872,    0.066663,    0.001689,    0.001721,    0.000000
2020-12-02 24:00:00,321311.027004,    0.000000,    0.000000,    0.000000, 3481.920426, 3481.920000,    0.000000, -360.140880,    0.000000,    0.000000,    0.000000,    9.294218,119755.493377,    0.000000,    0.000000,   50.000000,    0.000000,    0.161000,    7.116053,    6.146943,    7.116052,  102.216042,  -86.411193,  -32.938020, -125.859024,    0.000000,    0.000000,    0.025639,    0.603811,    0.621879,    0.090201,    0.073547,    0.001689,    0.001721,    0.000000
2020-12-03 24:00:00,321139.809245,    0.000000,    0.000000,    0.000000, 3067.200426, 3067.200000,    0.000000, -170.238906,    0.000000,    0.000000,    0.000000,    9.292796,119724.655936,    0.000000,    0.000000,   50.000000,    0.000000,    0.161000,    6.837247,    6.293761,    6.837247,   95.321929,  -40.885242,  -13.506552, -107.190206,    0.000000,    0.000000,    0.021770,    0.518788,    0.576435,    0.147350,    0.093242,    0.001689,    0.001721,    0.000000
2020-12-04 24:00:00,322007.409316,    0.000000,    0.000000,    0.000000, 3360.960426, 3360.960000, 2833.130015,  -45.555034, 3657.642332,    0.000000,    0.000000,    9.300000,119880.916400,    0.000000,    0.000000,   50.000000,    0.000000,    0.161000,    7.105575,    6.673162,    7.105575,   28.629653,  -10.928392,    2.579245,  -38.864185,    0.000000,    0.000000,    0.050665,    1.119255,    0.846681,    0.009452,    0.072525,    0.001689,    0.001721,    0.000000
2020-12-05 24:00:00,322007.409316,    0.000000,    0.000000,    0.000000, 6194.880426, 6194.880000,  151.381782, -127.414293,  274.061335,    0.000000,    0.000000,    9.300000,119880.916400,    0.000000,    0.000000,   50.000000,    0.000000,    0.161000,    7.011503,    6.728952,    7.011503,   32.821105,  -30.562936,   -3.310034,  -57.619775,    0.000000,    0.000000,    0.020686,    0.494643,    0.562861,    0.004169,    0.079760,    0.001689,    0.001721,    0.000000
2020-12-06 24:00:00,321889.345214,    0.000000,    0.000000,    0.000000, 5590.080426, 5590.080000,    0.000000, -117.516641,    0.000000,    0.000000,    0.000000,    9.299020,119859.652281,    0.000000,    0.000000,   50.000000,    0.000000,    0.161000,    6.631065,    6.508519,    6.631065,   95.482362,  -28.199755,  -11.971627, -105.091394,    0.000000,    0.000000,    0.016129,    0.391204,    0.500561,    0.008289,    0.074656,    0.001689,    0.001721,    0.000000
2020-12-07 24:00:00,321855.225018,    0.000000,    0.000000,    0.000000, 5201.280426, 5201.280000,    0.000000, -155.722275,  121.757576,    0.000000,    0.000000,    9.298736,119853.507010,    0.000000,    0.000000,   50.000000,    0.000000,    0.161000,    6.052455,    5.984650,    6.052455,   22.123097,  -37.382030,  -26.725318,  -66.069651,    0.000000,    0.000000,    0.054730,    1.198463,    0.876128,    0.000048,    0.076982,    0.001689,    0.001721,    0.000000
2020-12-08 24:00:00,321543.879307,    0.000000,    0.000000,    0.000000, 4769.280426, 4769.280000,    0.000000, -340.248158,   30.459920,    0.000000,    0.000000,    9.296151,119797.431605,    0.000000,    0.000000,   50.000000,    0.000000,    0.161000,    4.956131,    4.864242,    4.956130,   97.814327,  -81.785248,  -51.836469, -126.169747,    0.000000,    0.000000,    0.025223,    0.594761,    0.617201,    0.003752,    0.098029,    0.001689,    0.001721,    0.000000
2020-12-09 24:00:00,321357.577046,    0.000000,    0.000000,    0.000000, 4233.600426, 4233.600000,    0.000000, -185.300391,    0.000000,    0.000000,    0.000000,    9.294604,119763.877345,    0.000000,    0.000000,   50.000000,    0.000000,    0.161000,    4.713201,    4.528830,    4.713201,   71.354354,  -44.587709,  -18.647480,  -89.634357,    0.000000,    0.000000,    0.029155,    0.679533,    0.659722,    0.000318,    0.078786,    0.001689,    0.001721,    0.000000
2020-12-10 24:00:00,321317.681022,    0.000000,    0.000000,    0.000000, 3732.480426, 3732.480000,    0.000000,  -39.674766,    0.000000,    0.000000,    0.000000,    9.294273,119756.691810,    0.000000,    0.000000,   50.000000,    0.000000,    0.161000,    5.238989,    4.525794,    5.238989,   82.188340,   -9.546333,    8.776864,  -77.125347,    0.000000,    0.000000,    0.007739,    0.192277,    0.350929,    0.214020,    0.056143,    0.001689,    0.001721,    0.000000
2020-12-11 24:00:00,321291.380184,    0.000000,    0.000000,    0.000000, 3343.680426, 3343.680000,    0.000000,  -26.153803,    0.000000,    0.000000,    0.000000,    9.294054,119751.954856,    0.000000,    0.000000,   50.000000,    0.000000,    0.161000,    5.709912,    4.766584,    5.709912,   91.952750,   -6.290190,   10.295319,  -76.144069,    0.000000,    0.000000,    0.015469,    0.375936,    0.490696,    0.161285,    0.058793,    0.001689,    0.001721,    0.000000
2020-12-12 24:00:00,321291.174725,    0.000000,    0.000000,    0.000000, 3101.760426, 3101.760000,    0.000000,   -0.204727,    0.000000,    0.000000,    0.000000,    9.294053,119751.917852,    0.000000,    0.000000,   50.000000,    0.000000,    0.161000,    6.426517,    4.990580,    6.426517,   78.519666,   -0.049223,   27.926604,  -48.498474,    0.000000,    0.000000,    0.011467,    0.282021,    0.425007,    0.733818,    0.050057,    0.001689,    0.001721,    0.000000
2020-12-13 24:00:00,321267.596810,    0.000000,    0.000000,    0.000000, 2954.880426, 2954.880000,    0.000000,  -23.445273,    0.000000,    0.000000,    0.000000,    9.293857,119747.671315,    0.000000,    0.000000,   50.000000,    0.000000,    0.161000,    7.098410,    5.204864,    7.098410,   94.267240,   -5.627587,   18.094109,  -64.620248,    0.000000,    0.000000,    0.026618,    0.625019,    0.632706,    0.357379,    0.065119,    0.001689,    0.001721,    0.000000
2020-12-14 24:00:00,322007.409316,    0.000000,    0.000000,    0.000000, 4881.600426, 4881.600000, 2911.577333, -127.805164, 3688.974672,    0.000000,    0.000000,    9.300000,119880.916400,    0.000000,    0.000000,   50.000000,    0.000000,    0.161000,    6.487055,    5.430134,    6.487055,   40.891065,  -30.664082,  -11.393751,  -68.945993,    0.000000,    0.000000,    0.106205,    2.144456,    1.171963,    0.004053,    0.068046,    0.001689,    0.001721,    0.000000
2020-12-15 24:00:00,321885.679162,    0.000000,    0.000000,    0.000000, 4959.360426, 4959.360000,    0.000000, -121.165437,    0.000000,    0.000000,    0.000000,    9.298989,119858.992001,    0.000000,    0.000000,   50.000000,    0.000000,    0.161000,    5.770318,    5.444351,    5.770318,   90.840035,  -29.092956,  -19.733781, -123.313260,    0.000000,    0.000000,    0.014686,    0.357783,    0.478702,    0.065408,    0.061255,    0.001689,    0.001721,    0.000000
2020-12-16 24:00:00,322007.409316,    0.000000,    0.000000,    0.000000, 5184.000426, 5184.000000, 1297.696388,  -52.821027, 1432.000771,    0.000000,    0.000000,    9.300000,119880.916400,    0.000000,    0.000000,   50.000000,    0.000000,    0.161000,    5.454879,    4.976046,    5.454879,   10.319880,  -12.685793,  -11.518839,  -58.090249,    0.000000,    0.000000,    0.007863,    0.195306,    0.353683,   11.519238,    0.096062,    0.001689,    0.001721,    0.000000
2020-12-17 24:00:00,322007.409316,    0.000000,    0.000000,    0.000000, 5667.840426, 5667.840000,  902.017098,  -70.250796,  944.507870,    0.000000,    0.000000,    9.300000,119880.916400,    0.000000,    0.000000,   50.000000,    0.000000,    0.161000,    5.389096,    5.359410,    5.389096,   27.674366,  -16.874504,   -7.426707,  -43.340879,    0.000000,    0.000000,    0.054289,    1.189991,    0.873026,    0.000511,    0.057552,    0.001689,    0.001721,    0.000000
2020-12-18 24:00:00,321822.583653,    0.000000,    0.000000,    0.000000, 5374.080426, 5374.080000,    0.000000, -183.959589,    0.000000,    0.000000,    0.000000,    9.298465,119847.628086,    0.000000,    0.000000,   50.000000,    0.000000,    0.161000,    4.806932,    4.786107,    4.806932,   53.302367,  -44.213680,  -29.009246,  -89.041603,    0.000000,    0.000000,    0.028028,    0.655430,    0.647916,    0.000021,    0.078381,    0.001689,    0.001721,    0.000000
2020-12-19 24:00:00,321748.628675,    0.000000,    0.000000,    0.000000, 4838.400426, 4838.400000,    0.000000,  -73.594098,    0.000000,    0.000000,    0.000000,    9.297851,119834.308309,    0.000000,    0.000000,   50.000000,    0.000000,    0.161000,    4.602816,    4.561887,    4.569800,   71.863204,  -17.698700,  -15.500898,  -97.185973,    0.000000,    0.000000,    0.014165,    0.345626,    0.470499,    0.000000,    0.070768,    0.001689,    0.001721,    0.000000
2020-12-20 24:00:00,321710.672465,    0.000000,    0.000000,    0.000000, 4397.760426, 4397.760000,    0.000000,  -37.767976,    0.000000,    0.000000,    0.000000,    9.297536,119827.472147,    0.000000,    0.000000,   50.000000,    0.000000,    0.161000,    5.104661,    4.608850,    5.104661,   79.257314,   -9.081963,   -0.573421,  -51.823332,    0.000000,    0.000000,    0.011088,    0.273010,    0.418162,    0.137247,    0.085894,    0.001689,    0.001721,    0.000000
2020-12-21 24:00:00,321636.640954,    0.000000,    0.000000,    0.000000, 4026.240426, 4026.240000,    0.000000,  -73.657902,    0.000000,    0.000000,    0.000000,    9.296921,119814.138586,    0.000000,    0.000000,   50.000000,    0.000000,    0.161000,    5.367927,    4.883549,    5.367927,   90.759827,  -17.705114,    8.101334,  -69.704038,    0.000000,    0.000000,    0.051221,    1.129895,    0.850696,    0.011339,    0.077538,    0.001689,    0.001721,    0.000000
2020-12-22 24:00:00,321479.703980,    0.000000,    0.000000,    0.000000, 3680.640426, 3680.640000,    0.000000, -156.117730,    0.000000,    0.000000,    0.000000,    9.295618,119785.873207,    0.000000,    0.000000,   50.000000,    0.000000,    0.161000,    5.201896,    5.184272,    5.201896,   93.728456,  -37.537037,    2.126021,  -89.852527,    0.000000,    0.000000,    0.024389,    0.576545,    0.607676,    0.000031,    0.071533,    0.001689,    0.001721,    0.000000
2020-12-23 24:00:00,321364.780731,    0.000000,    0.000000,    0.000000, 3075.840426, 3075.840000,    0.000000, -114.299945,    0.000000,    0.000000,    0.000000,    9.294664,119765.174776,    0.000000,    0.000000,   50.000000,    0.000000,    0.161000,    5.154823,    4.860534,    5.154823,   89.120207,  -27.492498,   -2.318371,  -87.871283,    0.000000,    0.000000,    0.029723,    0.691632,    0.665569,    0.008105,    0.097463,    0.001689,    0.001721,    0.000000
2020-12-24 24:00:00,322007.409316,    0.000000,    0.000000,    0.000000, 3369.600426, 3369.600000, 1201.543552,  -23.341228, 1827.536511,    0.000000,    0.000000,    9.300000,119880.916400,    0.000000,    0.000000,   50.000000,    0.000000,    0.161000,    5.600955,    5.421389,    5.600955,    9.254709,   -5.606790,   14.867470,  -19.067896,    0.000000,    0.000000,    0.125259,    2.473921,    1.258776,    0.000066,    0.068885,    0.001689,    0.001721,    0.000000
2020-12-25 24:00:00,321757.100518,    0.000000,    0.000000,    0.000000, 5849.280426, 5849.280000,    0.000000, -249.123949,    0.000000,    0.000000,    0.000000,    9.297922,119835.834144,    0.000000,    0.000000,   50.000000,    0.000000,    0.161000,    4.413408,    4.114013,    4.114013,   73.567029,  -59.890828,  -66.972665, -105.814087,    0.000000,    0.000000,    0.059034,    1.281597,    0.906006,    0.000000,    0.078645,    0.001689,    0.001721,    0.000000
2020-12-26 24:00:00,321525.405496,    0.000000,    0.000000,    0.000000, 5391.360426, 5391.360000,    0.000000, -230.514851,    0.000000,    0.000000,    0.000000,    9.295998,119794.104350,    0.000000,    0.000000,   50.000000,    0.000000,    0.161000,    4.260531,    2.969611,    2.969611,   76.386830,  -55.508173,  -58.885299, -125.822699,    0.000000,    0.000000,    0.058412,    1.269618,    0.901762,    0.003927,    0.054986,    0.001689,    0.001721,    0.000000
2020-12-27 24:00:00,321345.460552,    0.000000,  109.821474,    0.000000, 4294.080426, 4294.080000,    0.000000,  -69.121882,    0.000000,    0.000000,    0.000000,    9.294503,119761.695085,    0.001000,    0.000000,   50.000000,    0.000000,    0.064000,    4.200389,    0.838360,    0.838360,   94.387882,  -16.279858,   -7.163587,  -97.048788,    0.000000,    0.000000,    0.011594,    0.285052,    0.427285,    0.331224,    0.051420,    0.001689,    0.001721,    0.000000
2020-12-28 24:00:00,321413.008707,    0.000000,    0.000000,    0.000000, 3136.320426, 3136.320000,    0.000000,  -42.658038,    0.000000,    0.000000,    0.000000,    9.295064,119773.860951,    0.000000,    0.000000,   50.000000,    0.000000,    0.064000,    4.072264,    3.831671,    3.876786,   61.219393,   -8.059652,   13.720240,  -52.831311,    0.000000,    0.000000,    0.024805,    0.585634,    0.612447,    0.000000,    0.081686,    0.001689,    0.001721,    0.000000
2020-12-29 24:00:00,321318.443200,    0.000000,    0.000000,    0.000000, 3179.520426, 3179.520000,    0.000000,  -94.044641,    0.000000,    0.000000,    0.000000,    9.294279,119756.829083,    0.000000,    0.000000,   50.000000,    0.000000,    0.161000,    4.112955,    1.362844,    1.362844,   94.278385,  -22.653475,   -5.396946, -103.091463,    0.000000,    0.000000,    0.006655,    0.165814,    0.325887,    0.047839,    0.073960,    0.001689,    0.001721,    0.000000
2020-12-30 24:00:00,321191.833939,    0.000000,    0.000000,    0.000000, 2790.720426, 2790.720000,    0.000000, -125.880424,    0.000000,    0.000000,    0.000000,    9.293228,119734.025925,    0.000000,    0.000000,   50.000000,    0.000000,    0.064000,    4.258703,    4.147283,    4.147283,   92.537221,  -22.225694,   -1.202175,  -63.235568,    0.000000,    0.000000,    0.010206,    0.251910,    0.401678,    0.000000,    0.066990,    0.001689,    0.001721,    0.000000
2020-12-31 24:00:00,321186.778265,    0.000000,    0.000000,    0.000000, 2306.880426, 2306.880000,    0.000000,   -5.026880,    0.000000,    0.000000,    0.000000,    9.293186,119733.115365,    0.000000,    0.000000,   50.000000,    0.000000,    0.161000,    5.289487,    4.305424,    5.289487,   63.456328,   -1.210431,   19.655987,  -32.226664,    0.000000,    0.000000,    0.018386,    0.442798,    0.532547,    0.112847,    0.055654,    0.001689,    0.001721,    0.000000
2021-01-01 24:00:00,322007.409316,    0.000000,    0.000000,    0.000000, 2833.920426, 2833.920000, 1042.196594,  -30.996577, 1857.494360,    0.000000,    0.000000,    9.300000,119880.916400,    0.000000,    0.000000,   50.000000,    0.000000,    0.145000,    4.820757,    4.495850,    4.820757,    9.359803,   -7.449054,   -7.996444,  -39.013414,    0.000000,    0.000000,    0.008230,    0.204225,    0.361668,    0.128468,    0.058258,    0.001689,    0.001721,    0.000000
2021-01-02 24:00:00,322001.550514,    0.000000,    0.000000,    0.000000, 3196.800426, 3196.800000,    0.000000,   -5.832512,    0.000000,    0.000000,    0.000000,    9.299951,119879.861191,    0.000000,    0.000000,   50.000000,    0.000000,    0.145000,    5.498539,    4.823945,    5.498539,   89.225923,   -1.401949,   20.212813,  -53.093443,    0.000000,    0.000000,    0.033738,    0.776343,    0.705151,    0.038326,    0.054381,    0.001689,    0.001721,    0.000000
2021-01-03 24:00:00,322007.409316,    0.000000,    0.000000,    0.000000, 3300.480426, 3300.480000,  386.770950,  -15.341029,  395.932219,    0.000000,    0.000000,    9.300000,119880.916400,    0.000000,    0.000000,   50.000000,    0.000000,    0.145000,    5.692531,    5.013484,    5.692531,   36.832731,   -3.683799,    2.029561,  -35.784431,    0.000000,    0.000000,    0.005708,    0.142624,    0.302240,    0.953715,    0.067921,    0.001689,    0.001721,    0.000000
2021-01-04 24:00:00,321943.356077,    0.000000,    0.000000,    0.000000, 3464.640426, 3464.640000,    0.000000,  -63.758886,    0.000000,    0.000000,    0.000000,    9.299468,119869.379991,    0.000000,    0.000000,   50.000000,    0.000000,    0.145000,    5.327430,    5.193508,    5.327430,   36.587856,  -15.315439,   -8.552608,  -71.381620,    0.000000,    0.000000,    0.018524,    0.445949,    0.534439,    0.034930,    0.053602,    0.001689,    0.001721,    0.000000
2021-01-05 24:00:00,321849.125966,    0.000000,    0.000000,    0.000000, 3291.840426, 3291.840000,    0.000000,  -93.785886,    0.000000,    0.000000,    0.000000,    9.298686,119852.408530,    0.000000,    0.000000,   50.000000,    0.000000,    0.145000,    5.219087,    4.993208,    5.219087,   61.441033,  -22.535901,   -5.245487,  -71.269412,    0.000000,    0.000000,    0.021775,    0.518911,    0.576503,    0.010388,    0.052582,    0.001689,    0.001721,    0.000000
2021-01-06 24:00:00,321677.634194,    0.000000,    0.000000,    0.000000, 3240.000426, 3240.000000,    0.000000, -170.649186,    0.000000,    0.000000,    0.000000,    9.297262,119821.521737,    0.000000,    0.000000,   50.000000,    0.000000,    0.145000,    4.888099,    4.535882,    4.888099,   79.697183,  -41.025823,  -15.238647,  -88.587098,    0.000000,    0.000000,    0.074712,    1.577109,    1.005047,    0.001292,    0.053141,    0.001689,    0.001721,    0.000000
2021-01-07 24:00:00,321570.072593,    0.000000,    0.000000,    0.000000, 3110.400426, 3110.400000,    0.000000, -107.010713,    0.000000,    0.000000,    0.000000,    9.296369,119802.149187,    0.000000,    0.000000,   50.000000,    0.000000,    0.145000,    4.773750,    4.116806,    4.773750,   93.582088,  -25.739731,  -15.345907,  -95.708726,    0.000000,    0.000000,    0.014815,    0.360783,    0.480705,    0.075991,    0.054798,    0.001689,    0.001721,    0.000000
2021-01-08 24:00:00,321730.530700,    0.000000,    0.000000,    0.000000, 2903.040426, 2903.040000,    0.000000,  -83.837248,  243.460112,    0.000000,    0.000000,    9.297701,119831.048745,    0.000000,    0.000000,   50.000000,    0.000000,    0.145000,    4.506658,    4.268608,    4.506658,   22.269142,  -20.162798,  -12.181552,  -47.335601,    0.000000,    0.000000,    0.084487,    1.756388,    1.060634,    0.000373,    0.090729,    0.001689,    0.001721,    0.000000
2021-01-09 24:00:00,321430.848776,    0.000000,    0.000000,    0.000000, 3049.920426, 3049.920000,    0.000000, -298.128773,    0.000000,    0.000000,    0.000000,    9.295212,119777.074065,    0.000000,    0.000000,   50.000000,    0.000000,    0.145000,    3.822650,    3.781763,    3.781763,  105.503618,  -71.766916,  -33.656409, -109.399039,    0.000000,    0.000000,    0.080295,    1.679888,    1.037279,    0.000002,    0.079926,    0.001689,    0.001721,    0.000000
2021-01-10 24:00:00,321284.015839,    0.000000,    0.000000,    0.000000, 2903.040426, 2903.040000,    0.000000, -146.022370,    0.000000,    0.000000,    0.000000,    9.293993,119750.628489,    0.000000,    0.000000,   50.000000,    0.000000,    0.145000,    4.132268,    3.026772,    3.026772,  100.788589,  -35.178501,  -17.823595, -110.945460,    0.000000,    0.000000,    0.026478,    0.621992,    0.631172,    0.024006,    0.070859,    0.001689,    0.001721,    0.000000
2021-01-11 24:00:00,321310.228495,    0.000000,    0.000000,    0.000000, 2721.600426, 2721.600000,    0.000000,  -34.808164,   60.871648,    0.000000,    0.000000,    9.294211,119755.349561,    0.000000,    0.000000,   50.000000,    0.000000,    0.145000,    4.257976,    2.277468,    2.277468,   25.089932,   -8.394531,   -5.696715,  -52.860206,    0.000000,    0.000000,    0.033875,    0.779168,    0.706433,    0.043206,    0.070859,    0.001689,    0.001721,    0.000000
2021-01-12 24:00:00,321229.060017,    0.000000,    0.000000,    0.000000, 2773.440426, 2773.440000,    0.000000,  -80.709798,    0.000000,    0.000000,    0.000000,    9.293537,119740.730585,    0.000000,    0.000000,   50.000000,    0.000000,    0.145000,    4.098927,    3.717949,    3.717949,  106.895401,  -19.445401,    2.256117,  -75.514338,    0.000000,    0.000000,    0.054873,    1.201161,    0.877114,    0.001225,    0.094765,    0.001689,    0.001721,    0.000000
2021-01-13 24:00:00,321102.293890,    0.000000,    0.000000,    0.000000, 2738.880426, 2738.880000,    0.000000, -126.029914,    0.000000,    0.000000,    0.000000,    9.292484,119717.899174,    0.000000,    0.000000,   50.000000,    0.000000,    0.145000,    4.111766,    3.324487,    3.324487,  109.566566,  -30.370206,   -8.719994, -113.024056,    0.000000,    0.000000,    0.028163,    0.658294,    0.649330,    0.019635,    0.053379,    0.001689,    0.001721,    0.000000
2021-01-14 24:00:00,320945.862095,    0.000000,    0.000000,    0.000000, 2574.720426, 2574.720000,    0.000000, -155.490513,    0.000000,    0.000000,    0.000000,    9.291185,119689.724782,    0.000000,    0.000000,   50.000000,    0.000000,    0.145000,    4.131142,    3.254541,    3.254541,  110.583954,  -37.484943,   -1.065232,  -96.881465,    0.000000,    0.000000,    0.029293,    0.682460,    0.661141,    0.015251,    0.053380,    0.001689,    0.001721,    0.000000
2021-01-15 24:00:00,321374.276180,    0.000000,    0.000000,    0.000000, 2583.360426, 2583.360000,    0.000000,  -30.243401,  456.087551,    0.000000,    0.000000,    9.294743,119766.884969,    0.000000,    0.000000,   50.000000,    0.000000,    0.145000,    4.179676,    1.916306,    1.916306,   21.492321,   -7.290903,   -8.086805,  -70.780374,    0.000000,    0.000000,    0.025640,    0.603824,    0.621886,    0.083899,    0.053380,    0.001689,    0.001721,    0.000000
2021-01-16 24:00:00,321350.131994,    0.000000,    0.000000,    0.000000, 2514.240426, 2514.240000,    0.000000,  -84.893581,   60.880940,    0.000000,    0.000000,    9.294542,119762.536443,    0.000000,    0.000000,   50.000000,    0.000000,    0.145000,    4.315933,    2.661742,    2.661742,   46.846571,  -20.467581,   -7.536685,  -63.969142,    0.000000,    0.000000,    0.026478,    0.622006,    0.631179,    0.076617,    0.073970,    0.001689,    0.001721,    0.000000
2021-01-17 24:00:00,321276.688704,    0.000000,    0.000000,    0.000000, 2436.480426, 2436.480000,    0.000000,  -73.033034,    0.000000,    0.000000,    0.000000,    9.293932,119749.308824,    0.000000,    0.000000,   50.000000,    0.000000,    0.145000,    4.215848,    2.725388,    2.725388,   58.487657,  -17.608210,   -0.937064,  -50.358822,    0.000000,    0.000000,    0.011720,    0.288055,    0.429530,    0.165440,    0.094449,    0.001689,    0.001721,    0.000000
2021-01-18 24:00:00,321182.577936,    0.000000,    0.000000,    0.000000, 2427.840426, 2427.840000,    0.000000,  -93.573240,    0.000000,    0.000000,    0.000000,    9.293151,119732.358858,    0.000000,    0.000000,   50.000000,    0.000000,    0.145000,    4.312661,    2.159250,    2.159250,   44.695511,  -22.574544,   -3.191128,  -66.168353,    0.000000,    0.000000,    0.022868,    0.543096,    0.589785,    0.089195,    0.056149,    0.001689,    0.001721,    0.000000
2021-01-19 24:00:00,321117.788115,    0.000000,    0.000000,    0.000000, 2358.720426, 2358.720000,    0.000000,  -64.411593,    0.000000,    0.000000,    0.000000,    9.292613,119720.689786,    0.000000,    0.000000,   50.000000,    0.000000,    0.064000,    4.366263,    2.493703,    2.493703,   86.022905,  -15.105562,    5.687416,  -72.557614,    0.000000,    0.000000,    0.022044,    0.524860,    0.579799,    0.060925,    0.058345,    0.001689,    0.001721,    0.000000
2021-01-20 24:00:00,320967.116254,    0.000000,    0.000000,    0.000000, 2298.240426, 2298.240000,    0.000000, -149.769132,    0.000000,    0.000000,    0.000000,    9.291362,119693.552795,    0.000000,    0.000000,   50.000000,    0.000000,    0.145000,    4.236264,    2.931042,    2.931042,  114.307694,  -36.115733,   -0.621702, -102.805260,    0.000000,    0.000000,    0.034304,    0.788114,    0.710477,    0.017953,    0.084198,    0.001689,    0.001721,    0.000000
2021-01-21 24:00:00,320860.345873,    0.000000,    0.000000,    0.000000, 2203.200426, 2203.200000,    0.000000, -106.110087,    0.000000,    0.000000,    0.000000,    9.290475,119674.322749,    0.000000,    0.000000,   50.000000,    0.000000,    0.145000,    4.099839,    3.668601,    3.668601,  114.493597,  -25.583363,    7.248015,  -75.776464,    0.000000,    0.000000,    0.033006,    0.760956,    0.698128,    0.003869,    0.099816,    0.001689,    0.001721,    0.000000
2021-01-22 24:00:00,320745.104524,    0.000000,    0.000000,    0.000000, 2194.560426, 2194.560000,    0.000000, -114.509509,    0.000000,    0.000000,    0.000000,    9.289518,119653.567026,    0.000000,    0.000000,   50.000000,    0.000000,    0.145000,    4.203648,    2.940210,    2.940210,   97.069530,  -27.608324,    7.889698,  -99.151477,    0.000000,    0.000000,    0.019864,    0.476175,    0.552254,    0.015644,    0.070129,    0.001689,    0.001721,    0.000000
2021-01-23 24:00:00,320526.059630,    0.000000,    0.000000,    0.000000, 2142.720426, 2142.720000,    0.000000, -217.590777,    0.000000,    0.000000,    0.000000,    9.287699,119614.115604,    0.000000,    0.000000,   50.000000,    0.000000,    0.064000,    4.174329,    3.253677,    3.253677,  121.927544,  -45.579930,  -13.474263, -114.900185,    0.000000,    0.000000,    0.030711,    0.712580,    0.675573,    0.008157,    0.098991,    0.001689,    0.001721,    0.000000
2021-01-24 24:00:00,320417.726500,    0.000000,    0.000000,    0.000000, 2056.320426, 2056.320000,    0.000000, -107.589708,    0.000000,    0.000000,    0.000000,    9.286800,119594.604097,    0.000000,    0.000000,   50.000000,    0.000000,    0.064000,    4.232983,    1.705657,    1.705657,   65.029390,  -24.406599,  -10.937079,  -67.032396,    0.000000,    0.000000,    0.004660,    0.116872,    0.273597,    0.137465,    0.079880,    0.001689,    0.001721,    0.000000
2021-01-25 24:00:00,322007.409316,    0.000000,    0.000000,    0.000000, 2229.120426, 2229.120000,  725.593315,  -28.836880, 2312.236225,    0.000000,    0.000000,    9.300000,119880.916400,    0.000000,    0.000000,   50.000000,    0.000000,    0.145000,    4.225117,    2.362457,    2.362457,    9.511120,   -6.945798,   -1.806688,  -29.712400,    0.000000,    0.000000,    0.001739,    0.045178,    0.170105,    1.871372,    0.056569,    0.001689,    0.001721,    0.000000
2021-01-26 24:00:00,322007.409316,    0.000000,    0.000000,    0.000000, 5875.200426, 5875.200000, 3699.041873,   -9.635208, 3597.096300,    0.000000,    0.000000,    9.300000,119880.916400,    0.000000,    0.000000,   50.000000,    0.000000,    0.145000,    4.296082,    3.632677,    3.848467,   43.855304,   -2.320255,   -1.549648,  -26.459466,    0.000000,    0.000000,    0.038728,    0.879824,    0.750678,    0.000000,    0.085809,    0.001689,    0.001721,    0.000000
2021-01-27 24:00:00,322007.409316,    0.000000,    0.000000,    0.000000, 4993.920426, 4993.920000,  200.377819,  -49.486350,  243.607221,    0.000000,    0.000000,    9.300000,119880.916400,    0.000000,    0.000000,   50.000000,    0.000000,    0.145000,    4.253294,    4.014719,    4.195263,   82.095453,  -11.905187,    7.073454,  -55.324769,    0.000000,    0.000000,    0.000022,    0.000710,    0.021326,    0.049261,    0.057038,    0.001689,    0.001721,    0.000000
2021-01-28 24:00:00,321849.077349,    0.000000,    0.000000,    0.000000, 5201.280426, 5201.280000,    0.000000, -188.064733,   30.469686,    0.000000,    0.000000,    9.298685,119852.399774,    0.000000,    0.000000,   50.000000,    0.000000,    0.145000,    3.922998,    3.482087,    3.482087,   64.452729,  -45.250086,  -39.061244,  -55.520558,    0.000000,    0.000000,    0.104445,    2.112903,    1.163309,    0.000012,    0.054779,    0.001689,    0.001721,    0.000000
2021-01-29 24:00:00,321665.504110,    0.000000,    0.000000,    0.000000, 4665.600426, 4665.600000,    0.000000, -182.669749,    0.000000,    0.000000,    0.000000,    9.297161,119819.337029,    0.000000,    0.000000,   50.000000,    0.000000,    0.145000,    4.135716,    2.347130,    2.347130,  126.007724,  -44.012675,  -36.319131, -127.151741,    0.000000,    0.000000,    0.040298,    0.911612,    0.764118,    0.028179,    0.052427,    0.001689,    0.001721,    0.000000
2021-01-30 24:00:00,321578.818113,    0.000000,    0.000000,    0.000000, 4086.720426, 4086.720000,    0.000000, -116.685622,   30.451027,    0.000000,    0.000000,    9.296441,119803.724313,    0.000000,    0.000000,   50.000000,    0.000000,    0.064000,    4.183681,    1.991455,    1.991455,   92.388402,  -25.413516,  -13.072385,  -80.590613,    0.000000,    0.000000,    0.018388,    0.442855,    0.532582,    0.124910,    0.061153,    0.001689,    0.001721,    0.000000
2021-01-31 24:00:00,321572.463243,    0.000000,    0.000000,    0.000000, 4173.120426, 4173.120000,    0.000000,  -36.772650,   30.449801,    0.000000,    0.000000,    9.296388,119802.579759,    0.000000,    0.000000,   50.000000,    0.000000,    0.145000,    4.203019,    1.217028,    1.217028,   22.297810,   -8.868679,  -12.576542,  -38.294134,    0.000000,    0.000000,    0.026761,    0.628115,    0.634271,    0.066391,    0.061153,    0.001689,    0.001721,    0.000000
2021-02-01 24:00:00,322007.409316,    0.000000,    0.000000,    0.000000, 3957.120426, 3957.120000,  490.178719, -127.508727, 1035.076711,    0.000000,    0.000000,    9.300000,119880.916400,    0.000000,    0.000000,   50.000000,    0.000000,    0.145000,    4.142919,    3.003180,    3.003180,   62.293352,  -30.705893,  -23.512054,  -44.406121,    0.000000,    0.000000,    0.117309,    2.337149,    1.223485,    0.001218,    0.021496,    0.001689,    0.001721,    0.000000
2021-02-02 24:00:00,321707.966812,    0.000000,    0.000000,    0.000000, 3741.120426, 3741.120000,    0.000000, -298.014364,    0.000000,    0.000000,    0.000000,    9.297514,119826.984841,    0.000000,    0.000000,   50.000000,    0.000000,    0.111000,    4.079147,    2.184750,    2.184750,   78.696233,  -71.807257,  -49.731462,  -78.604878,    0.000000,    0.000000,    0.084325,    1.753440,    1.059744,    0.015197,    0.055619,    0.001689,    0.001721,    0.000000
2021-02-03 24:00:00,321471.883312,    0.000000,    0.000000,    0.000000, 3335.040426, 3335.040000,    0.000000, -234.851559,    0.000000,    0.000000,    0.000000,    9.295553,119784.464654,    0.000000,    0.000000,   50.000000,    0.000000,    0.064000,    4.082911,    2.136622,    2.136622,  142.514562,  -47.499868,  -11.437730, -104.995142,    0.000000,    0.000000,    0.091454,    1.882130,    1.097944,    0.008420,    0.071750,    0.001689,    0.001721,    0.000000
2021-02-04 24:00:00,321274.311197,    0.000000,    0.000000,    0.000000, 3136.320426, 3136.320000,    0.000000, -196.486823,    0.000000,    0.000000,    0.000000,    9.293913,119748.880620,    0.000000,    0.000000,   50.000000,    0.000000,    0.111000,    4.108082,    2.202248,    2.202248,  109.869655,  -47.401922,  -11.564604,  -81.371948,    0.000000,    0.000000,    0.042956,    0.965446,    0.786356,    0.018571,    0.050496,    0.001689,    0.001721,    0.000000
2021-02-05 24:00:00,321272.225971,    0.000000,    0.000000,    0.000000, 3084.480426, 3084.480000,    0.000000,  -93.338073,   91.260384,    0.000000,    0.000000,    9.293895,119748.505057,    0.000000,    0.000000,   50.000000,    0.000000,    0.111000,    3.283827,    2.424086,    2.424086,  116.476969,  -22.504828,   11.569280,  -68.990951,   47.380246,    0.000000,    0.041770,    0.941474,    0.776533,    0.023125,    0.060887,    0.001689,    0.001721,    0.000000
2021-02-06 24:00:00,321155.496146,    0.000000,    0.000000,    0.000000, 2989.440426, 2989.440000,    0.000000, -116.060354,    0.000000,    0.000000,    0.000000,    9.292926,119727.481250,    0.000000,    0.000000,   50.000000,    0.000000,    0.111000,    4.100290,    2.724882,    2.724882,   72.074353,  -27.994616,    5.739395,  -60.120914,  114.133554,    0.000000,    0.039408,    0.893437,    0.756463,    0.027229,    0.072041,    0.001689,    0.001721,    0.000000
2021-02-07 24:00:00,321754.461117,    0.000000,    0.000000,    0.000000, 3257.280426, 3257.280000,    0.000000, -104.120083,  699.697407,    0.000000,    0.000000,    9.297900,119835.358770,    0.000000,    0.000000,   50.000000,    0.000000,    0.111000,    3.864378,    1.504684,    1.504684,  106.417899,  -25.076761,  -12.010641,  -70.990382,    0.000000,    0.000000,    0.009460,    0.233963,    0.387106,    0.053939,    0.075731,    0.001689,    0.001721,    0.000000
2021-02-08 24:00:00,321522.949944,    0.000000,  109.850788,    0.000000, 3136.320426, 3136.320000,    0.000000, -120.441811,    0.000000,    0.000000,    0.000000,    9.295977,119793.662089,    0.001000,    0.000000,   50.000000,    0.000000,    0.064000,    4.025088,    0.365568,    0.365568,  146.819427,  -20.770194,   -2.901964,  -95.483653,    0.000000,    0.000000,    0.018255,    0.439822,    0.530755,    0.020798,    0.073779,    0.001689,    0.001721,    0.000000
2021-02-09 24:00:00,321609.312808,    0.000000,    0.000000,    0.000000, 3006.720426, 3006.720000,    0.000000,  -23.961655,    0.000000,    0.000000,    0.000000,    9.296694,119809.216607,    0.000000,    0.000000,   50.000000,    0.000000,    0.064000,    4.383009,    3.932255,    4.383009,  119.613421,   -4.922795,   13.081560,  -43.146583,    0.000000,    0.000000,    0.011976,    0.294125,    0.434032,    0.031274,    0.066376,    0.001689,    0.001721,    0.000000
2021-02-10 24:00:00,321547.320392,    0.000000,    0.000000,    0.000000, 3101.760426, 3101.760000,    0.000000,  -61.670743,    0.000000,    0.000000,    0.000000,    9.296180,119798.051367,    0.000000,    0.000000,   50.000000,    0.000000,    0.111000,    4.383287,    4.092602,    4.383287,   37.045502,  -14.839075,   -4.304517,  -36.277497,    0.000000,    0.000000,    0.028732,    0.670502,    0.655323,    0.001861,    0.074021,    0.001689,    0.001721,    0.000000
2021-02-11 24:00:00,322007.409316,    0.000000,    0.000000,    0.000000, 3447.360426, 3447.360000,  756.161214,  -27.458348, 1218.109991,    0.000000,    0.000000,    9.300000,119880.916400,    0.000000,    0.000000,   50.000000,    0.000000,    0.111000,    4.266936,    3.942799,    4.266936,   13.356525,   -6.602702,   -7.690744,  -36.420069,    0.000000,    0.000000,    0.021098,    0.503864,    0.568084,    0.001736,    0.098985,    0.001689,    0.001721,    0.000000
2021-02-12 24:00:00,321962.425923,    0.000000,    0.000000,    0.000000, 4708.800426, 4708.800000,    0.000000,  -44.777411,    0.000000,    0.000000,    0.000000,    9.299626,119872.814596,    0.000000,    0.000000,   50.000000,    0.000000,    0.111000,    4.122210,    3.666806,    3.666806,   24.166783,  -10.769992,  -14.133425,  -50.434095,    0.000000,    0.000000,    0.012617,    0.309279,    0.445072,    0.000132,    0.085884,    0.001689,    0.001721,    0.000000
2021-02-13 24:00:00,322007.409316,    0.000000,    0.000000,    0.000000, 4190.400426, 4190.400000, 1263.802870,   -9.863549, 1279.643204,    0.000000,    0.000000,    9.300000,119880.916400,    0.000000,    0.000000,   50.000000,    0.000000,    0.111000,    4.299896,    1.628414,    1.628414,   25.422503,   -2.373058,   -3.137860,  -38.719547,    0.000000,    0.000000,    0.001937,    0.050037,    0.179021,    8.535889,    0.052147,    0.001689,    0.001721,    0.000000
2021-02-14 24:00:00,322007.409316,    0.000000,  109.930800,    0.000000, 5408.640426, 5408.640000, 1458.230788,    0.000000, 1524.247787,    0.000000,    0.000000,    9.300000,119880.916400,    0.001000,    0.000000,   50.000000,    0.000000,    0.064000,    4.794837,    1.626221,    1.626221,   29.815986,    0.000000,    0.196139,    1.615283,    0.000000,    0.000000,    0.009962,    0.246053,    0.396981,    2.602909,    0.059803,    0.001689,    0.001721,    0.000000
2021-02-15 24:00:00,322007.409316,    0.000000,    0.000000,    0.000000, 6125.760426, 6125.760000, 1790.223503,  -20.057271, 1646.258669,    0.000000,    0.000000,    9.300000,119880.916400,    0.000000,    0.000000,   50.000000,    0.000000,    0.064000,    4.323964,    4.117991,    4.117991,   23.975118,   -4.824851,   -5.877075,  -30.491581,    0.000000,    0.000000,    0.015611,    0.379272,    0.492868,    0.000000,    0.078458,    0.001689,    0.001721,    0.000000
2021-02-16 24:00:00,322007.409316,    0.000000,    0.000000,    0.000000, 8449.920426, 8449.920000,   20.181818, -102.338635,  121.886819,    0.000000,    0.000000,    9.300000,119880.916400,    0.000000,    0.000000,   50.000000,    0.000000,    0.111000,    4.395806,    3.936593,    4.395806,  112.789449,  -24.599929,  -16.317000,  -70.811113,    0.000000,    0.000000,    0.042817,    0.962712,    0.785242,    0.002325,    0.062396,    0.001689,    0.001721,    0.000000
2021-02-17 24:00:00,321826.029546,    0.000000,    0.000000,    0.000000, 8544.960426, 8544.960000,    0.000000, -180.530490,    0.000000,    0.000000,    0.000000,    9.298494,119848.248714,    0.000000,    0.000000,   50.000000,    0.000000,    0.111000,    4.159021,    3.574168,    3.574168,  119.553234,  -43.434632,  -39.238953,  -99.543415,    0.000000,    0.000000,    0.025644,    0.603917,    0.621934,    0.000073,    0.087729,    0.001689,    0.001721,    0.000000
2021-02-18 24:00:00,321797.128933,    0.000000,    0.000000,    0.000000, 8562.240426, 8562.240000,    0.000000,  -28.760968,    0.000000,    0.000000,    0.000000,    9.298254,119843.043524,    0.000000,    0.000000,   50.000000,    0.000000,    0.111000,    4.265562,    1.514184,    1.514184,   17.680282,   -6.922188,   -7.318726,  -41.803393,    0.000000,    0.000000,    0.020548,    0.491544,    0.561095,    4.636895,    0.087729,    0.001689,    0.001721,    0.000000
2021-02-19 24:00:00,322007.409316,    0.000000,    0.000000,    0.000000, 8579.520426, 8579.520000, 2072.694911,  -97.176800, 2316.642810,    0.000000,    0.000000,    9.300000,119880.916400,    0.000000,    0.000000,   50.000000,    0.000000,    0.064000,    4.112176,    3.704157,    3.704157,  117.561215,  -23.370119,  -13.984634,  -60.611942,    0.000000,    0.000000,    0.043737,    0.981395,    0.792825,    0.000049,    0.078805,    0.001689,    0.001721,    0.000000
2021-02-20 24:00:00,321788.852527,    0.000000,    0.000000,    0.000000, 8285.760426, 8285.760000,    0.000000, -217.527277,    0.000000,    0.000000,    0.000000,    9.298185,119841.552889,    0.000000,    0.000000,   50.000000,    0.000000,    0.111000,    4.145236,    3.036961,    3.036961,  164.478884,  -52.359026,  -46.050744, -125.495992,    0.000000,    0.000000,    0.036927,    0.842544,    0.734601,    0.003406,    0.064138,    0.001689,    0.001721,    0.000000
2021-02-21 24:00:00,321652.805206,    0.000000,    0.000000,    0.000000, 7845.120426, 7845.120000,    0.000000, -135.364634,    0.000000,    0.000000,    0.000000,    9.297056,119817.049874,    0.000000,    0.000000,   50.000000,    0.000000,    0.064000,    4.231974,    3.059497,    3.059497,  143.922247,  -28.163578,  -12.709455, -106.209346,    0.000000,    0.000000,    0.029016,    0.676578,    0.658285,    0.008099,    0.056232,    0.001689,    0.001721,    0.000000
2021-02-22 24:00:00,322007.409316,    0.000000,    0.000000,    0.000000, 7698.240426, 7698.240000,  353.468009,  -96.283239,  791.547674,    0.000000,    0.000000,    9.300000,119880.916400,    0.000000,    0.000000,   50.000000,    0.000000,    0.111000,    4.161789,    3.484202,    3.484202,   64.075583,  -23.174420,    3.146025,  -67.074591,    0.000000,    0.000000,    0.026487,    0.622221,    0.631288,    0.003442,    0.051652,    0.001689,    0.001721,    0.000000
2021-02-23 24:00:00,321904.176208,    0.000000,    0.000000,    0.000000, 7387.200426, 7387.200000,    0.000000, -102.755569,    0.000000,    0.000000,    0.000000,    9.299143,119862.323440,    0.000000,    0.000000,   50.000000,    0.000000,    0.111000,    4.239065,    4.015786,    4.239065,  163.746469,  -24.725733,   23.707861,  -87.880216,    0.000000,    0.000000,    0.037658,    0.857617,    0.741143,    0.000949,    0.052559,    0.001689,    0.001721,    0.000000
2021-02-24 24:00:00,321788.350711,    0.000000,    0.000000,    0.000000, 6937.920426, 6937.920000,    0.000000, -115.270783,    0.000000,    0.000000,    0.000000,    9.298181,119841.462508,    0.000000,    0.000000,   50.000000,    0.000000,    0.111000,    5.008353,    4.156182,    5.008353,  165.048968,  -27.721271,   29.526208,  -77.773250,    0.000000,    0.000000,    0.025922,    0.609974,    0.625045,    0.069431,    0.051825,    0.001689,    0.001721,    0.000000
2021-02-25 24:00:00,321641.567390,    0.000000,    0.000000,    0.000000, 6289.920426, 6289.920000,    0.000000, -146.051566,    0.000000,    0.000000,    0.000000,    9.296962,119815.025869,    0.000000,    0.000000,   50.000000,    0.000000,    0.111000,    5.569031,    4.862709,    5.569031,  167.855229,  -35.096238,   23.985808,  -81.124530,    0.000000,    0.000000,    0.059495,    1.290442,    0.909127,    0.026310,    0.055985,    0.001689,    0.001721,    0.000000
2021-02-26 24:00:00,322007.409316,    0.000000,    0.000000,    0.000000, 6039.360426, 6039.360000,  222.437590,  -90.119923,  669.671615,    0.000000,    0.000000,    9.300000,119880.916400,    0.000000,    0.000000,   50.000000,    0.000000,    0.111000,    5.252618,    4.646243,    5.252618,   24.450203,  -21.648092,   -5.643259,  -44.225443,    0.000000,    0.000000,    0.009710,    0.239985,    0.392056,    0.162813,    0.052493,    0.001689,    0.001721,    0.000000
2021-02-27 24:00:00,322007.409316,    0.000000,    0.000000,    0.000000, 6799.680426, 6799.680000, 1374.288856,   -8.403836, 1340.987036,    0.000000,    0.000000,    9.300000,119880.916400,    0.000000,    0.000000,   50.000000,    0.000000,    0.111000,    5.759278,    4.854996,    5.759278,   56.263685,   -2.019139,    3.760588,  -30.163683,    0.000000,    0.000000,    0.015216,    0.370103,    0.486874,    0.292663,    0.063649,    0.001689,    0.001721,    0.000000
2021-02-28 24:00:00,322007.409316,    0.000000,    0.000000,    0.000000, 7776.000426, 7776.000000, 1068.643283,    0.000000, 1035.870747,    0.000000,    0.000000,    9.300000,119880.916400,    0.000000,    0.000000,   50.000000,    0.000000,    0.111000,    6.192034,    5.053950,    6.191364,   27.789518,    0.000000,   11.005585,  -10.672545,    0.000000,    0.000000,    0.061847,    1.335606,    0.924900,    0.051704,    0.075358,    0.001689,    0.001721,    0.000000
2021-03-01 24:00:00,322007.409316,    0.000000,    0.000000,    0.000000, 8337.600426, 8337.600000,  658.646337,  -92.843244,  731.163827,    0.000000,    0.000000,    9.300000,119880.916400,    0.000000,    0.000000,   50.000000,    0.000000,    0.111000,    6.099571,    5.224108,    6.099571,   35.041885,  -22.282869,   19.331327,  -42.184839,    0.000000,    0.000000,    0.071562,    1.518728,    0.986269,    0.019588,    0.063929,    0.001689,    0.001721,    0.000000
2021-03-02 24:00:00,321818.324728,    0.000000,    0.000000,    0.000000, 8078.400426, 8078.400000,    0.000000, -188.198139,    0.000000,    0.000000,    0.000000,    9.298430,119846.861025,    0.000000,    0.000000,   50.000000,    0.000000,    0.085000,    5.666286,    4.966171,    5.666286,  141.383297,  -45.205744,  -19.120377, -117.051088,    0.000000,    0.000000,    0.017055,    0.412477,    0.513991,    0.198270,    0.050558,    0.001689,    0.001721,    0.000000
2021-03-03 24:00:00,321635.523824,    0.000000,    0.000000,    0.000000, 7741.440426, 7741.440000,    0.000000, -181.893107,    0.000000,    0.000000,    0.000000,    9.296912,119813.937383,    0.000000,    0.000000,   50.000000,    0.000000,    0.085000,    6.224908,    5.175858,    6.224908,  193.671890,  -43.704192,   -0.265515, -107.135446,    0.000000,    0.000000,    0.015470,    0.375977,    0.490723,    0.455329,    0.061239,    0.001689,    0.001721,    0.000000
2021-03-04 24:00:00,321409.671323,    0.000000,    0.000000,    0.000000, 7266.240426, 7266.240000,    0.000000, -224.662253,    0.000000,    0.000000,    0.000000,    9.295037,119773.259866,    0.000000,    0.000000,   50.000000,    0.000000,    0.085000,    6.223512,    5.251799,    6.223512,  191.341363,  -53.957486,   13.518482, -102.605816,    0.000000,    0.000000,    0.049401,    1.094025,    0.837084,    0.084265,    0.074453,    0.001689,    0.001721,    0.000000
2021-03-05 24:00:00,321146.387419,    0.000000,    0.000000,    0.000000, 6644.160426, 6644.160000,    0.000000, -261.799932,    0.000000,    0.000000,    0.000000,    9.292850,119725.840708,    0.000000,    0.000000,   50.000000,    0.000000,    0.085000,    5.917273,    5.061635,    5.917273,  198.913785,  -62.932178,  -26.660699, -128.552433,    0.000000,    0.000000,    0.074064,    1.565018,    1.001187,    0.024105,    0.052076,    0.001689,    0.001721,    0.000000
2021-03-06 24:00:00,320895.399110,    0.000000,    0.000000,    0.000000, 6004.800426, 6004.800000,    0.000000, -249.477040,    0.000000,    0.000000,    0.000000,    9.290766,119680.636067,    0.000000,    0.000000,   50.000000,    0.000000,    0.085000,    5.848171,    5.208655,    5.848171,  193.834187,  -59.993824,  -11.508691, -117.771893,    0.000000,    0.000000,    0.047133,    1.049052,    0.819698,    0.039747,    0.069642,    0.001689,    0.001721,    0.000000
2021-03-07 24:00:00,320705.460597,    0.000000,    0.000000,    0.000000, 5564.160426, 5564.160000,    0.000000, -188.731921,    0.000000,    0.000000,    0.000000,    9.289189,119646.426895,    0.000000,    0.000000,   50.000000,    0.000000,    0.085000,    5.947085,    5.059393,    5.947085,  195.430252,  -45.394122,  -12.453162, -126.764496,    0.000000,    0.000000,    0.022864,    0.543008,    0.589737,    0.211146,    0.057929,    0.001689,    0.001721,    0.000000
2021-03-08 24:00:00,320518.649727,    0.000000,    0.000000,    0.000000, 5218.560426, 5218.560000,    0.000000, -185.571405,    0.000000,    0.000000,    0.000000,    9.287638,119612.781032,    0.000000,    0.000000,   50.000000,    0.000000,    0.085000,    6.267307,    5.245592,    6.267307,  202.483217,  -44.644308,   -8.403456, -118.848465,    0.000000,    0.000000,    0.041908,    0.944215,    0.777662,    0.097107,    0.061400,    0.001689,    0.001721,    0.000000
2021-03-09 24:00:00,320343.046835,    0.000000,    0.000000,    0.000000, 4968.000426, 4968.000000,    0.000000, -174.390162,    0.000000,    0.000000,    0.000000,    9.286180,119581.153799,    0.000000,    0.000000,   50.000000,    0.000000,    0.085000,    7.066193,    5.385320,    7.066193,  187.225166,  -41.949119,   15.910967,  -86.476135,    0.000000,    0.000000,    0.031996,    0.739703,    0.688310,    0.272570,    0.082859,    0.001689,    0.001721,    0.000000
2021-03-10 24:00:00,320173.499554,    0.000000,    0.000000,    0.000000, 4743.360426, 4743.360000,    0.000000, -168.332644,    0.000000,    0.000000,    0.000000,    9.284772,119550.617222,    0.000000,    0.000000,   50.000000,    0.000000,    0.085000,    7.938943,    5.447147,    7.938943,  189.774194,  -40.470925,   16.716664,  -84.931894,    0.000000,    0.000000,    0.023826,    0.564155,    0.601111,    0.670401,    0.062045,    0.001689,    0.001721,    0.000000
2021-03-11 24:00:00,320059.841740,    0.000000,    0.000000,    0.000000, 4527.360426, 4527.360000,    0.000000, -112.819584,    0.000000,    0.000000,    0.000000,    9.283828,119530.146704,    0.000000,    0.000000,   50.000000,    0.000000,    0.085000,    8.789039,    5.504594,    8.789039,  164.074007,  -27.092638,   26.858157,  -63.280894,    0.000000,    0.000000,    0.021900,    0.521637,    0.578016,    1.489613,    0.057324,    0.001689,    0.001721,    0.000000
2021-03-12 24:00:00,320007.898832,    0.000000,    0.000000,    0.000000, 4397.760426, 4397.760000,    0.000000,  -51.553522,    0.000000,    0.000000,    0.000000,    9.283397,119520.791445,    0.000000,    0.000000,   50.000000,    0.000000,    0.085000,    9.127432,    5.554672,    9.127432,   57.109009,  -12.376900,   32.440870,  -41.814073,    0.000000,    0.000000,    0.067878,    1.449394,    0.963493,    0.253204,    0.065677,    0.001689,    0.001721,    0.000000
2021-03-13 24:00:00,319799.982130,    0.000000,    0.000000,    0.000000, 4086.720426, 4086.720000,    0.000000, -206.317357,    0.000000,    0.000000,    0.000000,    9.281670,119483.344284,    0.000000,    0.000000,   50.000000,    0.000000,    0.085000,    8.658254,    5.603855,    8.658254,  109.429225,  -49.555448,   11.079667,  -72.014231,    0.000000,    0.000000,    0.043679,    0.979895,    0.792219,    0.560447,    0.063077,    0.001689,    0.001721,    0.000000
2021-03-14 24:00:00,319439.427979,    0.000000,    0.000000,    0.000000, 3810.240426, 3810.240000,    0.000000, -357.628887,    0.000000,    0.000000,    0.000000,    9.278677,119418.406116,    0.000000,    0.000000,   50.000000,    0.000000,    0.085000,    7.956048,    5.655657,    7.956048,  117.197723,  -86.007203,   12.917726,  -78.354519,    0.000000,    0.000000,    0.043525,    0.976776,    0.790957,    0.395120,    0.075131,    0.001689,    0.001721,    0.000000
2021-03-15 24:00:00,319399.123151,    0.000000,    0.000000,    0.000000, 3559.680426, 3559.680000,    0.000000, -191.603542,  151.630849,    0.000000,    0.000000,    9.278342,119411.146952,    0.000000,    0.000000,   50.000000,    0.000000,    0.085000,    7.602546,    5.713909,    7.602546,   77.639551,  -46.099814,   -4.760990,  -62.881261,    0.000000,    0.000000,    0.017309,    0.418231,    0.517563,    1.434580,    0.069861,    0.001689,    0.001721,    0.000000
2021-03-16 24:00:00,319311.226451,    0.000000,    0.000000,    0.000000, 3585.600426, 3585.600000,    0.000000,  -87.148284,    0.000000,    0.000000,    0.000000,    9.277612,119395.316180,    0.000000,    0.000000,   50.000000,    0.000000,    0.085000,    7.722559,    5.772994,    7.722559,   89.353910,  -20.975454,  -16.267964,  -48.128052,    0.000000,    0.000000,    0.007372,    0.183322,    0.342659,    5.243451,    0.093579,    0.001689,    0.001721,    0.000000
2021-03-17 24:00:00,319426.111149,    0.000000,    0.000000,    0.000000, 3473.280426, 3473.280000,    0.000000,  -37.733622,  151.632291,    0.000000,    0.000000,    9.278566,119416.007667,    0.000000,    0.000000,   50.000000,    0.000000,    0.085000,    8.816094,    5.827039,    8.816094,  172.929629,   -9.070593,    1.316297,  -53.700149,    0.000000,    0.000000,    0.024374,    0.576142,    0.607463,    1.372494,    0.074864,    0.001689,    0.001721,    0.000000
2021-03-18 24:00:00,321671.998372,    0.000000,    0.000000,    0.000000, 4147.200426, 4147.200000,    0.000000,  -17.604569, 2247.829114,    0.000000,    0.000000,    9.297215,119820.506689,    0.000000,    0.000000,   50.000000,    0.000000,    0.085000,    8.685165,    5.877050,    8.685165,   33.827433,   -4.217234,   -1.337630,  -30.939306,    0.000000,    0.000000,    0.047596,    1.058309,    0.823307,    0.430279,    0.080834,    0.001689,    0.001721,    0.000000
2021-03-19 24:00:00,322007.409316,    0.000000,    0.000000,    0.000000, 5659.200426, 5659.200000,  813.453087, -279.148179, 1401.246848,    0.000000,    0.000000,    9.300000,119880.916400,    0.000000,    0.000000,   50.000000,    0.000000,    0.085000,    8.673297,    5.935521,    8.673297,  222.722972,  -66.840770,  -16.615861,  -91.726502,    0.000000,    0.000000,    0.004548,    0.114121,    0.270357,   20.551594,    0.074864,    0.001689,    0.001721,    0.000000
2021-03-20 24:00:00,321835.688164,    0.000000,    0.000000,    0.000000, 5192.640426, 5192.640000,    0.000000, -170.918135,    0.000000,    0.000000,    0.000000,    9.298574,119849.988294,    0.000000,    0.000000,   50.000000,    0.000000,    0.085000,    9.060720,    5.989023,    9.060720,  223.451791,  -40.915428,  -11.919194, -132.159328,    0.000000,    0.000000,    0.028029,    0.655433,    0.647917,    1.071820,    0.074864,    0.001689,    0.001721,    0.000000
2021-03-21 24:00:00,321648.858056,    0.000000,    0.000000,    0.000000, 4872.960426, 4872.960000,    0.000000, -185.906372,    0.000000,    0.000000,    0.000000,    9.297023,119816.338966,    0.000000,    0.000000,   50.000000,    0.000000,    0.085000,    9.406333,    6.039862,    9.406333,  225.485737,  -44.513523,   -7.487880, -123.694911,    0.000000,    0.000000,    0.009335,    0.230965,    0.384617,    6.960837,    0.055533,    0.001689,    0.001721,    0.000000
2021-03-22 24:00:00,321456.299315,    0.000000,    0.000000,    0.000000, 5261.760426, 5261.760000,    0.000000, -191.552108,    0.000000,    0.000000,    0.000000,    9.295424,119781.657874,    0.000000,    0.000000,   50.000000,    0.000000,    0.085000,    9.913103,    6.088577,    9.913103,  222.826407,  -45.861423,    2.268876, -109.278167,    0.000000,    0.000000,    0.015338,    0.372918,    0.488722,    3.780564,    0.059349,    0.001689,    0.001721,    0.000000
2021-03-23 24:00:00,321871.704077,    0.000000,    0.000000,    0.000000, 5814.720426, 5814.720000,    0.000000,  -43.297459,  456.571057,    0.000000,    0.000000,    9.298873,119856.474996,    0.000000,    0.000000,   50.000000,    0.000000,    0.085000,    9.650210,    6.129921,    9.650210,   47.077248,  -10.359261,    0.716944,  -44.411043,    0.000000,    0.000000,    0.014947,    0.363854,    0.482747,    4.236870,    0.074864,    0.001689,    0.001721,    0.000000
2021-03-24 24:00:00,321930.778041,    0.000000,    0.000000,    0.000000, 5832.000426, 5832.000000,    0.000000,   -2.134851,   60.928443,    0.000000,    0.000000,    9.299364,119867.114605,    0.000000,    0.000000,   50.000000,    0.000000,    0.085000,   10.442289,    6.167743,   10.442289,   88.186415,   -0.510223,    5.610807,  -36.899071,    0.000000,    0.000000,    0.025365,    0.597873,    0.618814,    1.939081,    0.066597,    0.001689,    0.001721,    0.000000
2021-03-25 24:00:00,322007.409316,    0.000000,    0.000000,    0.000000, 5935.680426, 5935.680000,  956.172399,   -2.206580, 1005.316388,    0.000000,    0.000000,    9.300000,119880.916400,    0.000000,    0.000000,   50.000000,    0.000000,    0.085000,   10.715113,    6.204056,   10.715113,   48.042290,   -0.527395,   14.534250,  -37.919127,    0.000000,    0.000000,    0.048820,    1.082695,    0.832738,    0.740321,    0.066597,    0.001689,    0.001721,    0.000000
2021-03-26 24:00:00,322007.409316,    0.000000,    0.000000,    0.000000, 6618.240426, 6618.240000,  237.694308, -135.178059,  365.415234,    0.000000,    0.000000,    9.300000,119880.916400,    0.000000,    0.000000,   50.000000,    0.000000,    0.085000,   12.393721,    6.244270,   12.393721,  216.244490,  -32.237585,   33.130244,  -56.811909,    0.000000,    0.000000,    0.054584,    1.195657,    0.875102,    0.984566,    0.053244,    0.001689,    0.001721,    0.000000
2021-03-27 24:00:00,322007.409316,    0.000000,    0.000000,    0.000000, 6531.840426, 6531.840000,  891.267275,  -80.475097,  943.951216,    0.000000,    0.000000,    9.300000,119880.916400,    0.000000,    0.000000,   50.000000,    0.000000,    0.085000,   12.430979,    6.279204,   12.430979,  110.358761,  -19.202817,    2.116222,  -65.371562,    0.000000,    0.000000,    0.031162,    0.722234,    0.680134,    2.756436,    0.070613,    0.001689,    0.001721,    0.000000
2021-03-28 24:00:00,322007.409316,    0.000000,    0.000000,    0.000000, 7499.520426, 7499.520000, 1171.951702, -113.361701, 1249.350948,    0.000000,    0.000000,    9.300000,119880.916400,    0.000000,    0.000000,   50.000000,    0.000000,    0.085000,   11.949052,    6.309243,   11.949052,   53.166449,  -27.035626,    4.547215,  -46.456313,    0.000000,    0.000000,    0.050942,    1.124558,    0.848685,    1.170271,    0.070576,    0.001689,    0.001721,    0.000000
2021-03-29 24:00:00,321705.718260,    0.000000,    0.000000,    0.000000, 7594.560426, 7594.560000,    0.000000, -300.252505,    0.000000,    0.000000,    0.000000,    9.297495,119826.579862,    0.000000,    0.000000,   50.000000,    0.000000,    0.085000,   11.518576,    6.342585,   11.518576,  236.473647,  -71.723383,  -22.291289, -128.932827,    0.000000,    0.000000,    0.014946,    0.363835,    0.482734,    8.340035,    0.075042,    0.001689,    0.001721,    0.000000
2021-03-30 24:00:00,321458.317592,    0.000000,    0.000000,    0.000000, 7266.240426, 7266.240000,    0.000000, -246.118919,    0.000000,    0.000000,    0.000000,    9.295441,119782.021379,    0.000000,    0.000000,   50.000000,    0.000000,    0.085000,   11.963767,    6.379670,   11.963767,  232.418444,  -58.798183,    8.079866, -104.926552,    0.000000,    0.000000,    0.024528,    0.579575,    0.609271,    4.019394,    0.051216,    0.001689,    0.001721,    0.000000
2021-03-31 24:00:00,322007.409316,    0.000000,    0.000000,    0.000000, 7784.640426, 7784.640000,  959.099712,  -77.401542, 1553.140004,    0.000000,    0.000000,    9.300000,119880.916400,    0.000000,    0.000000,   50.000000,    0.000000,    0.085000,   11.610203,    6.405841,   11.610203,   45.726453,  -18.469606,    2.856829,  -40.677187,    0.000000,    0.000000,    0.084843,    1.763059,    1.062647,    0.453356,    0.051216,    0.001689,    0.001721,    0.000000
2021-04-01 24:00:00,321486.807841,    0.000000,    0.000000,    0.000000, 7948.800426, 7948.800000,    0.000000, -578.977045,   60.939881,    0.000000,    0.000000,    9.295677,119787.152659,    0.000000,    0.000000,   50.000000,    0.000000,    0.085000,    9.788554,    6.440696,    9.788554,  192.694028, -138.443992,  -77.938611, -114.301464,    0.000000,    0.000000,    0.077256,    1.624079,    1.019903,    0.302927,    0.091008,    0.001689,    0.001721,    0.000000
2021-04-02 24:00:00,320950.612941,    0.000000,    0.000000,    0.000000, 7447.680426, 7447.680000,    0.000000, -533.129462,    0.000000,    0.000000,    0.000000,    9.291225,119690.580440,    0.000000,    0.000000,   50.000000,    0.000000,    0.073000,    8.566804,    6.486590,    8.566804,  252.337475, -127.812030,  -81.794589, -144.806256,    0.000000,    0.000000,    0.025916,    0.609799,    0.624955,    0.901736,    0.093690,    0.001689,    0.001721,    0.000000
2021-04-03 24:00:00,320705.853619,    0.000000,    0.000000,    0.000000, 6912.000426, 6912.000000,    0.000000, -243.215114,    0.000000,    0.000000,    0.000000,    9.289192,119646.497681,    0.000000,    0.000000,   50.000000,    0.000000,    0.073000,    9.076499,    6.530366,    9.076499,  243.605387,  -58.343922,  -19.750927, -125.108138,    0.000000,    0.000000,    0.027315,    0.640041,    0.640265,    0.839829,    0.051854,    0.001689,    0.001721,    0.000000
2021-04-04 24:00:00,320475.486186,    0.000000,    0.000000,    0.000000, 6600.960426, 6600.960000,    0.000000, -228.831935,    0.000000,    0.000000,    0.000000,    9.287280,119605.006995,    0.000000,    0.000000,   50.000000,    0.000000,    0.073000,    9.649065,    6.577304,    9.649065,  195.959541,  -54.891235,   21.303986,  -88.463587,    0.000000,    0.000000,    0.033722,    0.775925,    0.704961,    0.775421,    0.060226,    0.001689,    0.001721,    0.000000
2021-04-05 24:00:00,320323.230796,    0.000000,    0.000000,    0.000000, 6246.720426, 6246.720000,    0.000000, -151.196674,    0.000000,    0.000000,    0.000000,    9.286015,119577.584801,    0.000000,    0.000000,   50.000000,    0.000000,    0.073000,   11.265324,    6.619832,   11.265324,  237.176772,  -36.222600,   14.036325,  -83.047079,    0.000000,    0.000000,    0.033720,    0.775883,    0.704942,    1.155265,    0.052762,    0.001689,    0.001721,    0.000000
2021-04-06 24:00:00,320141.227038,    0.000000,    0.000000,    0.000000, 6004.800426, 6004.800000,    0.000000, -180.692784,    0.000000,    0.000000,    0.000000,    9.284504,119544.804730,    0.000000,    0.000000,   50.000000,    0.000000,    0.073000,   12.353676,    6.663530,   12.353676,  219.499889,  -43.249756,   20.037985,  -75.732778,    0.000000,    0.000000,    0.045175,    1.009925,    0.804267,    1.021926,    0.059744,    0.001689,    0.001721,    0.000000
2021-04-07 24:00:00,319991.360504,    0.000000,    0.000000,    0.000000, 5771.520426, 5771.520000,    0.000000, -148.749781,    0.000000,    0.000000,    0.000000,    9.283260,119517.812784,    0.000000,    0.000000,   50.000000,    0.000000,    0.073000,   13.722017,    6.703409,   13.722017,  211.581177,  -35.571858,   18.709762,  -68.901541,    0.000000,    0.000000,    0.028154,    0.658041,    0.649205,    3.051632,    0.051166,    0.001689,    0.001721,    0.000000
2021-04-08 24:00:00,320022.334591,    0.000000,    0.000000,    0.000000, 5555.520426, 5555.520000,    0.000000,  -90.665131,  121.393463,    0.000000,    0.000000,    9.283517,119523.391420,    0.000000,    0.000000,   50.000000,    0.000000,    0.073000,   14.615529,    6.736490,   14.615529,  176.619315,  -21.657691,   16.387528,  -58.893112,    0.000000,    0.000000,    0.012609,    0.309094,    0.444939,   16.193943,    0.073358,    0.001689,    0.001721,    0.000000
2021-04-09 24:00:00,319999.874899,    0.000000,    0.000000,    0.000000, 5495.040426, 5495.040000,    0.000000,  -22.290748,    0.000000,    0.000000,    0.000000,    9.283330,119519.346282,    0.000000,    0.000000,   50.000000,    0.000000,    0.073000,   14.575035,    6.757191,   14.575035,   78.222780,   -5.318676,   -0.315946,  -50.677149,    0.000000,    0.000000,    0.016781,    0.406157,    0.510038,   10.635727,    0.073358,    0.001689,    0.001721,    0.000000
2021-04-10 24:00:00,322007.409316,    0.000000,    0.000000,    0.000000, 5719.680426, 5719.680000,  127.197483,   -9.841056, 2127.561162,    0.000000,    0.000000,    9.300000,119880.916400,    0.000000,    0.000000,   50.000000,    0.000000,    0.073000,   14.834579,    6.784569,   14.834579,   80.962130,   -2.342015,    2.165061,  -34.217402,    0.000000,    0.000000,    0.058732,    1.275838,    0.903968,    1.504723,    0.092034,    0.001689,    0.001721,    0.000000
2021-04-11 24:00:00,321804.959581,    0.000000,    0.000000,    0.000000, 6825.600426, 6825.600000,    0.000000, -201.498859,    0.000000,    0.000000,    0.000000,    9.298319,119844.453875,    0.000000,    0.000000,   50.000000,    0.000000,    0.073000,   15.658819,    6.809269,   15.658819,  236.874643,  -47.889900,    7.603787,  -87.770958,    0.000000,    0.000000,    0.027465,    0.643313,    0.641899,    6.066143,    0.056743,    0.001689,    0.001721,    0.000000
2021-04-12 24:00:00,321450.316084,    0.000000,    0.000000,    0.000000, 6151.680426, 6151.680000,    0.000000, -352.831229,    0.000000,    0.000000,    0.000000,    9.295374,119780.580255,    0.000000,    0.000000,   50.000000,    0.000000,    0.073000,   15.250074,    6.840058,   15.250074,  225.066495,  -83.923894,   -1.268814, -105.644811,    0.000000,    0.000000,    0.047893,    1.064196,    0.825593,    2.391799,    0.052679,    0.001689,    0.001721,    0.000000
2021-04-13 24:00:00,321210.761433,    0.000000,    0.000000,    0.000000, 5702.400426, 5702.400000,    0.000000, -238.222977,    0.000000,    0.000000,    0.000000,    9.293385,119737.434890,    0.000000,    0.000000,   50.000000,    0.000000,    0.073000,   15.295554,    6.863998,   15.295554,  192.510730,  -56.708377,    2.789663,  -91.125783,    0.000000,    0.000000,    0.037504,    0.854398,    0.739751,    3.738618,    0.058648,    0.001689,    0.001721,    0.000000
2021-04-14 24:00:00,321603.243504,    0.000000,    0.000000,    0.000000, 5400.000426, 5400.000000,    0.000000, -126.831759,  517.100647,    0.000000,    0.000000,    9.296644,119808.123486,    0.000000,    0.000000,   50.000000,    0.000000,    0.073000,   15.650469,    6.888649,   15.650469,  148.396903,  -30.171116,    0.443671,  -65.108956,    0.000000,    0.000000,    0.006417,    0.159990,    0.320112,   69.525292,    0.057318,    0.001689,    0.001721,    0.000000
2021-04-15 24:00:00,321326.161224,    0.000000,    0.000000,    0.000000, 5425.920426, 5425.920000,    0.000000, -306.050791,   30.451196,    0.000000,    0.000000,    9.294343,119758.219150,    0.000000,    0.000000,   50.000000,    0.000000,    0.073000,   14.932136,    6.909038,   14.932136,  176.590323,  -72.813741,  -16.991504,  -94.739645,    0.000000,    0.000000,    0.022594,    0.537048,    0.586492,    8.601036,    0.077705,    0.001689,    0.001721,    0.000000
2021-04-16 24:00:00,320944.085639,    0.000000,    0.000000,    0.000000, 5028.480426, 5028.480000,    0.000000, -379.841840,    0.000000,    0.000000,    0.000000,    9.291171,119689.404831,    0.000000,    0.000000,   50.000000,    0.000000,    0.073000,   14.537983,    6.934640,   14.537983,  260.557795,  -90.487552,  -19.270708, -128.776870,    0.000000,    0.000000,    0.021223,    0.506600,    0.569624,    9.160123,    0.080913,    0.001689,    0.001721,    0.000000
2021-04-17 24:00:00,320729.575101,    0.000000,    0.000000,    0.000000, 4631.040426, 4631.040000,    0.000000, -213.159539,    0.000000,    0.000000,    0.000000,    9.289389,119650.770075,    0.000000,    0.000000,   50.000000,    0.000000,    0.073000,   14.130892,    6.955050,   14.130892,  156.003011,  -50.830650,  -11.258982,  -96.375180,    0.000000,    0.000000,    0.030143,    0.700546,    0.669844,    4.735368,    0.062956,    0.001689,    0.001721,    0.000000
2021-04-18 24:00:00,320507.202367,    0.000000,    0.000000,    0.000000, 4501.440426, 4501.440000,    0.000000, -220.899687,    0.000000,    0.000000,    0.000000,    9.287543,119610.719287,    0.000000,    0.000000,   50.000000,    0.000000,    0.073000,   14.342173,    6.971495,   14.342173,  203.694012,  -52.697559,   -8.204519,  -95.494798,    0.000000,    0.000000,    0.010204,    0.251859,    0.401638,   28.456579,    0.062113,    0.001689,    0.001721,    0.000000
2021-04-19 24:00:00,321191.743351,    0.000000,    0.000000,    0.000000, 4665.600426, 4665.600000,    0.000000, -170.966630,  851.056775,    0.000000,    0.000000,    9.293227,119734.009609,    0.000000,    0.000000,   50.000000,    0.000000,    0.073000,   14.152801,    6.990775,   14.152801,  156.225429,  -40.732378,   -8.430462,  -85.975161,    0.000000,    0.000000,    0.037650,    0.857399,    0.741049,    3.256684,    0.062113,    0.001689,    0.001721,    0.000000
2021-04-20 24:00:00,320879.548068,    0.000000,    0.000000,    0.000000, 4510.080426, 4510.080000,    0.000000, -310.323519,    0.000000,    0.000000,    0.000000,    9.290635,119677.781191,    0.000000,    0.000000,   50.000000,    0.000000,    0.073000,   14.846119,    7.017237,   14.846119,  254.170593,  -73.957640,    9.998561,  -95.186843,    0.000000,    0.000000,    0.019325,    0.464036,    0.545169,   11.027207,    0.067582,    0.001689,    0.001721,    0.000000
2021-04-21 24:00:00,320559.547523,    0.000000,    0.000000,    0.000000, 4354.560426, 4354.560000,    0.000000, -317.931046,    0.000000,    0.000000,    0.000000,    9.287978,119620.146993,    0.000000,    0.000000,   50.000000,    0.000000,    0.073000,   14.240907,    7.034534,   14.240907,  222.116892,  -75.786286,  -30.045843, -116.818390,    0.000000,    0.000000,    0.012483,    0.306121,    0.442794,   21.250054,    0.068216,    0.001689,    0.001721,    0.000000
2021-04-22 24:00:00,320228.567907,    0.000000,    0.000000,    0.000000, 4052.160426, 4052.160000,    0.000000, -328.677108,    0.000000,    0.000000,    0.000000,    9.285229,119560.535393,    0.000000,    0.000000,   50.000000,    0.000000,    0.073000,   13.176946,    7.054504,   13.176946,  189.742519,  -78.490794,  -33.038244, -134.133061,    0.000000,    0.000000,    0.023964,    0.567199,    0.602731,    5.849914,    0.075834,    0.001689,    0.001721,    0.000000
2021-04-23 24:00:00,320008.087031,    0.000000,    0.000000,    0.000000, 3879.360426, 3879.360000,    0.000000, -218.855426,    0.000000,    0.000000,    0.000000,    9.283398,119520.825341,    0.000000,    0.000000,   50.000000,    0.000000,    0.073000,   12.725691,    7.073996,   12.725691,  172.622597,  -52.322738,  -16.464503, -116.972071,    0.000000,    0.000000,    0.026048,    0.612632,    0.626405,    4.535738,    0.079266,    0.001689,    0.001721,    0.000000
2021-04-24 24:00:00,321753.489106,    0.000000,    0.000000,    0.000000, 4164.480426, 4164.480000,    0.000000, -119.743462, 1853.890194,    0.000000,    0.000000,    9.297892,119835.183704,    0.000000,    0.000000,   50.000000,    0.000000,    0.073000,   11.849034,    7.090311,   11.849034,   44.699816,  -28.572892,  -14.356203,  -69.860947,    0.000000,    0.000000,    0.005590,    0.139720,    0.299147,   43.581077,    0.084280,    0.001689,    0.001721,    0.000000
2021-04-25 24:00:00,321530.567079,    0.000000,    0.000000,    0.000000, 4570.560426, 4570.560000,    0.000000, -221.786791,    0.000000,    0.000000,    0.000000,    9.296040,119795.033985,    0.000000,    0.000000,   50.000000,    0.000000,    0.073000,   12.589082,    7.113851,   12.589082,  229.789108,  -52.931703,   -0.143291,  -72.615140,    0.000000,    0.000000,    0.050613,    1.117930,    0.846180,    1.382052,    0.059059,    0.001689,    0.001721,    0.000000
2021-04-26 24:00:00,321347.840108,    0.000000,    0.000000,    0.000000, 4328.640426, 4328.640000,    0.000000, -181.740857,    0.000000,    0.000000,    0.000000,    9.294523,119762.123659,    0.000000,    0.000000,   50.000000,    0.000000,    0.073000,   14.170469,    7.133785,   14.170469,  267.420490,  -43.347516,    4.801685,  -99.327438,    0.000000,    0.000000,    0.019058,    0.458026,    0.541627,    7.268980,    0.051448,    0.001689,    0.001721,    0.000000
2021-04-27 24:00:00,321203.469717,    0.000000,    0.000000,    0.000000, 4216.320426, 4216.320000,    0.000000, -143.555849,    0.000000,    0.000000,    0.000000,    9.293324,119736.121605,    0.000000,    0.000000,   50.000000,    0.000000,    0.073000,   15.894639,    7.152046,   15.894639,  264.701280,  -34.189364,   21.120267,  -78.451715,    0.000000,    0.000000,    0.016126,    0.391118,    0.500506,   13.427860,    0.051631,    0.001689,    0.001721,    0.000000
2021-04-28 24:00:00,321094.677303,    0.000000,    0.000000,    0.000000, 4112.640426, 4112.640000,    0.000000, -108.157950,    0.000000,    0.000000,    0.000000,    9.292421,119716.527377,    0.000000,    0.000000,   50.000000,    0.000000,    0.073000,   18.538575,    7.173027,   18.538575,  243.126734,  -25.678083,   21.170514,  -55.985987,    0.000000,    0.000000,    0.024248,    0.573435,    0.606035,    7.940513,    0.058496,    0.001689,    0.001721,    0.000000
2021-04-29 24:00:00,320912.580483,    0.000000,    0.000000,    0.000000, 4000.320426, 4000.320000,    0.000000, -180.995708,    0.000000,    0.000000,    0.000000,    9.290909,119683.730545,    0.000000,    0.000000,   50.000000,    0.000000,    0.073000,   18.937937,    7.191614,   18.937937,  161.525592,  -42.907939,   16.716246,  -48.736086,    0.000000,    0.000000,    0.034448,    0.791112,    0.711827,    5.207211,    0.066149,    0.001689,    0.001721,    0.000000
2021-04-30 24:00:00,320250.263044,    0.000000,    0.000000,    0.000000, 3801.600426, 3801.600000,    0.000000, -657.903531,    0.000000,    0.000000,    0.000000,    9.285409,119564.442830,    0.000000,    0.000000,   50.000000,    0.000000,    0.073000,   16.877327,    7.211314,   16.877327,  280.934575, -156.355489,  -11.116769, -114.190252,    0.000000,    0.000000,    0.110370,    2.216244,    1.191418,    0.766818,    0.095102,    0.001689,    0.001721,    0.000000
2021-05-01 24:00:00,319793.195084,    0.000000,    0.000000,    0.000000, 3507.840426, 3507.840000,    0.000000, -453.636801,    0.000000,    0.000000,    0.000000,    9.281614,119482.121892,    0.000000,    0.000000,   50.000000,    0.000000,    0.073000,   16.385862,    7.233222,   16.385862,  284.296452, -108.093246,  -21.112740, -134.294514,    0.000000,    0.000000,    0.023271,    0.551946,    0.594571,   10.528917,    0.055224,    0.001689,    0.001721,    0.000000
2021-05-02 24:00:00,319495.575634,    0.000000,    0.000000,    0.000000, 3421.440426, 3421.440000,    0.000000, -295.215557,    0.000000,    0.000000,    0.000000,    9.279143,119428.518677,    0.000000,    0.000000,   50.000000,    0.000000,    0.068000,   17.453714,    7.251950,   17.453714,  247.143198,  -70.332922,   12.482920,  -76.824637,    0.000000,    0.000000,    0.010076,    0.248784,    0.399178,   44.516251,    0.055224,    0.001689,    0.001721,    0.000000
2021-05-03 24:00:00,319942.237377,    0.000000,    0.000000,    0.000000, 3594.240426, 3594.240000,    0.000000,  -12.274744,  455.359041,    0.000000,    0.000000,    9.282852,119508.965387,    0.000000,    0.000000,   50.000000,    0.000000,    0.068000,   17.470712,    7.268164,   17.470712,   64.113225,   -2.920501,    3.374745,  -43.139779,    0.000000,    0.000000,    0.013252,    0.324218,    0.455695,   29.246564,    0.055224,    0.001689,    0.001721,    0.000000
2021-05-04 24:00:00,320070.404518,    0.000000,    0.000000,    0.000000, 4553.280426, 4553.280000,    0.000000,  -24.692725,  151.888562,    0.000000,    0.000000,    9.283916,119532.049130,    0.000000,    0.000000,   50.000000,    0.000000,    0.068000,   18.943257,    7.287621,   18.943257,  179.788216,   -5.862201,    7.972877,  -63.606026,    0.000000,    0.000000,    0.025073,    0.591430,    0.615470,   10.761893,    0.055224,    0.001689,    0.001721,    0.000000
2021-05-05 24:00:00,319843.110262,    0.000000,    0.000000,    0.000000, 4587.840426, 4587.840000,    0.000000, -286.321719,   60.755487,    0.000000,    0.000000,    9.282029,119491.111943,    0.000000,    0.000000,   50.000000,    0.000000,    0.068000,   18.890646,    7.307292,   18.890646,  217.976541,  -67.955351,   -6.062244,  -74.963899,    0.000000,    0.000000,    0.073081,    1.546590,    0.995275,    1.926464,    0.056043,    0.001689,    0.001721,    0.000000
2021-05-06 24:00:00,319505.579061,    0.000000,    0.000000,    0.000000, 4129.920426, 4129.920000,    0.000000, -334.820291,    0.000000,    0.000000,    0.000000,    9.279226,119430.320359,    0.000000,    0.000000,   50.000000,    0.000000,    0.068000,   18.408295,    7.326833,   18.408295,  281.383154,  -79.626123,  -24.927643, -138.613009,    0.000000,    0.000000,    0.028008,    0.654905,    0.647656,   10.029987,    0.051949,    0.001689,    0.001721,    0.000000
2021-05-07 24:00:00,319195.641174,    0.000000,    0.000000,    0.000000, 3965.760426, 3965.760000,    0.000000, -307.297941,    0.000000,    0.000000,    0.000000,    9.276652,119374.498513,    0.000000,    0.000000,   50.000000,    0.000000,    0.068000,   17.107731,    7.344885,   17.107731,  152.026975,  -73.161306,  -28.582278, -114.206688,    0.000000,    0.000000,    0.022442,    0.533627,    0.584621,   12.601662,    0.066588,    0.001689,    0.001721,    0.000000
2021-05-08 24:00:00,318770.560558,    0.000000,    0.000000,    0.000000, 3775.680426, 3775.680000,    0.000000, -451.564785,   30.336333,    0.000000,    0.000000,    9.273122,119297.938706,    0.000000,    0.000000,   50.000000,    0.000000,    0.068000,   16.857556,    7.366675,   16.857556,  297.131228, -107.665220,  -28.316581, -125.636575,    0.000000,    0.000000,    0.031265,    0.724213,    0.681065,    7.078819,    0.071495,    0.001689,    0.001721,    0.000000
2021-05-09 24:00:00,318439.913790,    0.000000,    0.000000,    0.000000, 3637.440426, 3637.440000,    0.000000, -327.462924,    0.000000,    0.000000,    0.000000,    9.270377,119238.387054,    0.000000,    0.000000,   50.000000,    0.000000,    0.068000,   17.126730,    7.387997,   17.126730,  228.652351,  -78.116549,   -2.158435,  -82.471392,    0.000000,    0.000000,    0.023261,    0.551692,    0.594434,   11.991977,    0.073432,    0.001689,    0.001721,    0.000000
2021-05-10 24:00:00,318144.260342,    0.000000,    0.000000,    0.000000, 3525.120426, 3525.120000,    0.000000, -292.667606,    0.000000,    0.000000,    0.000000,    9.267922,119185.137928,    0.000000,    0.000000,   50.000000,    0.000000,    0.068000,   17.201775,    7.409626,   17.201775,  199.576849,  -69.809930,   -5.706912,  -78.307416,    0.000000,    0.000000,    0.020933,    0.500054,    0.565932,   14.531267,    0.069511,    0.001689,    0.001721,    0.000000
2021-05-11 24:00:00,317881.326259,    0.000000,    0.000000,    0.000000, 3317.760426, 3317.760000,    0.000000, -260.168526,    0.000000,    0.000000,    0.000000,    9.265739,119137.781775,    0.000000,    0.000000,   50.000000,    0.000000,    0.068000,   17.645861,    7.437014,   17.645861,  243.363069,  -62.059303,  -12.343890,  -94.054147,    0.000000,    0.000000,    0.045441,    1.015069,    0.806312,    4.081441,    0.066436,    0.001689,    0.001721,    0.000000
2021-05-12 24:00:00,317444.903740,    0.000000,    0.000000,    0.000000, 3170.880426, 3170.880000,    0.000000, -431.606108,    0.000000,    0.000000,    0.000000,    9.262115,119059.179217,    0.000000,    0.000000,   50.000000,    0.000000,    0.068000,   15.943191,    7.456927,   15.943191,  142.887531, -103.157697,  -34.245077, -104.768427,    0.000000,    0.000000,    0.035134,    0.805178,    0.718127,    5.139199,    0.073832,    0.001689,    0.001721,    0.000000
2021-05-13 24:00:00,317138.987170,    0.000000,    0.000000,    0.000000, 3024.000426, 3024.000000,    0.000000, -302.369107,    0.000000,    0.000000,    0.000000,    9.259575,119004.081636,    0.000000,    0.000000,   50.000000,    0.000000,    0.068000,   16.206532,    7.480313,   16.206532,  259.287920,  -72.384943,  -21.374076, -114.131697,    0.000000,    0.000000,    0.021334,    0.508989,    0.570965,   11.563536,    0.075729,    0.001689,    0.001721,    0.000000
2021-05-14 24:00:00,316921.948967,    0.000000,    0.000000,    0.000000, 2859.840426, 2859.840000,    0.000000, -214.435903,    0.000000,    0.000000,    0.000000,    9.257772,118964.991632,    0.000000,    0.000000,   50.000000,    0.000000,    0.068000,   16.014973,    7.503917,   16.014973,  198.977602,  -51.317118,  -13.248633, -107.253532,    0.000000,    0.000000,    0.032248,    0.744839,    0.690695,    5.837446,    0.073263,    0.001689,    0.001721,    0.000000
2021-05-15 24:00:00,316655.578076,    0.000000,    0.000000,    0.000000, 2738.880426, 2738.880000,    0.000000, -263.081063,    0.000000,    0.000000,    0.000000,    9.255561,118917.016487,    0.000000,    0.000000,   50.000000,    0.000000,    0.068000,   16.757247,    7.530304,   16.757247,  271.934740,  -62.974523,  -11.184108, -111.104018,    0.000000,    0.000000,    0.021740,    0.518006,    0.576001,   11.588742,    0.074173,    0.001689,    0.001721,    0.000000
2021-05-16 24:00:00,316602.618225,    0.000000,    0.000000,    0.000000, 2669.760426, 2669.760000,    0.000000,  -82.515531,   30.221542,    0.000000,    0.000000,    9.255121,118907.478070,    0.000000,    0.000000,   50.000000,    0.000000,    0.068000,   16.199526,    7.553377,   16.199526,   72.868793,  -19.754109,   -7.301595,  -61.057986,    0.000000,    0.000000,    0.009199,    0.227642,    0.381840,   46.961343,    0.073055,    0.001689,    0.001721,    0.000000
2021-05-17 24:00:00,316530.573602,    0.000000,    0.000000,    0.000000, 2635.200426, 2635.200000,    0.000000,  -71.130755,    0.000000,    0.000000,    0.000000,    9.254523,118894.502361,    0.000000,    0.000000,   50.000000,    0.000000,    0.068000,   16.145271,    7.576761,   16.145271,   92.598644,  -17.033424,   -5.943767,  -56.651670,    0.000000,    0.000000,    0.018494,    0.445157,    0.533964,   14.918833,    0.070930,    0.001689,    0.001721,    0.000000
2021-05-18 24:00:00,316453.399219,    0.000000,    0.000000,    0.000000, 2583.360426, 2583.360000,    0.000000,  -76.186827,    0.000000,    0.000000,    0.000000,    9.253882,118880.602748,    0.000000,    0.000000,   50.000000,    0.000000,    0.068000,   17.299481,    7.601643,   17.299481,  182.609126,  -18.228728,   -2.214982,  -67.609451,    0.000000,    0.000000,    0.016763,    0.405691,    0.509745,   17.972646,    0.065113,    0.001689,    0.001721,    0.000000
2021-05-19 24:00:00,316314.096669,    0.000000,    0.000000,    0.000000, 2531.520426, 2531.520000,    0.000000, -137.497374,    0.000000,    0.000000,    0.000000,    9.252725,118855.513445,    0.000000,    0.000000,   50.000000,    0.000000,    0.068000,   18.658729,    7.627238,   18.658729,  263.215017,  -32.851633,   -3.072117,  -93.308664,    0.000000,    0.000000,    0.028545,    0.666262,    0.653248,    8.433697,    0.064228,    0.001689,    0.001721,    0.000000
2021-05-20 24:00:00,316100.577581,    0.000000,    0.000000,    0.000000, 2401.920426, 2401.920000,    0.000000, -210.696170,    0.000000,    0.000000,    0.000000,    9.250952,118817.057257,    0.000000,    0.000000,   50.000000,    0.000000,    0.068000,   19.844685,    7.656076,   19.844685,  292.637627,  -50.293553,   -2.061830, -101.235931,    0.000000,    0.000000,    0.031953,    0.738598,    0.687796,    8.087495,    0.055022,    0.001689,    0.001721,    0.000000
2021-05-21 24:00:00,315896.525634,    0.000000,    0.000000,    0.000000, 2263.680426, 2263.680000,    0.000000, -201.290408,    0.000000,    0.000000,    0.000000,    9.249258,118780.306163,    0.000000,    0.000000,   50.000000,    0.000000,    0.068000,   20.918725,    7.684052,   20.918725,  287.564502,  -47.996154,   -1.176559, -103.687887,    0.000000,    0.000000,    0.027977,    0.654084,    0.647250,   11.535167,    0.055022,    0.001689,    0.001721,    0.000000
2021-05-22 24:00:00,315641.354172,    0.000000,    0.000000,    0.000000, 2151.360426, 2151.360000,    0.000000, -251.630784,    0.000000,    0.000000,    0.000000,    9.247139,118734.348108,    0.000000,    0.000000,   50.000000,    0.000000,    0.068000,   21.175910,    7.711805,   21.175910,  221.052942,  -60.016378,    0.269134,  -85.251069,    0.000000,    0.000000,    0.019833,    0.475368,    0.551786,   22.128985,    0.055022,    0.001689,    0.001721,    0.000000
2021-05-23 24:00:00,315252.887302,    0.000000,    0.000000,    0.000000, 2013.120426, 2013.120000,    0.000000, -382.891234,    0.000000,    0.000000,    0.000000,    9.243913,118664.382677,    0.000000,    0.000000,   50.000000,    0.000000,    0.068000,   21.480142,    7.740622,   21.480142,  236.871522,  -91.324084,   17.905764,  -72.120018,    0.000000,    0.000000,    0.067305,    1.437976,    0.959691,    3.017398,    0.061701,    0.001689,    0.001721,    0.000000
2021-05-24 24:00:00,315080.609722,    0.000000,    0.000000,    0.000000, 1857.600426, 1857.600000,    0.000000, -169.732362,    0.000000,    0.000000,    0.000000,    9.242483,118633.354355,    0.000000,    0.000000,   50.000000,    0.000000,    0.068000,   21.313827,    7.768620,   21.313827,  126.091744,  -40.504312,    4.834312,  -62.003504,    0.000000,    0.000000,    0.014137,    0.344901,    0.470005,   42.437659,    0.065590,    0.001689,    0.001721,    0.000000
2021-05-25 24:00:00,315004.774979,    0.000000,    0.000000,    0.000000, 1753.920426, 1753.920000,    0.000000,  -74.699986,    0.000000,    0.000000,    0.000000,    9.241853,118619.696020,    0.000000,    0.000000,   50.000000,    0.000000,    0.068000,   22.250317,    7.797596,   22.250317,  172.571661,  -17.820103,   -3.268609,  -61.144226,    0.000000,    0.000000,    0.004884,    0.122365,    0.279952,  233.786880,    0.064842,    0.001689,    0.001721,    0.000000
2021-05-26 24:00:00,314815.226562,    0.000000,    0.000000,    0.000000, 1702.080426, 1702.080000,    0.000000, -186.674714,    0.000000,    0.000000,    0.000000,    9.240279,118585.557107,    0.000000,    0.000000,   50.000000,    0.000000,    0.068000,   23.263573,    7.827677,   23.263573,  224.901128,  -44.448554,    6.563126,  -71.780605,    0.000000,    0.000000,    0.032227,    0.744283,    0.690438,   12.064349,    0.063909,    0.001689,    0.001721,    0.000000
2021-05-27 24:00:00,314546.584286,    0.000000,    0.000000,    0.000000, 1581.120426, 1581.120000,    0.000000, -264.477595,    0.000000,    0.000000,    0.000000,    9.238048,118537.172870,    0.000000,    0.000000,   50.000000,    0.000000,    0.068000,   23.351259,    7.857485,   23.351259,  230.065035,  -63.015230,   -3.914175,  -89.081861,    0.000000,    0.000000,    0.023647,    0.560045,    0.598918,   21.635871,    0.055022,    0.001689,    0.001721,    0.000000
2021-05-28 24:00:00,314407.179691,    0.000000,    0.000000,    0.000000, 1762.560426, 1762.560000,    0.000000, -137.200630,    0.000000,    0.000000,    0.000000,    9.236891,118512.065188,    0.000000,    0.000000,   50.000000,    0.000000,    0.068000,   23.359306,    7.885556,   23.359306,  150.280913,  -32.688445,   -7.489546,  -70.082984,    0.000000,    0.000000,    0.002448,    0.062529,    0.200123,  698.167935,    0.055022,    0.001689,    0.001721,    0.000000
2021-05-29 24:00:00,314142.367287,    0.000000,    0.000000,    0.000000, 2125.440426, 2125.440000,    0.000000, -260.546570,    0.000000,    0.000000,    0.000000,    9.234692,118464.370737,    0.000000,    0.000000,   50.000000,    0.000000,    0.068000,   21.725543,    7.915086,   21.725543,   79.911062,  -62.151552,  -23.919461,  -73.194952,    0.000000,    0.000000,    0.009440,    0.233444,    0.386675,   88.751389,    0.063734,    0.001689,    0.001721,    0.000000
2021-05-30 24:00:00,313776.487379,    0.000000,    0.000000,    0.000000, 2263.680426, 2263.680000,    0.000000, -359.814019,    0.000000,    0.000000,    0.000000,    9.231654,118398.473366,    0.000000,    0.000000,   50.000000,    0.000000,    0.068000,   20.439888,    7.946290,   20.439888,  165.837718,  -86.047532,  -37.711086,  -93.773896,    0.000000,    0.000000,    0.030505,    0.707879,    0.673341,   11.449399,    0.068789,    0.001689,    0.001721,    0.000000
2021-05-31 24:00:00,313513.981872,    0.000000,    0.000000,    0.000000, 1926.720426, 1926.720000,    0.000000, -258.029622,    0.000000,    0.000000,    0.000000,    9.229474,118351.194402,    0.000000,    0.000000,   50.000000,    0.000000,    0.068000,   20.814849,    7.979691,   20.814849,  269.438453,  -61.783236,  -20.781933, -123.295366,    0.000000,    0.000000,    0.009438,    0.233401,    0.386640,   77.767114,    0.068170,    0.001689,    0.001721,    0.000000
2021-06-01 24:00:00,313356.865818,    0.000000,    0.000000,    0.000000, 1710.720426, 1710.720000,    0.000000, -154.387320,    0.000000,    0.000000,    0.000000,    9.228169,118322.896770,    0.000000,    0.000000,   50.000000,    0.000000,    0.068000,   21.461731,    8.013072,   21.461731,  231.204311,  -36.948852,   -6.883496, -100.224862,    0.000000,    0.000000,    0.003196,    0.080885,    0.227609,  411.381872,    0.067473,    0.001689,    0.001721,    0.000000
2021-06-02 24:00:00,313192.392114,    0.000000,    0.000000,    0.000000, 1615.680426, 1615.680000,    0.000000, -161.577695,    0.000000,    0.000000,    0.000000,    9.226804,118293.273977,    0.000000,    0.000000,   50.000000,    0.000000,    0.067000,   21.982842,    8.046457,   21.982842,  195.720385,  -38.644183,   -2.530671,  -76.187715,    0.000000,    0.000000,    0.027252,    0.638375,    0.639430,   15.148178,    0.066486,    0.001689,    0.001721,    0.000000
2021-06-03 24:00:00,313062.325114,    0.000000,    0.000000,    0.000000, 1581.120426, 1581.120000,    0.000000, -127.748237,    0.000000,    0.000000,    0.000000,    9.225724,118269.848057,    0.000000,    0.000000,   50.000000,    0.000000,    0.067000,   22.800517,    8.080507,   22.800517,  195.323087,  -30.526204,   -1.558070,  -67.763865,    0.000000,    0.000000,    0.024880,    0.586984,    0.613152,   18.807457,    0.064658,    0.001689,    0.001721,    0.000000
2021-06-04 24:00:00,312757.349994,    0.000000,    0.000000,    0.000000, 1520.640426, 1520.640000,    0.000000, -299.440567,    0.000000,    0.000000,    0.000000,    9.223191,118214.920037,    0.000000,    0.000000,   50.000000,    0.000000,    0.067000,   23.406790,    8.115864,   23.406790,  270.936827,  -71.487478,   -4.410159,  -93.049881,    0.000000,    0.000000,    0.046712,    1.039979,    0.816146,    6.918777,    0.063881,    0.001689,    0.001721,    0.000000
2021-06-05 24:00:00,312443.713187,    0.000000,    0.000000,    0.000000, 1451.520426, 1451.520000,    0.000000, -307.799890,    0.000000,    0.000000,    0.000000,    9.220587,118158.431991,    0.000000,    0.000000,   50.000000,    0.000000,    0.067000,   24.314962,    8.152343,   24.314962,  288.454724,  -73.568390,   -4.430824,  -96.082386,    0.000000,    0.000000,    0.006758,    0.168333,    0.328353,  173.585996,    0.065750,    0.001689,    0.001721,    0.000000
2021-06-06 24:00:00,312269.715772,    0.000000,    0.000000,    0.000000, 1399.680426, 1399.680000,    0.000000, -170.694990,    0.000000,    0.000000,    0.000000,    9.219142,118127.093915,    0.000000,    0.000000,   50.000000,    0.000000,    0.067000,   25.575693,    8.188518,   25.575693,  252.184061,  -40.694239,   -0.804250,  -79.778181,    0.000000,    0.000000,    0.008084,    0.200645,    0.358484,  142.771014,    0.065228,    0.001689,    0.001721,    0.000000
2021-06-07 24:00:00,312163.902181,    0.000000,    0.000000,    0.000000, 1442.880426, 1442.880000,    0.000000, -103.782995,    0.000000,    0.000000,    0.000000,    9.218263,118108.036193,    0.000000,    0.000000,   50.000000,    0.000000,    0.067000,   26.107314,    8.223734,   26.107314,  179.211390,  -24.739743,   -3.979277,  -69.441007,    0.000000,    0.000000,    0.004083,    0.102673,    0.256439,  417.009433,    0.064576,    0.001689,    0.001721,    0.000000
2021-06-08 24:00:00,311946.097129,    0.000000,    0.000000,    0.000000, 1788.480426, 1788.480000,    0.000000, -213.573052,    0.000000,    0.000000,    0.000000,    9.216455,118068.808075,    0.000000,    0.000000,   50.000000,    0.000000,    0.067000,   26.762391,    8.261213,   26.762391,  244.018755,  -50.863510,  -10.041317,  -77.923973,    0.000000,    0.000000,    0.022940,    0.544420,    0.590504,   29.116986,    0.090581,    0.001689,    0.001721,    0.000000
2021-06-09 24:00:00,311778.230840,    0.000000,    0.000000,    0.000000, 2021.760426, 2021.760000,    0.000000, -164.555904,    0.000000,    0.000000,    0.000000,    9.215061,118038.574255,    0.000000,    0.000000,   50.000000,    0.000000,    0.067000,   26.640926,    8.298130,   26.640926,  166.637867,  -39.206667,   -9.997275,  -70.919692,    0.000000,    0.000000,    0.011562,    0.284213,    0.426655,   91.392619,    0.052067,    0.001689,    0.001721,    0.000000
2021-06-10 24:00:00,311673.563728,    0.000000,    0.000000,    0.000000, 2194.560426, 2194.560000,    0.000000, -102.581615,    0.000000,    0.000000,    0.000000,    9.214192,118019.723022,    0.000000,    0.000000,   50.000000,    0.000000,    0.067000,   26.764024,    8.334437,   26.764024,  146.285942,  -24.439380,   -7.201220,  -65.855983,    0.000000,    0.000000,    0.012707,    0.311311,    0.446532,   78.513545,    0.090581,    0.001689,    0.001721,    0.000000
2021-06-11 24:00:00,311531.751385,    0.000000,    0.000000,    0.000000, 2859.840426, 2859.840000,    0.000000, -138.960732,    0.000000,    0.000000,    0.000000,    9.213014,117994.181688,    0.000000,    0.000000,   50.000000,    0.000000,    0.067000,   26.462983,    8.372400,   26.462983,  131.491185,  -33.110916,   -9.901042,  -64.354891,    0.000000,    0.000000,    0.019539,    0.468656,    0.547877,   38.618933,    0.090581,    0.001689,    0.001721,    0.000000
2021-06-12 24:00:00,311421.775423,    0.000000,    0.000000,    0.000000, 3810.240426, 3810.240000,    0.000000, -197.705635,   89.959500,    0.000000,    0.000000,    9.212101,117974.374296,    0.000000,    0.000000,   50.000000,    0.000000,    0.067000,   26.261876,    8.411255,   26.261876,  179.622040,  -47.147061,  -13.111879,  -79.199339,    0.000000,    0.000000,    0.013218,    0.323355,    0.455088,   72.322266,    0.058854,    0.001689,    0.001721,    0.000000
2021-06-13 24:00:00,311371.831365,    0.000000,    0.000000,    0.000000, 3922.560426, 3922.560000,    0.000000, -258.826149,  209.897939,    0.000000,    0.000000,    9.211686,117965.379044,    0.000000,    0.000000,   50.000000,    0.000000,    0.067000,   26.223776,    8.450851,   26.223776,  217.219910,  -61.711955,  -16.296391,  -80.936794,    0.000000,    0.000000,    0.028924,    0.674150,    0.657103,   19.561455,    0.061044,    0.001689,    0.001721,    0.000000
2021-06-14 24:00:00,311313.231608,    0.000000,    0.000000,    0.000000, 4199.040426, 4199.040000,    0.000000, -267.269014,  209.866791,    0.000000,    0.000000,    9.211200,117954.824843,    0.000000,    0.000000,   50.000000,    0.000000,    0.067000,   26.577804,    8.492486,   26.577804,  276.524976,  -63.736886,  -12.674598, -109.108588,    0.000000,    0.000000,    0.021841,    0.520096,    0.577161,   32.350514,    0.058485,    0.001689,    0.001721,    0.000000
2021-06-15 24:00:00,310835.910369,    0.000000,    0.000000,    0.000000, 3689.280426, 3689.280000,    0.000000, -587.254799,  119.902082,    0.000000,    0.000000,    9.207236,117868.856157,    0.000000,    0.000000,   50.000000,    0.000000,    0.067000,   24.964428,    8.534199,   24.964428,  248.863261, -140.295360,  -19.008517, -120.123817,    0.000000,    0.000000,    0.014898,    0.362576,    0.481898,   57.764921,    0.059782,    0.001689,    0.001721,    0.000000
2021-06-16 24:00:00,310165.612703,    0.000000,    0.000000,    0.000000, 3291.840426, 3291.840000,    0.000000, -655.725929,    0.000000,    0.000000,    0.000000,    9.201670,117748.131150,    0.000000,    0.000000,   50.000000,    0.000000,    0.067000,   23.732484,    8.576876,   23.732484,  306.071613, -157.050536,  -23.373291, -140.744729,    0.000000,    0.000000,    0.048473,    1.074659,    0.829642,    7.359216,    0.067122,    0.001689,    0.001721,    0.000000
2021-06-17 24:00:00,309580.609835,    0.000000,    0.000000,    0.000000, 2894.400426, 2894.400000,    0.000000, -582.172542,    0.000000,    0.000000,    0.000000,    9.196724,117641.374174,    0.000000,    0.000000,   50.000000,    0.000000,    0.067000,   23.004130,    8.620798,   23.004130,  303.276808, -139.790684,  -25.623644, -135.670631,    0.000000,    0.000000,    0.026243,    0.616456,    0.628357,   19.059939,    0.069507,    0.001689,    0.001721,    0.000000
2021-06-18 24:00:00,311872.617078,    0.000000,    0.000000,    0.000000, 2514.240426,    0.000000,    0.000000, -223.093712,    0.000000,    0.000000,    0.000000,    9.215845,118055.573836,    0.000000,    0.000000,   50.000000,    0.000000,    0.067000,   24.253113,    8.664395,   24.253113,  277.919070,  -53.361543,   -8.012703, -109.416956,    0.000000,    0.000000,    0.015544,    0.377521,    0.491729,   47.076831,    0.066389,    0.001689,    0.001721,    0.000000
2021-06-19 24:00:00,311625.056407,    0.000000,    0.000000,    0.000000, 2255.040426, 2255.040000,    0.000000, -242.637398,    0.000000,    0.000000,    0.000000,    9.213789,118010.986535,    0.000000,    0.000000,   50.000000,    0.000000,    0.067000,   24.892743,    8.707845,   24.892743,  234.552793,  -57.988143,    2.951974,  -83.537576,    0.000000,    0.000000,    0.015163,    0.368720,    0.485964,   52.068523,    0.060928,    0.001689,    0.001721,    0.000000
2021-06-20 24:00:00,311525.975288,    0.000000,    0.000000,    0.000000, 2013.120426, 2013.120000,    0.000000,  -97.084737,    0.000000,    0.000000,    0.000000,    9.212966,117993.141375,    0.000000,    0.000000,   50.000000,    0.000000,    0.067000,   25.501953,    8.751210,   25.501953,  194.257487,  -23.184087,   -0.979978,  -91.511553,    0.000000,    0.000000,    0.005692,    0.142222,    0.301814,  255.610631,    0.060928,    0.001689,    0.001721,    0.000000
2021-06-21 24:00:00,311398.460900,    0.000000,    0.000000,    0.000000, 1831.680426, 1831.680000,    0.000000, -214.836361,   89.907566,    0.000000,    0.000000,    9.211908,117970.175198,    0.000000,    0.000000,   50.000000,    0.000000,    0.067000,   26.494311,    8.795434,   26.494311,  246.857970,  -51.233419,    1.817560,  -86.323994,    0.000000,    0.000000,    0.017932,    0.432284,    0.526187,   43.642337,    0.060928,    0.001689,    0.001721,    0.000000
2021-06-22 24:00:00,312444.849651,    0.000000,    0.000000,    0.000000, 1918.080426, 1918.080000,    0.000000, -413.820658, 1438.694861,    0.000000,    0.000000,    9.220596,118158.636676,    0.000000,    0.000000,   50.000000,    0.000000,    0.067000,   24.220572,    8.839700,   24.220572,  154.363312,  -98.668278,  -25.567801, -109.139956,    0.000000,    0.000000,    0.036383,    0.830736,    0.729436,   12.587581,    0.065925,    0.001689,    0.001721,    0.000000
2021-06-23 24:00:00,312120.115163,    0.000000,    0.000000,    0.000000, 1632.960426, 1632.960000,    0.000000, -318.536411,    0.000000,    0.000000,    0.000000,    9.217900,118100.149864,    0.000000,    0.000000,   50.000000,    0.000000,    0.067000,   23.697572,    8.884979,   23.697572,  226.265597,  -76.118958,  -22.526960, -125.571874,    0.000000,    0.000000,    0.003746,    0.094408,    0.245901,  445.254724,    0.068962,    0.001689,    0.001721,    0.000000
2021-06-24 24:00:00,311889.612789,    0.000000,    0.000000,    0.000000, 1373.760426, 1373.760000,    0.000000, -226.006289,    0.000000,    0.000000,    0.000000,    9.215986,118058.634875,    0.000000,    0.000000,   50.000000,    0.000000,    0.067000,   23.569036,    8.929755,   23.569036,  204.249058,  -54.031251,  -12.323915, -109.574083,    0.000000,    0.000000,    0.007237,    0.180010,    0.339550,  167.260360,    0.052293,    0.001689,    0.001721,    0.000000
2021-06-25 24:00:00,311665.178128,    0.000000,    0.000000,    0.000000, 1278.720426, 1278.720000,    0.000000, -219.980857,    0.000000,    0.000000,    0.000000,    9.214122,118018.212720,    0.000000,    0.000000,   50.000000,    0.000000,    0.067000,   24.760906,    8.976447,   24.760906,  288.683646,  -52.573655,   -6.551001, -112.432643,    0.000000,    0.000000,    0.007961,    0.197657,    0.355804,  150.047566,    0.051570,    0.001689,    0.001721,    0.000000
2021-06-26 24:00:00,311491.841936,    0.000000,    0.000000,    0.000000, 1218.240426, 1218.240000,    0.000000, -169.844903,    0.000000,    0.000000,    0.000000,    9.212683,117986.993735,    0.000000,    0.000000,   50.000000,    0.000000,    0.067000,   25.799451,    9.022535,   25.799451,  245.934431,  -40.541928,   -1.270890,  -90.935167,    0.000000,    0.000000,    0.014122,    0.344508,    0.469737,   63.499052,    0.062279,    0.001689,    0.001721,    0.000000
2021-06-27 24:00:00,313128.710383,    0.000000,    0.000000,    0.000000, 1382.400426, 1382.400000,    0.000000, -134.561351, 1738.121704,    0.000000,    0.000000,    9.226275,118281.804480,    0.000000,    0.000000,   50.000000,    0.000000,    0.067000,   26.348914,    9.068542,   26.348914,  189.194714,  -32.000165,   -2.608305,  -78.836199,    0.000000,    0.000000,    0.013741,    0.335616,    0.463636,   68.503023,    0.052293,    0.001689,    0.001721,    0.000000
2021-06-28 24:00:00,313025.363151,    0.000000,    0.000000,    0.000000, 1347.840426, 1347.840000,    0.000000, -131.559872,   30.062057,    0.000000,    0.000000,    9.225417,118263.190965,    0.000000,    0.000000,   50.000000,    0.000000,    0.067000,   27.547493,    9.114324,   27.547493,  230.173080,  -31.247388,   -3.580880,  -80.765917,    0.000000,    0.000000,    0.005695,    0.142278,    0.301873,  288.094421,    0.052293,    0.001689,    0.001721,    0.000000
2021-06-29 24:00:00,312767.892820,    0.000000,    0.000000,    0.000000, 1209.600426, 1209.600000,    0.000000, -252.793091,    0.000000,    0.000000,    0.000000,    9.223279,118216.818870,    0.000000,    0.000000,   50.000000,    0.000000,    0.067000,   28.089239,    9.162221,   28.089239,  267.161365,  -60.039059,   -4.743892, -106.033579,    0.000000,    0.000000,    0.010557,    0.260269,    0.408288,  117.775977,    0.052293,    0.001689,    0.001721,    0.000000
2021-06-30 24:00:00,312502.540300,    0.000000,    0.000000,    0.000000, 1183.680426, 1183.680000,    0.000000, -260.427057,    0.000000,    0.000000,    0.000000,    9.221075,118169.027140,    0.000000,    0.000000,   50.000000,    0.000000,    0.067000,   28.552268,    9.210192,   28.552268,  248.277248,  -61.839021,   -7.324816,  -97.144580,    0.000000,    0.000000,    0.015559,    0.377907,    0.491980,   64.441546,    0.052293,    0.001689,    0.001721,    0.000000
2021-07-01 24:00:00,314268.483507,    0.000000,    0.000000,    0.000000, 1356.480426, 1356.480000,    0.000000, -248.366435, 1983.002793,    0.000000,    0.000000,    9.235739,118487.085096,    0.000000,    0.000000,   50.000000,    0.000000,    0.067000,   27.521580,    9.256806,   27.521580,  139.593653,  -58.835803,  -12.056728,  -86.495521,    0.000000,    0.000000,    0.004425,    0.111081,    0.266732,  445.557451,    0.052293,    0.001689,    0.001721,    0.000000
2021-07-02 24:00:00,314783.450444,    0.000000,    0.000000,    0.000000, 1494.720426, 1494.720000,    0.000000, -396.680386,  903.307097,    0.000000,    0.000000,    9.240015,118579.834019,    0.000000,    0.000000,   50.000000,    0.000000,    0.068000,   26.445310,    9.305315,   26.445310,  191.659954,  -93.993779,  -16.435357, -104.338361,    0.000000,    0.000000,    0.020233,    0.484330,    0.556963,   38.572172,    0.052293,    0.001689,    0.001721,    0.000000
2021-07-03 24:00:00,314102.304115,    0.000000,    0.000000,    0.000000, 1175.040426, 1175.040000,    0.000000, -670.355884,    0.000000,    0.000000,    0.000000,    9.234359,118457.155097,    0.000000,    0.000000,   50.000000,    0.000000,    0.068000,   24.751949,    9.354327,   24.751949,  265.922218, -159.449824,  -30.966470, -132.809213,    0.000000,    0.000000,    0.022818,    0.541794,    0.589077,   29.142612,    0.068605,    0.001689,    0.001721,    0.000000
2021-07-04 24:00:00,313802.631842,    0.000000,    0.000000,    0.000000, 1131.840426, 1131.840000,    0.000000, -294.700805,    0.000000,    0.000000,    0.000000,    9.231871,118403.182155,    0.000000,    0.000000,   50.000000,    0.000000,    0.068000,   25.562456,    9.402305,   25.562456,  268.303717,  -70.161679,  -10.393336, -110.356639,    0.000000,    0.000000,    0.019283,    0.462949,    0.544530,   37.703985,    0.067337,    0.001689,    0.001721,    0.000000
2021-07-05 24:00:00,313600.390420,    0.000000,    0.000000,    0.000000, 1114.560426, 1114.560000,    0.000000, -198.809469,    0.000000,    0.000000,    0.000000,    9.230191,118366.757148,    0.000000,    0.000000,   50.000000,    0.000000,    0.068000,   26.432985,    9.451568,   26.432985,  262.346217,  -47.268075,   -7.365590, -109.256390,    0.000000,    0.000000,    0.024054,    0.568942,    0.603656,   27.118946,    0.051719,    0.001689,    0.001721,    0.000000
2021-07-06 24:00:00,313392.463382,    0.000000,    0.000000,    0.000000, 1097.280426, 1097.280000,    0.000000, -204.334984,    0.000000,    0.000000,    0.000000,    9.228465,118329.308125,    0.000000,    0.000000,   50.000000,    0.000000,    0.068000,   27.678904,    9.500867,   27.678904,  270.289614,  -48.543531,   -4.426143, -103.687399,    0.000000,    0.000000,    0.017278,    0.417411,    0.517056,   48.926394,    0.051719,    0.001689,    0.001721,    0.000000
2021-07-07 24:00:00,313111.770635,    0.000000,    0.000000,    0.000000, 1088.640426, 1088.640000,    0.000000, -275.741862,    0.000000,    0.000000,    0.000000,    9.226134,118278.753520,    0.000000,    0.000000,   50.000000,    0.000000,    0.068000,   27.401815,    9.550360,   27.401815,  207.988820,  -65.490554,   -6.517990,  -93.141336,    0.000000,    0.000000,    0.024050,    0.568847,    0.603605,   29.826709,    0.054147,    0.001689,    0.001721,    0.000000
2021-07-08 24:00:00,313085.449050,    0.000000,    0.000000,    0.000000, 1123.200426, 1123.200000,    0.000000, -206.087776,  180.227479,    0.000000,    0.000000,    9.225916,118274.012830,    0.000000,    0.000000,   50.000000,    0.000000,    0.068000,   26.259390,    9.598884,   26.259390,  106.736760,  -48.979123,  -12.018992,  -87.103022,    0.000000,    0.000000,    0.018207,    0.438588,    0.530010,   45.638048,    0.052293,    0.001689,    0.001721,    0.000000
2021-07-09 24:00:00,312834.661632,    0.000000,    0.000000,    0.000000, 1114.560426, 1114.560000,    0.000000, -246.253964,    0.000000,    0.000000,    0.000000,    9.223833,118228.844371,    0.000000,    0.000000,   50.000000,    0.000000,    0.068000,   26.074241,    9.648091,   26.074241,  183.694015,  -58.600484,   -7.635793,  -94.882233,    0.000000,    0.000000,    0.022809,    0.541559,    0.588950,   31.175135,    0.052293,    0.001689,    0.001721,    0.000000
2021-07-10 24:00:00,312835.361448,    0.000000,    0.000000,    0.000000, 1062.720426, 1062.720000,    0.000000, -269.582369,  270.228047,    0.000000,    0.000000,    9.223839,118228.970412,    0.000000,    0.000000,   50.000000,    0.000000,    0.068000,   26.788713,    9.697661,   26.788713,  237.473514,  -64.126421,  -11.294706,  -95.247401,    0.000000,    0.000000,    0.011060,    0.272279,    0.417602,  100.505250,    0.064257,    0.001689,    0.001721,    0.000000
2021-07-11 24:00:00,312658.518099,    0.000000,    0.000000,    0.000000, 1097.280426, 1097.280000,    0.000000, -203.640052,   30.048971,    0.000000,    0.000000,    9.222371,118197.119765,    0.000000,    0.000000,   50.000000,    0.000000,    0.068000,   28.255068,    9.746975,   28.255068,  252.298177,  -48.384730,   -5.395950,  -83.910189,    0.000000,    0.000000,    0.004996,    0.125126,    0.283093,  357.325056,    0.063801,    0.001689,    0.001721,    0.000000
2021-07-12 24:00:00,312440.843293,    0.000000,    0.000000,    0.000000, 1045.440426, 1045.440000,    0.000000, -213.606692,    0.000000,    0.000000,    0.000000,    9.220563,118157.915104,    0.000000,    0.000000,   50.000000,    0.000000,    0.068000,   28.274791,    9.796473,   28.274791,  201.783449,  -50.725900,   -3.864517,  -93.712514,    0.000000,    0.000000,    0.011437,    0.281263,    0.424435,  104.519675,    0.052293,    0.001689,    0.001721,    0.000000
2021-07-13 24:00:00,312097.950564,    0.000000,    0.000000,    0.000000, 1010.880426, 1010.880000,    0.000000, -336.342967,    0.000000,    0.000000,    0.000000,    9.217716,118096.157875,    0.000000,    0.000000,   50.000000,    0.000000,    0.068000,   28.283489,    9.846833,   28.283489,  251.368499,  -79.926450,   -5.457712, -111.295111,    0.000000,    0.000000,    0.006282,    0.156681,    0.316784,  276.342074,    0.052293,    0.001689,    0.001721,    0.000000
2021-07-14 24:00:00,312487.301692,    0.000000,    0.000000,    0.000000, 1080.000426, 1080.000000,    0.000000, -278.104142,  659.696697,    0.000000,    0.000000,    9.220949,118166.282567,    0.000000,    0.000000,   50.000000,    0.000000,    0.068000,   28.328022,    9.896487,   28.328022,  212.819819,  -66.047170,  -11.112351,  -99.686851,    0.000000,    0.000000,    0.015297,    0.371850,    0.488022,   66.504532,    0.052293,    0.001689,    0.001721,    0.000000
2021-07-15 24:00:00,312302.557573,    0.000000,    0.000000,    0.000000, 1036.800426, 1036.800000,    0.000000, -241.258519,   60.007793,    0.000000,    0.000000,    9.219415,118133.008939,    0.000000,    0.000000,   50.000000,    0.000000,    0.068000,   28.513533,    9.946298,   28.513533,  221.508338,  -57.288647,  -11.668097, -107.115525,    0.000000,    0.000000,    0.022258,    0.529354,    0.582275,   36.032998,    0.052293,    0.001689,    0.001721,    0.000000
2021-07-16 24:00:00,312018.504770,    0.000000,    0.000000,    0.000000, 1010.880426, 1010.880000,    0.000000, -278.579003,    0.000000,    0.000000,    0.000000,    9.217056,118081.849166,    0.000000,    0.000000,   50.000000,    0.000000,    0.068000,   28.438871,    9.996132,   28.438871,  208.659545,  -66.207605,   -9.339885, -102.525406,    0.000000,    0.000000,    0.008695,    0.215443,    0.371468,  167.580358,    0.052293,    0.001689,    0.001721,    0.000000
2021-07-17 24:00:00,312634.310567,    0.000000,    0.000000,    0.000000, 1140.480426, 1140.480000,    0.000000, -265.969840,  869.488623,    0.000000,    0.000000,    9.222170,118192.759829,    0.000000,    0.000000,   50.000000,    0.000000,    0.068000,   28.038835,   10.046019,   28.038835,  174.998578,  -63.146954,   -9.996134,  -91.194712,    0.000000,    0.000000,    0.028512,    0.665404,    0.652827,   23.577337,    0.052293,    0.001689,    0.001721,    0.000000
2021-07-18 24:00:00,312227.734272,    0.000000,    0.000000,    0.000000, 1028.160426, 1028.160000,    0.000000, -398.907259,    0.000000,    0.000000,    0.000000,    9.218793,118119.532772,    0.000000,    0.000000,   50.000000,    0.000000,    0.068000,   27.877235,   10.096412,   27.877235,  232.354544,  -94.793928,  -12.786830,  -96.855720,    0.000000,    0.000000,    0.010681,    0.263225,    0.410600,  118.697020,    0.052293,    0.001689,    0.001721,    0.000000
2021-07-19 24:00:00,312013.154297,    0.000000,    0.000000,    0.000000,  967.680426,  967.680000,    0.000000, -240.452406,   30.019991,    0.000000,    0.000000,    9.217012,118080.885511,    0.000000,    0.000000,   50.000000,    0.000000,    0.068000,   28.090541,   10.145830,   28.090541,  212.534091,  -57.139199,  -12.175297, -105.497121,    0.000000,    0.000000,    0.021437,    0.511137,    0.572169,   37.810394,    0.052293,    0.001689,    0.001721,    0.000000
2021-07-20 24:00:00,311710.348828,    0.000000,    0.000000,    0.000000,  950.400426,  950.400000,    0.000000, -296.834912,    0.000000,    0.000000,    0.000000,    9.214497,118026.348259,    0.000000,    0.000000,   50.000000,    0.000000,    0.068000,   27.151909,   10.195172,   27.151909,  179.267702,  -70.652657,  -16.716227, -117.566108,    0.000000,    0.000000,    0.027660,    0.647095,    0.643783,   23.702438,    0.063932,    0.001689,    0.001721,    0.000000
2021-07-21 24:00:00,311283.605249,    0.000000,    0.000000,    0.000000,  950.400426,  950.400000,    0.000000, -418.098082,    0.000000,    0.000000,    0.000000,    9.210954,117949.488941,    0.000000,    0.000000,   50.000000,    0.000000,    0.068000,   26.893018,   10.244832,   26.893018,  235.895706,  -99.599898,   -8.722015, -111.953173,    0.000000,    0.000000,    0.042969,    0.964930,    0.786146,   11.016353,    0.052293,    0.001689,    0.001721,    0.000000
2021-07-22 24:00:00,311901.245517,    0.000000,    0.000000,    0.000000,  941.760426,    0.000000,    0.000000, -317.370619,    0.000000,    0.000000,    0.000000,    9.216082,118060.730005,    0.000000,    0.000000,   50.000000,    0.000000,    0.068000,   26.809262,   10.295059,   26.809262,  229.152811,  -75.580595,  -12.518076, -118.178201,    0.000000,    0.000000,    0.023345,    0.553309,    0.595305,   30.358407,    0.068278,    0.001689,    0.001721,    0.000000
2021-07-23 24:00:00,311664.957409,    0.000000,    0.000000,    0.000000,  941.760426,  941.760000,    0.000000, -231.600786,    0.000000,    0.000000,    0.000000,    9.214120,118018.172967,    0.000000,    0.000000,   50.000000,    0.000000,    0.068000,   26.895219,   10.344293,   26.895219,  214.723990,  -55.158785,   -9.635858, -114.607432,    0.000000,    0.000000,    0.022117,    0.526212,    0.580545,   33.263302,    0.067505,    0.001689,    0.001721,    0.000000
2021-07-24 24:00:00,312041.068647,    0.000000,    0.000000,    0.000000,  941.760426,  941.760000,    0.000000, -230.913998,  599.394057,    0.000000,    0.000000,    9.217243,118085.913068,    0.000000,    0.000000,   50.000000,    0.000000,    0.068000,   27.644650,   10.392812,   27.644650,  231.473225,  -54.922181,   -6.979683,  -92.920773,    0.000000,    0.000000,    0.011436,    0.281228,    0.424409,  101.780351,    0.052293,    0.001689,    0.001721,    0.000000
2021-07-25 24:00:00,312116.690495,    0.000000,    0.000000,    0.000000,  933.120426,  933.120000,    0.000000, -135.851660,  209.994094,    0.000000,    0.000000,    9.217871,118099.533059,    0.000000,    0.000000,   50.000000,    0.000000,    0.068000,   28.503248,   10.440772,   28.503248,  191.992056,  -32.278499,   -5.812058,  -79.063910,    0.000000,    0.000000,    0.012836,    0.314371,    0.448721,   85.565726,    0.051044,    0.001689,    0.001721,    0.000000
2021-07-26 24:00:00,316289.652407,    0.000000,    0.000000,    0.000000,  933.120426,  933.120000,    0.000000, -257.963092, 4354.371406,    0.000000,    0.000000,    9.252522,118851.110873,    0.000000,    0.000000,   50.000000,    0.000000,    0.068000,   27.972676,   10.488268,   27.972676,  170.911234,  -60.894518,  -14.881090,  -86.338140,    0.000000,    0.000000,    0.027559,    0.645109,    0.642794,   24.139836,    0.050646,    0.001689,    0.001721,    0.000000
2021-07-27 24:00:00,316011.902499,    0.000000,    0.000000,    0.000000,  924.480426,  924.480000,    0.000000, -274.054778,    0.000000,    0.000000,    0.000000,    9.250216,118801.086293,    0.000000,    0.000000,   50.000000,    0.000000,    0.068000,   29.041730,   10.536308,   29.041730,  245.141180,  -64.745111,  -13.656772,  -87.454786,    0.000000,    0.000000,    0.012595,    0.308712,    0.444664,   88.653853,    0.052293,    0.001689,    0.001721,    0.000000
2021-07-28 24:00:00,315623.258099,    0.000000,    0.000000,    0.000000,  924.480426,  924.480000,    0.000000, -383.281394,    0.000000,    0.000000,    0.000000,    9.246989,118731.088887,    0.000000,    0.000000,   50.000000,    0.000000,    0.068000,   28.924769,   10.583095,   28.924769,  262.557287,  -90.536002,  -15.658661, -119.305975,    0.000000,    0.000000,    0.021325,    0.508729,    0.570820,   38.078496,    0.064865,    0.001689,    0.001721,    0.000000
2021-07-29 24:00:00,315310.112330,    0.000000,    0.000000,    0.000000,  924.480426,  924.480000,    0.000000, -308.659531,    0.000000,    0.000000,    0.000000,    9.244388,118674.689280,    0.000000,    0.000000,   50.000000,    0.000000,    0.068000,   28.864516,   10.628711,   28.864516,  221.607158,  -72.941116,  -13.028858, -106.192889,    0.000000,    0.000000,    0.015179,    0.369157,    0.486251,   67.104993,    0.052293,    0.001689,    0.001721,    0.000000
2021-07-30 24:00:00,314727.375139,    0.000000,    0.000000,    0.000000,  915.840426,  915.840000,    0.000000, -574.005196,    0.000000,    0.000000,    0.000000,    9.239549,118569.734489,    0.000000,    0.000000,   50.000000,    0.000000,    0.068000,   28.250599,   10.675521,   28.250599,  256.677435, -135.752234,   -6.826675, -104.606231,    0.000000,    0.000000,    0.013360,    0.326714,    0.457445,   82.759095,    0.052293,    0.001689,    0.001721,    0.000000
2021-07-31 24:00:00,314530.562497,    0.000000,    0.000000,    0.000000,  915.840426,  915.840000,    0.000000, -284.074268,   90.321518,    0.000000,    0.000000,    9.237915,118534.287241,    0.000000,    0.000000,   50.000000,    0.000000,    0.068000,   28.203429,   10.720380,   28.203429,  206.795332,  -67.268661,  -11.019735, -107.012702,    0.000000,    0.000000,    0.020638,    0.493385,    0.562145,   39.738901,    0.056092,    0.001689,    0.001721,    0.000000
2021-08-01 24:00:00,314122.781440,    0.000000,    0.000000,    0.000000,  915.840426,  915.840000,    0.000000, -401.245630,    0.000000,    0.000000,    0.000000,    9.234529,118460.843198,    0.000000,    0.000000,   50.000000,    0.000000,    0.068000,   27.477662,   10.766285,   27.477662,  197.000337,  -95.062154,  -17.641420, -101.136574,    0.000000,    0.000000,    0.038296,    0.870213,    0.746566,   13.629146,    0.055704,    0.001689,    0.001721,    0.000000
2021-08-02 24:00:00,313670.626672,    0.000000,    0.000000,    0.000000,  907.200426,  907.200000,    0.000000, -444.621759,    0.000000,    0.000000,    0.000000,    9.230775,118379.407158,    0.000000,    0.000000,   50.000000,    0.000000,    0.071000,   27.235446,   10.811229,   27.235446,  257.357438, -105.589483,  -17.455956, -127.669069,    0.000000,    0.000000,    0.005229,    0.130847,    0.289492,  326.076748,    0.066811,    0.001689,    0.001721,    0.000000
2021-08-03 24:00:00,313442.795254,    0.000000,    0.000000,    0.000000,  907.200426,  907.200000,    0.000000, -223.916672,    0.000000,    0.000000,    0.000000,    9.228883,118338.373225,    0.000000,    0.000000,   50.000000,    0.000000,    0.071000,   26.998600,   10.854878,   26.998600,  194.684251,  -53.171568,   -8.472801, -110.872483,    0.000000,    0.000000,    0.004997,    0.125151,    0.283121,  358.152971,    0.066029,    0.001689,    0.001721,    0.000000
2021-08-04 24:00:00,313093.946490,    0.000000,    0.000000,    0.000000,  898.560426,  898.560000,    0.000000, -342.705049,    0.000000,    0.000000,    0.000000,    9.225986,118275.543274,    0.000000,    0.000000,   50.000000,    0.000000,    0.071000,   27.260786,   10.899664,   27.260786,  264.707456,  -81.424582,  -15.011642, -123.947374,    0.000000,    0.000000,    0.008820,    0.218482,    0.374079,  150.059891,    0.065481,    0.001689,    0.001721,    0.000000
2021-08-05 24:00:00,312771.419549,    0.000000,    0.000000,    0.000000,  898.560426,  898.560000,    0.000000, -316.684199,    0.000000,    0.000000,    0.000000,    9.223308,118217.454057,    0.000000,    0.000000,   50.000000,    0.000000,    0.071000,   27.493598,   10.943289,   27.493598,  256.904059,  -75.262111,  -14.668056, -122.617558,    0.000000,    0.000000,    0.020221,    0.484003,    0.556775,   38.847095,    0.057667,    0.001689,    0.001721,    0.000000
2021-08-06 24:00:00,312439.947861,    0.000000,    0.000000,    0.000000,  898.560426,  898.560000,    0.000000, -325.305336,    0.000000,    0.000000,    0.000000,    9.220556,118157.753831,    0.000000,    0.000000,   50.000000,    0.000000,    0.071000,   27.573532,   10.986860,   27.573532,  241.648099,  -77.340823,  -11.229542, -124.718442,    0.000000,    0.000000,    0.017273,    0.417281,    0.516975,   50.308790,    0.057262,    0.001689,    0.001721,    0.000000
2021-08-07 24:00:00,312238.070839,    0.000000,    0.000000,    0.000000,  889.920426,  889.920000,    0.000000, -198.040059,    0.000000,    0.000000,    0.000000,    9.218879,118121.394455,    0.000000,    0.000000,   50.000000,    0.000000,    0.071000,   26.862089,   11.029663,   26.862089,  148.152776,  -47.119531,  -10.083676, -106.808467,    0.000000,    0.000000,    0.017404,    0.420283,    0.518832,   49.084564,    0.056867,    0.001689,    0.001721,    0.000000
2021-08-08 24:00:00,311944.681834,    0.000000,    0.000000,    0.000000,  889.920426,  889.920000,    0.000000, -287.704706,    0.000000,    0.000000,    0.000000,    9.216443,118068.553171,    0.000000,    0.000000,   50.000000,    0.000000,    0.071000,   27.623307,   11.072722,   27.623307,  244.376096,  -68.475669,   -9.265445, -105.690962,    0.000000,    0.000000,    0.013994,    0.341535,    0.467706,   70.022072,    0.056464,    0.001689,    0.001721,    0.000000
2021-08-09 24:00:00,311722.369845,    0.000000,    0.000000,    0.000000,  889.920426,  889.920000,    0.000000, -217.918760,    0.000000,    0.000000,    0.000000,    9.214597,118028.513323,    0.000000,    0.000000,   50.000000,    0.000000,    0.071000,   27.561346,   11.114368,   27.561346,  180.346260,  -51.852284,   -5.673708, -100.215709,    0.000000,    0.000000,    0.007962,    0.197660,    0.355807,  171.978212,    0.055849,    0.001689,    0.001721,    0.000000
2021-08-10 24:00:00,311649.804596,    0.000000,    0.000000,    0.000000,  881.280426,  881.280000,    0.000000, -221.003298,  149.871604,    0.000000,    0.000000,    9.213995,118015.443846,    0.000000,    0.000000,   50.000000,    0.000000,    0.071000,   28.561926,   11.156542,   28.561926,  223.437336,  -52.545397,   -5.759031,  -89.696640,    0.000000,    0.000000,    0.016080,    0.389913,    0.499735,   56.418506,    0.055457,    0.001689,    0.001721,    0.000000
2021-08-11 24:00:00,311676.197504,    0.000000,    0.000000,    0.000000,  881.280426,  881.280000,    0.000000, -213.946094,  239.776426,    0.000000,    0.000000,    9.214214,118020.197382,    0.000000,    0.000000,   50.000000,    0.000000,    0.071000,   27.673138,   11.198593,   27.673138,  136.815391,  -50.894892,   -8.054555,  -87.118359,    0.000000,    0.000000,    0.030485,    0.707353,    0.673091,   19.786529,    0.052095,    0.001689,    0.001721,    0.000000
2021-08-12 24:00:00,312344.673839,    0.000000,    0.000000,    0.000000,  872.640426,  872.640000,    0.000000, -244.276300,  899.387381,    0.000000,    0.000000,    9.219764,118140.594355,    0.000000,    0.000000,   50.000000,    0.000000,    0.071000,   27.417012,   11.240565,   27.417012,  158.714427,  -58.090366,   -7.575530,  -87.825124,    0.000000,    0.000000,    0.044171,    0.989170,    0.795959,   10.315945,    0.051698,    0.001689,    0.001721,    0.000000
2021-08-13 24:00:00,312386.636932,    0.000000,    0.000000,    0.000000,  872.640426,  872.640000,    0.000000, -258.892361,  300.016165,    0.000000,    0.000000,    9.220113,118148.152183,    0.000000,    0.000000,   50.000000,    0.000000,    0.071000,   27.361575,   11.282577,   27.361575,  162.006822,  -61.558254,   -8.310967,  -75.174500,    0.000000,    0.000000,    0.029074,    0.677405,    0.658688,   20.793742,    0.051301,    0.001689,    0.001721,    0.000000
2021-08-14 24:00:00,312512.111744,    0.000000,    0.000000,    0.000000,  872.640426,  872.640000,    0.000000, -326.984314,  450.019589,    0.000000,    0.000000,    9.221155,118170.751020,    0.000000,    0.000000,   50.000000,    0.000000,    0.071000,   27.977595,   11.322865,   27.977595,  240.712514,  -77.706053,   -7.631158,  -85.612630,    0.000000,    0.000000,    0.011564,    0.284277,    0.426703,   98.329273,    0.050868,    0.001689,    0.001721,    0.000000
2021-08-15 24:00:00,318822.544608,    0.000000,    0.000000,    0.000000,  864.000426,  864.000000,    0.000000, -171.244654, 6382.920826,    0.000000,    0.000000,    9.273554,119307.301374,    0.000000,    0.000000,   50.000000,    0.000000,    0.071000,   27.841724,   11.363580,   27.841724,  155.364121,  -40.288956,   -8.660021,  -74.461008,    0.000000,    0.000000,    0.003309,    0.083671,    0.231496,  652.848079,    0.050488,    0.001689,    0.001721,    0.000000
2021-08-16 24:00:00,319786.461226,    0.000000,    0.000000,    0.000000,  864.000426,  864.000000,    0.000000, -136.186102, 1091.626607,    0.000000,    0.000000,    9.281558,119480.909080,    0.000000,    0.000000,   50.000000,    0.000000,    0.071000,   27.472638,   11.402933,   27.472638,  107.775813,  -32.014548,   -8.799220,  -71.226560,    0.000000,    0.000000,    0.007131,    0.177464,    0.337140,  208.443417,    0.050111,    0.001689,    0.001721,    0.000000
2021-08-17 24:00:00,320452.099114,    0.000000,    0.000000,    0.000000,  864.000426,  864.000000,    0.000000, -159.106084,  819.525273,    0.000000,    0.000000,    9.287085,119600.794830,    0.000000,    0.000000,   50.000000,    0.000000,    0.071000,   26.840254,   11.441653,   26.840254,   89.231877,  -37.382455,  -12.040943,  -66.973850,    0.000000,    0.000000,    0.035747,    0.818079,    0.723857,   14.284085,    0.052169,    0.001689,    0.001721,    0.000000
2021-08-18 24:00:00,321431.411817,    0.000000,    0.000000,    0.000000,  855.360426,  855.360000,    0.000000, -212.450561, 1185.386814,    0.000000,    0.000000,    9.295217,119777.175472,    0.000000,    0.000000,   50.000000,    0.000000,    0.071000,   26.842192,   11.480041,   26.842192,  150.492992,  -49.864635,   -8.706009,  -70.342250,    0.000000,    0.000000,    0.022732,    0.540104,    0.588158,   30.250069,    0.063118,    0.001689,    0.001721,    0.000000
2021-08-19 24:00:00,322007.409316,    0.000000,    0.000000,    0.000000,  855.360426,  855.360000, 1798.609680, -241.843757, 2557.439990,    0.000000,    0.000000,    9.300000,119880.916400,    0.000000,    0.000000,   50.000000,    0.000000,    0.071000,   27.012821,   11.517961,   27.012821,  182.432976,  -56.711243,   -8.694789,  -83.787722,    0.000000,    0.000000,    0.025240,    0.595212,    0.617435,   26.196714,    0.068338,    0.001689,    0.001721,    0.000000
2021-08-20 24:00:00,321794.992856,    0.000000,    0.000000,    0.000000,  855.360426,  855.360000,    0.000000, -272.348523,   60.931056,    0.000000,    0.000000,    9.298236,119842.658802,    0.000000,    0.000000,   50.000000,    0.000000,    0.071000,   26.482023,   11.555661,   26.482023,  143.811118,  -63.892570,  -18.087034,  -69.312104,    0.000000,    0.000000,    0.026762,    0.628163,    0.634295,   22.746612,    0.067672,    0.001689,    0.001721,    0.000000
2021-08-21 24:00:00,321583.686974,    0.000000,    0.000000,    0.000000,  846.720426,  846.720000,    0.000000, -210.244745,    0.000000,    0.000000,    0.000000,    9.296482,119804.601227,    0.000000,    0.000000,   50.000000,    0.000000,    0.071000,   26.612236,   11.592539,   26.612236,  183.126564,  -49.359488,  -14.848873,  -94.965179,    0.000000,    0.000000,    0.023560,    0.558353,    0.598012,   27.442487,    0.066937,    0.001689,    0.001721,    0.000000
2021-08-22 24:00:00,321301.819081,    0.000000,    0.000000,    0.000000,  846.720426,  846.720000,    0.000000, -280.348727,    0.000000,    0.000000,    0.000000,    9.294141,119753.834970,    0.000000,    0.000000,   50.000000,    0.000000,    0.071000,   27.171788,   11.629141,   27.171788,  244.080803,  -65.808413,  -10.679935, -107.650287,    0.000000,    0.000000,    0.020953,    0.500582,    0.566230,   34.009371,    0.066049,    0.001689,    0.001721,    0.000000
2021-08-23 24:00:00,320993.685334,    0.000000,    0.000000,    0.000000,  838.080426,  838.080000,    0.000000, -306.337368,    0.000000,    0.000000,    0.000000,    9.291582,119698.338061,    0.000000,    0.000000,   50.000000,    0.000000,    0.071000,   27.360716,   11.665920,   27.360716,  233.049530,  -71.932449,  -11.819938, -106.728558,    0.000000,    0.000000,    0.048187,    1.069989,    0.827838,    8.478702,    0.065110,    0.001689,    0.001721,    0.000000
2021-08-24 24:00:00,320789.359839,    0.000000,    0.000000,    0.000000,  838.080426,  838.080000,    0.000000, -203.055417,    0.000000,    0.000000,    0.000000,    9.289886,119661.537699,    0.000000,    0.000000,   50.000000,    0.000000,    0.071000,   27.822297,   11.701603,   27.822297,  218.809630,  -47.668926,   -7.931436,  -98.955234,    0.000000,    0.000000,    0.021358,    0.509612,    0.571315,   34.612198,    0.053527,    0.001689,    0.001721,    0.000000
2021-08-25 24:00:00,320541.743384,    0.000000,    0.000000,    0.000000,  838.080426,  838.080000,    0.000000, -245.993925,    0.000000,    0.000000,    0.000000,    9.287830,119616.940351,    0.000000,    0.000000,   50.000000,    0.000000,    0.071000,   28.382259,   11.736450,   28.382259,  222.403873,  -57.688062,   -9.863942,  -96.424115,    0.000000,    0.000000,    0.026752,    0.627892,    0.634159,   23.617059,    0.053105,    0.001689,    0.001721,    0.000000
2021-08-26 24:00:00,320308.754315,    0.000000,    0.000000,    0.000000,  829.440426,  829.440000,    0.000000, -231.378650,    0.000000,    0.000000,    0.000000,    9.285895,119574.977491,    0.000000,    0.000000,   50.000000,    0.000000,    0.071000,   29.124386,   11.770694,   29.124386,  227.000482,  -54.281835,   -8.740078,  -98.912864,    0.000000,    0.000000,    0.019861,    0.476106,    0.552214,   39.474776,    0.063495,    0.001689,    0.001721,    0.000000
2021-08-27 24:00:00,320149.330940,    0.000000,    0.000000,    0.000000,  829.440426,  829.440000,    0.000000, -188.661554,   30.386773,    0.000000,    0.000000,    9.284571,119546.264296,    0.000000,    0.000000,   50.000000,    0.000000,    0.071000,   28.449841,   11.803587,   28.449841,  158.407081,  -44.251189,   -8.731040, -100.494785,    0.000000,    0.000000,    0.020538,    0.491275,    0.560942,   39.137371,    0.063135,    0.001689,    0.001721,    0.000000
2021-08-28 24:00:00,319959.799191,    0.000000,    0.000000,    0.000000,  829.440426,  829.440000,    0.000000, -188.116420,    0.000000,    0.000000,    0.000000,    9.282997,119512.128385,    0.000000,    0.000000,   50.000000,    0.000000,    0.071000,   28.817952,   11.837003,   28.817952,  193.822191,  -44.152485,   -7.597552,  -96.436946,    0.000000,    0.000000,    0.022584,    0.536801,    0.586357,   33.110296,    0.051771,    0.001689,    0.001721,    0.000000
2021-08-29 24:00:00,320275.590664,    0.000000,    0.000000,    0.000000,  820.800426,  820.800000,    0.000000, -202.649242,  516.005946,    0.000000,    0.000000,    9.285620,119569.004500,    0.000000,    0.000000,   50.000000,    0.000000,    0.071000,   29.447312,   11.869221,   29.447312,  219.487320,  -47.491133,   -7.118019, -100.764380,    0.000000,    0.000000,    0.020810,    0.497372,    0.564412,   38.774261,    0.051364,    0.001689,    0.001721,    0.000000
2021-08-30 24:00:00,319959.742003,    0.000000,    0.000000,    0.000000,  820.800426,  820.800000,    0.000000, -313.520752,    0.000000,    0.000000,    0.000000,    9.282997,119512.118085,    0.000000,    0.000000,   50.000000,    0.000000,    0.071000,   29.041982,   11.900705,   29.041982,  208.991287,  -73.524315,  -16.226696,  -96.800815,    0.000000,    0.000000,    0.026888,    0.630794,    0.635623,   25.710117,    0.050961,    0.001689,    0.001721,    0.000000
2021-08-31 24:00:00,321351.641206,    0.000000,    0.000000,    0.000000,  812.160426,  812.160000,    0.000000, -166.880811, 1548.016795,    0.000000,    0.000000,    9.294555,119762.808262,    0.000000,    0.000000,   50.000000,    0.000000,    0.071000,   27.868271,   11.932216,   27.868271,   83.898847,  -39.098569,  -10.889223,  -89.421250,    0.000000,    0.000000,    0.009583,    0.236929,    0.389551,  133.775592,    0.063455,    0.001689,    0.001721,    0.000000
2021-09-01 24:00:00,322007.409316,    0.000000,    0.000000,    0.000000,  812.160426,  812.160000, 1784.255702, -420.617239, 2802.137391,    0.000000,    0.000000,    9.300000,119880.916400,    0.000000,    0.000000,   50.000000,    0.000000,    0.071000,   25.681043,   11.962724,   25.681043,   67.460267,  -98.642968,  -26.524969,  -76.593290,    0.000000,    0.000000,    0.068431,    1.460284,    0.967106,    4.476878,    0.067739,    0.001689,    0.001721,    0.000000
2021-09-02 24:00:00,321368.112441,    0.000000,    0.000000,    0.000000,  812.160426,  812.160000,    0.000000, -636.094551,    0.000000,    0.000000,    0.000000,    9.294692,119765.774839,    0.000000,    0.000000,   50.000000,    0.000000,    0.080000,   24.186261,   11.993598,   24.186261,  244.713536, -149.711754,  -33.972947, -144.805029,    0.000000,    0.000000,    0.032149,    0.742988,    0.689837,   14.056157,    0.072067,    0.001689,    0.001721,    0.000000
2021-09-03 24:00:00,321060.568363,    0.000000,    0.000000,    0.000000,  803.520426,  803.520000,    0.000000, -305.781820,    0.000000,    0.000000,    0.000000,    9.292138,119710.384133,    0.000000,    0.000000,   50.000000,    0.000000,    0.080000,   24.064996,   12.023010,   24.064996,  235.564396,  -72.063254,  -23.933062, -138.756925,    0.000000,    0.000000,    0.016125,    0.391100,    0.500494,   42.449361,    0.070708,    0.001689,    0.001721,    0.000000
2021-09-04 24:00:00,320897.648443,    0.000000,    0.000000,    0.000000,  803.520426,  803.520000,    0.000000, -161.928508,    0.000000,    0.000000,    0.000000,    9.290785,119681.041187,    0.000000,    0.000000,   50.000000,    0.000000,    0.080000,   24.848115,   12.051638,   24.848115,  220.513648,  -38.163850,   -6.822474, -115.856531,    0.000000,    0.000000,    0.015729,    0.381964,    0.494615,   42.922844,    0.069557,    0.001689,    0.001721,    0.000000
2021-09-05 24:00:00,320760.303686,    0.000000,    0.000000,    0.000000,  803.520426,  803.520000,    0.000000, -136.478075,    0.000000,    0.000000,    0.000000,    9.289645,119656.304495,    0.000000,    0.000000,   50.000000,    0.000000,    0.080000,   25.547248,   12.079344,   25.547248,  178.772478,  -32.138206,   -1.643264,  -82.498980,    0.000000,    0.000000,    0.014812,    0.360691,    0.480643,   48.774288,    0.069013,    0.001689,    0.001721,    0.000000
2021-09-06 24:00:00,320485.031572,    0.000000,    0.000000,    0.000000,  794.880426,  794.880000,    0.000000, -364.645890,   91.187065,    0.000000,    0.000000,    9.287359,119606.726182,    0.000000,    0.000000,   50.000000,    0.000000,    0.080000,   25.111959,   12.106896,   25.111959,  223.499283,  -85.846274,  -17.483328, -101.333211,    0.000000,    0.000000,    0.044732,    1.001080,    0.800737,    8.177089,    0.068483,    0.001689,    0.001721,    0.000000
2021-09-07 24:00:00,320202.271688,    0.000000,    0.000000,    0.000000,  794.880426,  794.880000,    0.000000, -280.771790,    0.000000,    0.000000,    0.000000,    9.285011,119555.799272,    0.000000,    0.000000,   50.000000,    0.000000,    0.080000,   25.186869,   12.134148,   25.186869,  223.190790,  -66.196699,  -18.338507, -125.150182,    0.000000,    0.000000,    0.013640,    0.333333,    0.462056,   56.797884,    0.071636,    0.001689,    0.001721,    0.000000
2021-09-08 24:00:00,320074.547339,    0.000000,    0.000000,    0.000000,  786.240426,  786.240000,    0.000000, -126.786421,    0.000000,    0.000000,    0.000000,    9.283950,119532.795279,    0.000000,    0.000000,   50.000000,    0.000000,    0.080000,   25.731372,   12.159834,   25.731372,  175.393973,  -29.867479,   -4.021562,  -96.176795,    0.000000,    0.000000,    0.010078,    0.248826,    0.399212,   93.118895,    0.070724,    0.001689,    0.001721,    0.000000
2021-09-09 24:00:00,319674.194053,    0.000000,    0.000000,    0.000000,  786.240426,  786.240000,    0.000000, -397.258001,    0.000000,    0.000000,    0.000000,    9.280626,119460.689026,    0.000000,    0.000000,   50.000000,    0.000000,    0.080000,   23.919926,   12.185549,   23.919926,  122.361000,  -93.734341,  -15.605832, -105.428906,    0.000000,    0.000000,    0.046965,    1.045600,    0.818348,    6.821523,    0.069324,    0.001689,    0.001721,    0.000000
2021-09-10 24:00:00,319209.541228,    0.000000,    0.000000,    0.000000,  786.240426,  786.240000,    0.000000, -460.760817,    0.000000,    0.000000,    0.000000,    9.276768,119377.002004,    0.000000,    0.000000,   50.000000,    0.000000,    0.080000,   23.009847,   12.210683,   23.009847,  218.073767, -108.967795,  -22.283748, -138.615317,    0.000000,    0.000000,    0.040856,    0.922799,    0.768792,    7.980847,    0.072006,    0.001689,    0.001721,    0.000000
2021-09-11 24:00:00,318992.795046,    0.000000,    0.000000,    0.000000,  777.600426,  777.600000,    0.000000, -214.818939,    0.000000,    0.000000,    0.000000,    9.274968,119337.964595,    0.000000,    0.000000,   50.000000,    0.000000,    0.080000,   23.228022,   12.234194,   23.228022,  194.500136,  -50.849974,  -16.667107, -121.916675,    0.000000,    0.000000,    0.012734,    0.312020,    0.447040,   50.723711,    0.078525,    0.001689,    0.001721,    0.000000
2021-09-12 24:00:00,318769.744428,    0.000000,    0.000000,    0.000000,  777.600426,  777.600000,    0.000000, -220.994084,    0.000000,    0.000000,    0.000000,    9.273116,119297.791715,    0.000000,    0.000000,   50.000000,    0.000000,    0.080000,   23.690353,   12.258137,   23.690353,  194.365327,  -52.328580,   -0.617121, -101.970364,    0.000000,    0.000000,    0.021755,    0.518375,    0.576206,   20.805306,    0.077640,    0.001689,    0.001721,    0.000000
2021-09-13 24:00:00,318552.187923,    0.000000,    0.000000,    0.000000,  777.600426,  777.600000,    0.000000, -215.478552,    0.000000,    0.000000,    0.000000,    9.271309,119258.608362,    0.000000,    0.000000,   50.000000,    0.000000,    0.080000,   23.975466,   12.281321,   23.975466,  192.637745,  -50.997474,    5.633981,  -97.387296,    0.000000,    0.000000,    0.045750,    1.021291,    0.808779,    6.442684,    0.076683,    0.001689,    0.001721,    0.000000
2021-09-14 24:00:00,318440.386081,    0.000000,    0.000000,    0.000000,  768.960426,  768.960000,    0.000000, -110.706237,    0.000000,    0.000000,    0.000000,    9.270381,119238.472116,    0.000000,    0.000000,   50.000000,    0.000000,    0.080000,   24.752989,   12.302619,   24.752989,  198.270200,  -26.185631,   -1.410469, -103.226604,    0.000000,    0.000000,    0.011838,    0.290824,    0.431589,   63.830035,    0.075871,    0.001689,    0.001721,    0.000000
2021-09-15 24:00:00,318334.969394,    0.000000,    0.000000,    0.000000,  768.960426,  768.960000,    0.000000, -104.366516,    0.000000,    0.000000,    0.000000,    9.269506,119219.485880,    0.000000,    0.000000,   50.000000,    0.000000,    0.080000,   24.865742,   12.323667,   24.865742,  149.783325,  -24.673294,   -4.133675,  -93.721579,    0.000000,    0.000000,    0.019849,    0.475794,    0.552033,   28.392406,    0.069660,    0.001689,    0.001721,    0.000000
2021-09-16 24:00:00,318689.025395,    0.000000,    0.000000,    0.000000,  768.960426,  768.960000,    0.000000, -103.729179,  454.185741,    0.000000,    0.000000,    9.272445,119283.253688,    0.000000,    0.000000,   50.000000,    0.000000,    0.080000,   24.624190,   12.342957,   24.624190,  110.478177,  -24.515683,   -6.087330,  -73.462039,    0.000000,    0.000000,    0.007370,    0.183290,    0.342630,  145.075422,    0.068249,    0.001689,    0.001721,    0.000000
2021-09-17 24:00:00,318605.362497,    0.000000,    0.000000,    0.000000,  760.320426,  760.320000,    0.000000,  -82.861923,    0.000000,    0.000000,    0.000000,    9.271751,119268.185451,    0.000000,    0.000000,   50.000000,    0.000000,    0.080000,   24.572848,   12.362334,   24.572848,   99.472921,  -19.584773,   -5.378501,  -66.356442,    0.000000,    0.000000,    0.011711,    0.287822,    0.429356,   70.394172,    0.067009,    0.001689,    0.001721,    0.000000
2021-09-18 24:00:00,318476.357150,    0.000000,    0.000000,    0.000000,  760.320426,  760.320000,    0.000000, -127.749745,    0.000000,    0.000000,    0.000000,    9.270680,119244.950742,    0.000000,    0.000000,   50.000000,    0.000000,    0.080000,   25.085597,   12.380231,   25.085597,  167.328558,  -30.180868,   -5.419180,  -89.491803,    0.000000,    0.000000,    0.030692,    0.712069,    0.675331,   14.174011,    0.068642,    0.001689,    0.001721,    0.000000
2021-09-19 24:00:00,318305.879499,    0.000000,    0.000000,    0.000000,  751.680426,  751.680000,    0.000000, -168.780314,    0.000000,    0.000000,    0.000000,    9.269264,119214.246599,    0.000000,    0.000000,   50.000000,    0.000000,    0.080000,   25.549415,   12.397471,   25.549415,  180.288340,  -39.880021,   -5.775756,  -92.298114,    0.000000,    0.000000,    0.013245,    0.324053,    0.455579,   57.966983,    0.072664,    0.001689,    0.001721,    0.000000
2021-09-20 24:00:00,318180.187387,    0.000000,    0.000000,    0.000000,  751.680426,  751.680000,    0.000000, -154.713162,   30.299416,    0.000000,    0.000000,    9.268220,119191.608625,    0.000000,    0.000000,   50.000000,    0.000000,    0.080000,   24.944582,   12.413643,   24.944582,  105.747961,  -36.553971,   -8.517576,  -75.021556,    0.000000,    0.000000,    0.015585,    0.378598,    0.492430,   45.646171,    0.071840,    0.001689,    0.001721,    0.000000
2021-09-21 24:00:00,322007.409316,    0.000000,    0.000000,    0.000000,  751.680426,  751.680000,  877.695930, -120.018545, 4767.754109,    0.000000,    0.000000,    9.300000,119880.916400,    0.000000,    0.000000,   50.000000,    0.000000,    0.080000,   23.687293,   12.429255,   23.687293,   25.779828,  -28.233825,  -11.018144,  -71.450925,    0.000000,    0.000000,    0.016928,    0.409575,    0.512179,   37.168400,    0.071346,    0.001689,    0.001721,    0.000000
2021-09-22 24:00:00,322007.409316,    0.000000,    0.000000,    0.000000,  743.040426,  743.040000, 9523.933472, -184.427930, 9469.423841,    0.000000,    0.000000,    9.300000,119880.916400,    0.000000,    0.000000,   50.000000,    0.000000,    0.080000,   22.707915,   12.444214,   22.707915,   52.783044,  -43.439921,  -17.989173,  -57.670123,    0.000000,    0.000000,    0.026138,    0.615000,    0.627615,   16.250424,    0.077743,    0.001689,    0.001721,    0.000000
2021-09-23 24:00:00,321533.614150,    0.000000,    0.000000,    0.000000,  743.040426,  743.040000,    0.000000, -471.476414,    0.000000,    0.000000,    0.000000,    9.296066,119795.582783,    0.000000,    0.000000,   50.000000,    0.000000,    0.080000,   21.573662,   12.459266,   21.573662,  194.483134, -111.262767,  -37.254958, -128.803228,    0.000000,    0.000000,    0.035034,    0.803337,    0.717306,    8.472839,    0.075549,    0.001689,    0.001721,    0.000000
2021-09-24 24:00:00,321176.859740,    0.000000,    0.000000,    0.000000,  743.040426,  743.040000,    0.000000, -354.785699,    0.000000,    0.000000,    0.000000,    9.293103,119731.328973,    0.000000,    0.000000,   50.000000,    0.000000,    0.080000,   20.735031,   12.473002,   20.735031,  203.675228,  -83.878749,  -35.055539, -147.673293,    0.000000,    0.000000,    0.028305,    0.661338,    0.650829,   10.779175,    0.086286,    0.001689,    0.001721,    0.000000
2021-09-25 24:00:00,320896.760619,    0.000000,    0.000000,    0.000000,  734.400426,  734.400000,    0.000000, -278.419382,    0.000000,    0.000000,    0.000000,    9.290778,119680.881284,    0.000000,    0.000000,   50.000000,    0.000000,    0.080000,   20.268345,   12.485493,   20.268345,  178.829620,  -65.894136,  -25.417690, -128.020616,    0.000000,    0.000000,    0.033870,    0.779055,    0.706382,    7.224429,    0.059322,    0.001689,    0.001721,    0.000000
2021-09-26 24:00:00,320515.212926,    0.000000,    0.000000,    0.000000,  734.400426,  734.400000,    0.000000, -379.072632,    0.000000,    0.000000,    0.000000,    9.287609,119612.162042,    0.000000,    0.000000,   50.000000,    0.000000,    0.080000,   19.622131,   12.497696,   19.622131,  197.836573,  -89.842842,  -22.709560, -131.146949,    0.000000,    0.000000,    0.042797,    0.962187,    0.785028,    4.483803,    0.056014,    0.001689,    0.001721,    0.000000
2021-09-27 24:00:00,320298.078359,    0.000000,    0.000000,    0.000000,  725.760426,  725.760000,    0.000000, -215.628045,    0.000000,    0.000000,    0.000000,    9.285806,119573.054682,    0.000000,    0.000000,   50.000000,    0.000000,    0.080000,   20.295337,   12.509023,   20.295337,  191.640555,  -51.150661,   -8.211449, -114.029331,    0.000000,    0.000000,    0.022312,    0.530789,    0.583064,   11.116635,    0.073274,    0.001689,    0.001721,    0.000000
2021-09-28 24:00:00,320133.668453,    0.000000,    0.000000,    0.000000,  725.760426,  725.760000,    0.000000, -163.222023,    0.000000,    0.000000,    0.000000,    9.284441,119543.443379,    0.000000,    0.000000,   50.000000,    0.000000,    0.080000,   19.852497,   12.518764,   19.852497,  120.595128,  -38.717701,    1.262926,  -90.197146,    0.000000,    0.000000,    0.045025,    1.006933,    0.803074,    3.831075,    0.054255,    0.001689,    0.001721,    0.000000
2021-09-29 24:00:00,320038.310718,    0.000000,    0.000000,    0.000000,  725.760426,  725.760000,    0.000000,  -94.650008,    0.000000,    0.000000,    0.000000,    9.283649,119526.268826,    0.000000,    0.000000,   50.000000,    0.000000,    0.080000,   21.044638,   12.528165,   21.044638,  180.544182,  -22.428992,   -0.712988,  -92.161738,    0.000000,    0.000000,    0.007858,    0.195165,    0.353555,   64.523532,    0.051339,    0.001689,    0.001721,    0.000000
2021-09-30 24:00:00,319846.236073,    0.000000,    0.000000,    0.000000,  717.120426,  717.120000,    0.000000, -190.608549,    0.000000,    0.000000,    0.000000,    9.282054,119491.674922,    0.000000,    0.000000,   50.000000,    0.000000,    0.080000,   20.671297,   12.536748,   20.671297,  185.061245,  -45.138434,   -9.945589, -113.168143,    0.000000,    0.000000,    0.027448,    0.642878,    0.641682,   10.109317,    0.061030,    0.001689,    0.001721,    0.000000
2021-10-01 24:00:00,319658.987351,    0.000000,    0.000000,    0.000000,  717.120426,  717.120000,    0.000000, -185.765710,    0.000000,    0.000000,    0.000000,    9.280500,119457.950199,    0.000000,    0.000000,   50.000000,    0.000000,    0.080000,   20.560184,   12.543611,   20.560184,  185.043794,  -44.043149,  -15.676595, -126.986854,    0.000000,    0.000000,    0.022995,    0.545851,    0.591279,   13.263923,    0.055038,    0.001689,    0.001721,    0.000000
2021-10-02 24:00:00,319539.744578,    0.000000,    0.000000,    0.000000,  717.120426,  717.120000,    0.000000, -118.270934,    0.000000,    0.000000,    0.000000,    9.279509,119436.473793,    0.000000,    0.000000,   50.000000,    0.000000,    0.103000,   21.065301,   12.550725,   21.065301,  164.937802,  -28.040377,   -8.803520, -104.252247,    0.000000,    0.000000,    0.020942,    0.500288,    0.566064,   14.352349,    0.052446,    0.001689,    0.001721,    0.000000
2021-10-03 24:00:00,320242.782571,    0.000000,    0.000000,    0.000000,  708.480426,  708.480000,    0.000000,  -61.184484,  758.453178,    0.000000,    0.000000,    9.285347,119563.095548,    0.000000,    0.000000,   50.000000,    0.000000,    0.103000,   21.995050,   12.556135,   21.995050,  136.359260,  -14.480901,   -0.601063,  -69.456915,    0.000000,    0.000000,    0.015595,    0.378847,    0.492592,   23.152899,    0.050467,    0.001689,    0.001721,    0.000000
2021-10-04 24:00:00,320187.250416,    0.000000,    0.000000,    0.000000,  708.480426,  708.480000,    0.000000,  -55.130828,    0.000000,    0.000000,    0.000000,    9.284886,119553.093842,    0.000000,    0.000000,   50.000000,    0.000000,    0.103000,   22.423087,   12.559907,   22.423087,  130.466412,  -13.032974,   -1.808073,  -68.010815,    0.000000,    0.000000,    0.011590,    0.284943,    0.427203,   43.047147,    0.057709,    0.001689,    0.001721,    0.000000
2021-10-05 24:00:00,321179.913626,    0.000000,    0.000000,    0.000000,  699.840426,  699.840000,    0.000000,  -47.064627, 1032.667971,    0.000000,    0.000000,    9.293129,119731.878998,    0.000000,    0.000000,   50.000000,    0.000000,    0.103000,   22.607332,   12.563098,   22.607332,  106.974449,  -11.108638,   -2.184599,  -65.578679,    0.000000,    0.000000,    0.017851,    0.430634,    0.525182,   22.942487,    0.076309,    0.001689,    0.001721,    0.000000
2021-10-06 24:00:00,321150.380761,    0.000000,    0.000000,    0.000000,  699.840426,  699.840000,    0.000000,  -29.361562,    0.000000,    0.000000,    0.000000,    9.292884,119726.559935,    0.000000,    0.000000,   50.000000,    0.000000,    0.103000,   22.289177,   12.565541,   22.289177,   55.687740,   -6.931373,   -2.557157,  -55.171585,    0.000000,    0.000000,    0.017052,    0.412388,    0.513935,   25.860208,    0.071982,    0.001689,    0.001721,    0.000000
2021-10-07 24:00:00,321416.151137,    0.000000,    0.000000,    0.000000,  699.840426,  699.840000,    0.000000,  -70.389108,  334.646768,    0.000000,    0.000000,    9.295090,119774.426923,    0.000000,    0.000000,   50.000000,    0.000000,    0.103000,   21.582339,   12.566609,   21.582339,   42.807831,  -16.621405,   -6.759720,  -59.219062,    0.000000,    0.000000,    0.010332,    0.254931,    0.404079,   58.683972,    0.071540,    0.001689,    0.001721,    0.000000
2021-10-08 24:00:00,321454.167256,    0.000000,    0.000000,    0.000000,  691.200426,  691.200000,    0.000000,  -53.519038,   91.327049,    0.000000,    0.000000,    9.295406,119781.273876,    0.000000,    0.000000,   50.000000,    0.000000,    0.103000,   21.242198,   12.566749,   21.242198,   49.109890,  -12.644770,   -4.801762,  -56.516836,    0.000000,    0.000000,    0.007618,    0.189330,    0.348229,   92.811720,    0.070808,    0.001689,    0.001721,    0.000000
2021-10-09 24:00:00,321427.077470,    0.000000,    0.000000,    0.000000,  691.200426,  691.200000,    0.000000,  -87.785514,   60.838905,    0.000000,    0.000000,    9.295181,119776.394828,    0.000000,    0.000000,   50.000000,    0.000000,    0.103000,   20.733476,   12.564407,   20.733476,   43.340731,  -20.751196,   -7.565859,  -57.678845,    0.000000,    0.000000,    0.004891,    0.122560,    0.280176,  171.387453,    0.073347,    0.001689,    0.001721,    0.000000
2021-10-10 24:00:00,321250.261017,    0.000000,    0.000000,    0.000000,  691.200426,  691.200000,    0.000000, -175.835691,    0.000000,    0.000000,    0.000000,    9.293713,119744.549025,    0.000000,    0.000000,   50.000000,    0.000000,    0.103000,   20.087694,   12.557728,   20.087694,   95.920599,  -41.610280,  -14.861098,  -90.127380,    0.000000,    0.000000,    0.008104,    0.201156,    0.358940,   73.963455,    0.058644,    0.001689,    0.001721,    0.000000
2021-10-11 24:00:00,321181.523009,    0.000000,    0.000000,    0.000000,  682.560426,  682.560000,    0.000000,  -68.344057,    0.000000,    0.000000,    0.000000,    9.293142,119732.168859,    0.000000,    0.000000,   50.000000,    0.000000,    0.103000,   19.741164,   12.549031,   19.741164,   49.878294,  -16.182867,   -6.082248,  -63.822121,    0.000000,    0.000000,    0.010206,    0.251909,    0.401678,   48.685547,    0.057603,    0.001689,    0.001721,    0.000000
2021-10-12 24:00:00,321139.710760,    0.000000,    0.000000,    0.000000,  682.560426,  682.560000,    0.000000,  -41.569273,    0.000000,    0.000000,    0.000000,    9.292795,119724.638198,    0.000000,    0.000000,   50.000000,    0.000000,    0.103000,   20.467599,   12.538772,   20.467599,  122.579015,   -9.840425,   -1.597307,  -65.281051,    0.000000,    0.000000,    0.007255,    0.180470,    0.339984,   80.708882,    0.052850,    0.001689,    0.001721,    0.000000
2021-10-13 24:00:00,321011.646567,    0.000000,    0.000000,    0.000000,  682.560426,  682.560000,    0.000000, -127.303357,    0.000000,    0.000000,    0.000000,    9.291732,119701.572997,    0.000000,    0.000000,   50.000000,    0.000000,    0.103000,   20.855561,   12.527400,   20.855561,  162.519559,  -30.101002,   -7.073929,  -87.075193,    0.000000,    0.000000,    0.037210,    0.848325,    0.737117,    5.905865,    0.051970,    0.001689,    0.001721,    0.000000
2021-10-14 24:00:00,320886.158036,    0.000000,    0.000000,    0.000000,  673.920426,  673.920000,    0.000000, -124.719231,    0.000000,    0.000000,    0.000000,    9.290690,119678.971689,    0.000000,    0.000000,   50.000000,    0.000000,    0.103000,   20.652592,   12.514801,   20.652592,  130.014608,  -29.527075,   -5.952743,  -96.842931,    0.000000,    0.000000,    0.024108,    0.570360,    0.604408,   12.565238,    0.057722,    0.001689,    0.001721,    0.000000
2021-10-15 24:00:00,320847.824516,    0.000000,    0.000000,    0.000000,  673.920426,  673.920000,    0.000000,  -38.093964,    0.000000,    0.000000,    0.000000,    9.290371,119672.067571,    0.000000,    0.000000,   50.000000,    0.000000,    0.103000,   21.209553,   12.501154,   21.209553,  128.874320,   -9.013719,   -0.019000,  -78.976049,    0.000000,    0.000000,    0.010707,    0.263907,    0.411132,   48.297170,    0.050462,    0.001689,    0.001721,    0.000000
2021-10-16 24:00:00,320752.838359,    0.000000,    0.000000,    0.000000,  665.280426,  665.280000,    0.000000, -246.426496,  152.037300,    0.000000,    0.000000,    9.289583,119654.959941,    0.000000,    0.000000,   50.000000,    0.000000,    0.103000,   19.599833,   12.486645,   19.599833,   53.722566,  -58.353870,  -13.055701, -102.341819,    0.000000,    0.000000,    0.040728,    0.920312,    0.767756,    4.737205,    0.052631,    0.001689,    0.001721,    0.000000
2021-10-17 24:00:00,320292.538895,    0.000000,    0.000000,    0.000000,  665.280426,  665.280000,    0.000000, -457.188651,    0.000000,    0.000000,    0.000000,    9.285760,119572.056988,    0.000000,    0.000000,   50.000000,    0.000000,    0.103000,   18.215829,   12.471519,   18.215829,  148.061344, -108.530053,  -26.258486, -147.800589,    2.698481,    0.000000,    0.018381,    0.442669,    0.532470,   13.531466,    0.077947,    0.001689,    0.001721,    0.000000
2021-10-18 24:00:00,320034.462089,    0.000000,    0.000000,    0.000000,  665.280426,  665.280000,    0.000000, -256.191868,    0.000000,    0.000000,    0.000000,    9.283617,119525.575662,    0.000000,    0.000000,   50.000000,    0.000000,    0.103000,   17.669375,   12.455734,   17.669375,  154.146427,  -60.892361,  -16.882729, -139.519067,    0.000000,    0.000000,    0.016120,    0.390971,    0.500412,   14.034189,    0.051234,    0.001689,    0.001721,    0.000000
2021-10-19 24:00:00,319812.865929,    0.000000,    0.000000,    0.000000,  656.640426,  656.640000,    0.000000, -219.898236,    0.000000,    0.000000,    0.000000,    9.281777,119485.664740,    0.000000,    0.000000,   50.000000,    0.000000,    0.103000,   17.313798,   12.439772,   17.313798,  151.744094,  -52.311207,  -15.515510, -129.400543,    0.000000,    0.000000,    0.039686,    0.899008,    0.758817,    2.691388,    0.083005,    0.001689,    0.001721,    0.000000
2021-10-20 24:00:00,319628.452042,    0.000000,    0.000000,    0.000000,  656.640426,  656.640000,    0.000000, -182.944671,    0.000000,    0.000000,    0.000000,    9.280246,119452.450589,    0.000000,    0.000000,   50.000000,    0.000000,    0.103000,   17.334537,   12.422979,   17.334537,  150.117368,  -43.546264,   -5.392335, -118.565912,    0.000000,    0.000000,    0.019857,    0.475999,    0.552152,    7.574406,    0.087168,    0.001689,    0.001721,    0.000000
2021-10-21 24:00:00,319792.868341,    0.000000,    0.000000,    0.000000,  656.640426,  656.640000,    0.000000, -140.314034,  303.385982,    0.000000,    0.000000,    9.281611,119482.063043,    0.000000,    0.000000,   50.000000,    0.000000,    0.103000,   17.631001,   12.405038,   17.631001,  106.124150,  -33.403490,    0.174390,  -80.825965,  241.230264,    0.000000,    0.007736,    0.192195,    0.350854,   28.346781,    0.085823,    0.001689,    0.001721,    0.000000
2021-10-22 24:00:00,319613.006998,    0.000000,    0.000000,    0.000000,  648.000426,  648.000000,    0.000000, -178.423586,    0.000000,    0.000000,    0.000000,    9.280118,119449.668836,    0.000000,    0.000000,   50.000000,    0.000000,    0.103000,   17.082399,   12.386234,   17.082399,  126.259409,  -42.467565,   -6.534627,  -90.826557,    0.000000,    0.000000,    0.045915,    1.024672,    0.810117,    2.029849,    0.084731,    0.001689,    0.001721,    0.000000
2021-10-23 24:00:00,319423.544844,    0.000000,    0.000000,    0.000000,  648.000426,  648.000000,    0.000000, -187.895339,    0.000000,    0.000000,    0.000000,    9.278545,119415.545459,    0.000000,    0.000000,   50.000000,    0.000000,    0.103000,   16.937565,   12.366719,   16.937565,  147.161856,  -44.754236,  -12.050667, -114.241854,    0.000000,    0.000000,    0.027023,    0.633705,    0.637087,    4.534536,    0.082938,    0.001689,    0.001721,    0.000000
2021-10-24 24:00:00,319337.018923,    0.000000,    0.000000,    0.000000,  639.360426,  639.360000,    0.000000,  -85.792475,    0.000000,    0.000000,    0.000000,    9.277826,119399.961573,    0.000000,    0.000000,   50.000000,    0.000000,    0.103000,   17.489762,   12.345711,   17.489762,  141.066415,  -20.430878,    1.032210,  -84.202898,    0.000000,    0.000000,    0.009951,    0.245774,    0.396756,   24.368604,    0.092803,    0.001689,    0.001721,    0.000000
2021-10-25 24:00:00,320259.518166,    0.000000,    0.000000,    0.000000,  639.360426,  639.360000,    0.000000,  -55.887567,  970.742310,    0.000000,    0.000000,    9.285486,119566.109738,    0.000000,    0.000000,   50.000000,    0.000000,    0.103000,   17.477195,   12.324903,   17.477195,   95.998080,  -13.284063,    1.845135,  -77.058502,    0.000000,    0.000000,    0.030994,    0.718553,    0.678399,    4.342063,    0.091461,    0.001689,    0.001721,    0.000000
2021-10-26 24:00:00,319934.591706,    0.000000,    0.000000,    0.000000,  639.360426,  639.360000,    0.000000, -322.523648,    0.000000,    0.000000,    0.000000,    9.282788,119507.588351,    0.000000,    0.000000,   50.000000,    0.000000,    0.103000,   16.610056,   12.303403,   16.610056,  117.736702,  -76.747488,  -16.874607, -104.433293,    0.000000,    0.000000,    0.113028,    2.262404,    1.203762,    0.383584,    0.086183,    0.001689,    0.001721,    0.000000
2021-10-27 24:00:00,319521.408108,    0.000000,    0.000000,    0.000000,  630.720426,  630.720000,    0.000000, -409.901472,    0.000000,    0.000000,    0.000000,    9.279357,119433.171275,    0.000000,    0.000000,   50.000000,    0.000000,    0.103000,   15.760886,   12.287134,   15.760886,  144.424483,  -97.734455,  -28.054949, -122.557315,    0.000000,    0.000000,    0.032992,    0.760597,    0.697963,    2.048438,    0.051081,    0.001689,    0.001721,    0.000000
2021-10-28 24:00:00,320473.932785,    0.000000,    0.000000,    0.000000,  630.720426,  630.720000,    0.000000,  -56.457131, 1001.596770,    0.000000,    0.000000,    9.287267,119604.727217,    0.000000,    0.000000,   50.000000,    0.000000,    0.103000,   15.564406,   12.262053,   15.564406,   59.026800,  -13.447072,   -4.054242,  -73.726693,    0.000000,    0.000000,    0.025912,    0.609699,    0.624904,    2.909365,    0.052144,    0.001689,    0.001721,    0.000000
2021-10-29 24:00:00,322007.409316,    0.000000,    0.000000,    0.000000,  630.720426,  630.720000, 1144.153436,  -44.717164, 2677.854071,    0.000000,    0.000000,    9.300000,119880.916400,    0.000000,    0.000000,   50.000000,    0.000000,    0.103000,   16.539829,   12.238371,   16.539829,  123.412567,  -10.619028,    0.224781,  -65.237889,    0.000000,    0.000000,    0.024957,    0.589012,    0.614211,    3.053943,    0.084410,    0.001689,    0.001721,    0.000000
2021-10-30 24:00:00,322007.409316,    0.000000,    0.000000,    0.000000,  622.080426,  622.080000,  271.829235,  -41.223893,  304.571138,    0.000000,    0.000000,    9.300000,119880.916400,    0.000000,    0.000000,   50.000000,    0.000000,    0.103000,   16.161237,   12.211545,   16.161237,   59.211561,   -9.788783,   -4.148325,  -61.480349,    0.000000,    0.000000,    0.017058,    0.412538,    0.514029,    7.200093,    0.081911,    0.001689,    0.001721,    0.000000
2021-10-31 24:00:00,321755.825837,    0.000000,    0.000000,    0.000000,  622.080426,  622.080000,    0.000000, -250.392942,    0.000000,    0.000000,    0.000000,    9.297911,119835.604565,    0.000000,    0.000000,   50.000000,    0.000000,    0.103000,   15.562286,   12.186910,   15.562286,  100.758850,  -59.500215,  -11.631053,  -86.378593,    0.000000,    0.000000,    0.056415,    1.231119,    0.887985,    0.835833,    0.079913,    0.001689,    0.001721,    0.000000
2021-11-01 24:00:00,321473.071345,    0.000000,    0.000000,    0.000000,  613.440426,  613.440000,    0.000000, -281.303301,    0.000000,    0.000000,    0.000000,    9.295563,119784.678626,    0.000000,    0.000000,   50.000000,    0.000000,    0.103000,   15.069620,   12.163476,   15.069620,  130.293264,  -66.917137,  -14.525740, -115.104786,    0.000000,    0.000000,    0.021772,    0.518846,    0.576467,    3.224863,    0.092977,    0.001689,    0.001721,    0.000000
2021-11-02 24:00:00,321693.489246,    0.000000,    0.000000,    0.000000,  613.440426,  613.440000,    0.000000, -328.539537,  547.781340,    0.000000,    0.000000,    9.297393,119824.377336,    0.000000,    0.000000,   50.000000,    0.000000,    0.138000,   13.672006,   12.078251,   13.672006,   20.877604,  -78.220883,  -41.699937,  -87.433075,    0.000000,    0.000000,    0.044898,    1.004510,    0.802108,    0.302642,    0.051962,    0.001689,    0.001721,    0.000000
2021-11-03 24:00:00,321511.947256,    0.000000,    0.000000,    0.000000,  613.440426,  613.440000,    0.000000, -180.606715,    0.000000,    0.000000,    0.000000,    9.295886,119791.680433,    0.000000,    0.000000,   50.000000,    0.000000,    0.138000,   13.270540,   11.939045,   13.270540,  122.238727,  -43.057307,  -22.815727, -127.090993,    0.000000,    0.000000,    0.003643,    0.091871,    0.242575,   13.871932,    0.098390,    0.001689,    0.001721,    0.000000
2021-11-04 24:00:00,321355.633054,    0.000000,    0.000000,    0.000000,  604.800426,  604.800000,    0.000000, -155.469185,    0.000000,    0.000000,    0.000000,    9.294588,119763.527220,    0.000000,    0.000000,   50.000000,    0.000000,    0.138000,   12.622105,   11.766493,   12.622105,   95.858830,  -37.091507,  -21.527947, -131.703055,    0.000000,    0.000000,    0.025222,    0.594723,    0.617181,    0.170007,    0.060678,    0.001689,    0.001721,    0.000000
2021-11-05 24:00:00,321121.943088,    0.000000,    0.000000,    0.000000,  604.800426,  604.800000,    0.000000, -232.358919,    0.000000,    0.000000,    0.000000,    9.292647,119721.438124,    0.000000,    0.000000,   50.000000,    0.000000,    0.138000,   11.952367,   11.623117,   11.952367,  127.047713,  -55.497745,  -33.284691, -141.865453,    0.000000,    0.000000,    0.012870,    0.315252,    0.449349,    0.079554,    0.062163,    0.001689,    0.001721,    0.000000
2021-11-06 24:00:00,320946.738361,    0.000000,    0.000000,    0.000000,  604.800426,  604.800000,    0.000000, -174.153016,    0.000000,    0.000000,    0.000000,    9.291193,119689.882603,    0.000000,    0.000000,   50.000000,    0.000000,    0.138000,   11.700142,   11.436791,   11.700142,  126.860875,  -41.624991,  -19.870570, -124.225841,    0.000000,    0.000000,    0.021769,    0.518754,    0.576416,    0.347362,    0.077449,    0.001689,    0.001721,    0.000000
2021-11-07 24:00:00,320592.792965,    0.000000,    0.000000,    0.000000,  596.160426,  596.160000,    0.000000, -351.683653,    0.000000,    0.000000,    0.000000,    9.288254,119626.134716,    0.000000,    0.000000,   50.000000,    0.000000,    0.138000,   11.208833,   11.201643,   11.208833,  129.956791,  -84.132806,   -3.238072, -120.320379,    0.000000,    0.000000,    0.125832,    2.483026,    1.261090,    0.000004,    0.088088,    0.001689,    0.001721,    0.000000
2021-11-08 24:00:00,320303.804310,    0.000000,    0.000000,    0.000000,  596.160426,  596.160000,    0.000000, -287.002744,    0.000000,    0.000000,    0.000000,    9.285854,119574.085963,    0.000000,    0.000000,   50.000000,    0.000000,    0.138000,   11.217130,   10.680981,   11.217130,  126.705102,  -68.721548,   14.953802, -106.035446,    0.000000,    0.000000,    0.034442,    0.790942,    0.711750,    0.313907,    0.086145,    0.001689,    0.001721,    0.000000
2021-11-09 24:00:00,320099.986653,    0.000000,    0.000000,    0.000000,  587.520426,  587.520000,    0.000000, -202.340584,    0.000000,    0.000000,    0.000000,    9.284162,119537.377066,    0.000000,    0.000000,   50.000000,    0.000000,    0.138000,   11.823290,   10.748156,   11.823290,  124.349387,  -48.441194,   21.350297,  -93.882120,    0.000000,    0.000000,    0.031278,    0.724551,    0.681224,    0.384199,    0.053064,    0.001689,    0.001721,    0.000000
2021-11-10 24:00:00,319949.123392,    0.000000,    0.000000,    0.000000,  587.520426,  587.520000,    0.000000, -149.729810,    0.000000,    0.000000,    0.000000,    9.282909,119510.205603,    0.000000,    0.000000,   50.000000,    0.000000,    0.138000,   12.221963,   10.809176,   12.221963,  120.365961,  -35.838052,   18.651876,  -83.180557,    0.000000,    0.000000,    0.019859,    0.476049,    0.552181,    1.126142,    0.054722,    0.001689,    0.001721,    0.000000
2021-11-11 24:00:00,320848.561961,    0.000000,    0.000000,    0.000000,  561.600426,  561.600000,    0.000000,  -48.470376,  941.255296,    0.000000,    0.000000,    9.290377,119672.200389,    0.000000,    0.000000,   50.000000,    0.000000,    0.138000,   12.692996,   10.861625,   12.692996,   99.511849,  -11.582405,    9.227124,  -68.758529,    0.000000,    0.000000,    0.029434,    0.685461,    0.662593,    0.935668,    0.053419,    0.001689,    0.001721,    0.000000
2021-11-12 24:00:00,322007.409316,    0.000000,    0.000000,    0.000000, 1175.040426, 1175.040000,  206.336125, -108.180959, 1459.617640,    0.000000,    0.000000,    9.300000,119880.916400,    0.000000,    0.000000,   50.000000,    0.000000,    0.138000,   12.749145,   10.909060,   12.749145,  120.761977,  -25.778998,    1.254176,  -85.795104,    0.000000,    0.000000,    0.021367,    0.509854,    0.571450,    2.293083,    0.062585,    0.001689,    0.001721,    0.000000
2021-11-13 24:00:00,321775.298647,    0.000000,    0.000000,    0.000000,  656.640426,  656.640000,    0.000000, -231.015214,    0.000000,    0.000000,    0.000000,    9.298073,119839.111746,    0.000000,    0.000000,   50.000000,    0.000000,    0.138000,   11.801004,    8.929563,   11.801004,  115.990380,  -55.117788,  -21.540118, -125.520906,    0.000000,    0.000000,    0.036635,    0.836522,    0.731972,    0.584452,    0.057634,    0.001689,    0.001721,    0.000000
2021-11-14 24:00:00,321587.239169,    0.000000,    0.000000,    0.000000,  604.800426,  604.800000,    0.000000, -187.112581,    0.000000,    0.000000,    0.000000,    9.296511,119805.241000,    0.000000,    0.000000,   50.000000,    0.000000,    0.138000,   11.055271,    7.088641,   11.055271,   79.446084,  -44.702457,  -20.440755, -119.877098,    0.000000,    0.000000,    0.023422,    0.555317,    0.596384,    0.308414,    0.055340,    0.001689,    0.001721,    0.000000
2021-11-15 24:00:00,321312.960898,    0.000000,    0.000000,    0.000000,  622.080426,  622.080000,    0.000000, -272.802970,    0.000000,    0.000000,    0.000000,    9.294234,119755.841684,    0.000000,    0.000000,   50.000000,    0.000000,    0.138000,   10.381577,    6.268257,   10.381577,  120.054901,  -65.245855,  -27.931379, -134.440141,    0.000000,    0.000000,    0.024527,    0.579546,    0.609256,    0.292637,    0.061818,    0.001689,    0.001721,    0.000000
2021-11-16 24:00:00,321198.383273,    0.000000,    0.000000,    0.000000,  596.160426,  596.160000,    0.000000, -113.927657,    0.000000,    0.000000,    0.000000,    9.293282,119735.205503,    0.000000,    0.000000,   50.000000,    0.000000,    0.138000,   10.582915,    6.974616,   10.582915,  103.784609,  -27.255717,   -1.526404,  -91.219866,    0.000000,    0.000000,    0.021224,    0.506643,    0.569648,    0.860496,    0.064670,    0.001689,    0.001721,    0.000000
2021-11-17 24:00:00,321164.457596,    0.000000,    0.000000,    0.000000,  596.160426,  596.160000,    0.000000,  -33.729669,    0.000000,    0.000000,    0.000000,    9.293000,119729.095266,    0.000000,    0.000000,   50.000000,    0.000000,    0.138000,   11.499249,    7.579550,   11.499249,  110.115517,   -8.066403,    8.839113,  -82.849404,    0.000000,    0.000000,    0.022593,    0.537018,    0.586476,    0.938612,    0.075293,    0.001689,    0.001721,    0.000000
2021-11-18 24:00:00,321075.595488,    0.000000,    0.000000,    0.000000,  613.440426,  613.440000,    0.000000,  -88.340459,    0.000000,    0.000000,    0.000000,    9.292263,119713.090617,    0.000000,    0.000000,   50.000000,    0.000000,    0.138000,   11.221290,    8.103018,   11.221290,   81.308908,  -21.118157,   21.177592,  -75.037193,    0.000000,    0.000000,    0.029011,    0.676442,    0.658219,    1.018514,    0.055690,    0.001689,    0.001721,    0.000000
2021-11-19 24:00:00,320795.946196,    0.000000,    0.000000,    0.000000,  613.440426,  613.440000,    0.000000, -277.930131,    0.000000,    0.000000,    0.000000,    9.289940,119662.723945,    0.000000,    0.000000,   50.000000,    0.000000,    0.138000,   10.276021,    6.646131,   10.276021,  114.590085,  -66.524643,  -22.706170, -145.294477,    0.000000,    0.000000,    0.018250,    0.439701,    0.530682,    0.596119,    0.089351,    0.001689,    0.001721,    0.000000
2021-11-20 24:00:00,320697.819793,    0.000000,    0.000000,    0.000000,  578.880426,  578.880000,    0.000000,  -97.495119,    0.000000,    0.000000,    0.000000,    9.289126,119645.050736,    0.000000,    0.000000,   50.000000,    0.000000,    0.138000,    9.853418,    5.424558,    9.853418,   94.852993,  -23.354541,   -9.958648, -137.815127,    0.000000,    0.000000,    0.011211,    0.275940,    0.420400,    1.158691,    0.056185,    0.001689,    0.001721,    0.000000
2021-11-21 24:00:00,320601.561425,    0.000000,    0.000000,    0.000000,  596.160426,  596.160000,    0.000000,  -95.625108,    0.000000,    0.000000,    0.000000,    9.288326,119627.713973,    0.000000,    0.000000,   50.000000,    0.000000,    0.138000,    9.473979,    5.780186,    9.473979,   45.636164,  -22.922797,  -10.172276,  -88.089418,    0.000000,    0.000000,    0.010079,    0.248865,    0.399243,    1.263267,    0.054832,    0.001689,    0.001721,    0.000000
2021-11-22 24:00:00,320410.611723,    0.000000,    0.000000,    0.000000,  570.240426,  570.240000,    0.000000, -189.653310,    0.000000,    0.000000,    0.000000,    9.286741,119593.322679,    0.000000,    0.000000,   50.000000,    0.000000,    0.138000,    9.189053,    6.623851,    9.189053,   64.541565,  -45.476852,    1.405844,  -81.485517,    0.000000,    0.000000,    0.043687,    0.980112,    0.792307,    0.072699,    0.066387,    0.001689,    0.001721,    0.000000
2021-11-23 24:00:00,320164.020808,    0.000000,    0.000000,    0.000000,  518.400426,  518.400000,    0.000000, -244.835495,    0.000000,    0.000000,    0.000000,    9.284693,119548.910037,    0.000000,    0.000000,   50.000000,    0.000000,    0.138000,    8.501483,    4.184521,    8.501483,  111.467808,  -58.769559,  -21.455890, -144.202883,    0.000000,    0.000000,    0.025630,    0.603574,    0.621757,    0.117937,    0.092950,    0.001689,    0.001721,    0.000000
2021-11-24 24:00:00,320019.563286,    0.000000,    0.000000,    0.000000,  501.120426,  501.120000,    0.000000, -143.386580,    0.000000,    0.000000,    0.000000,    9.283494,119522.892290,    0.000000,    0.000000,   50.000000,    0.000000,    0.138000,    8.209019,    3.894621,    8.209019,  106.691474,  -34.443138,  -13.209734, -125.585275,    0.000000,    0.000000,    0.024794,    0.585356,    0.612302,    0.242131,    0.062405,    0.001689,    0.001721,    0.000000
2021-11-25 24:00:00,319849.190744,    0.000000,    0.000000,    0.000000,  518.400426,  518.400000,    0.000000, -169.069800,    0.000000,    0.000000,    0.000000,    9.282079,119492.207078,    0.000000,    0.000000,   50.000000,    0.000000,    0.138000,    8.848178,    5.073306,    8.848178,  105.671123,  -40.631655,   13.656790,  -73.178432,    0.000000,    0.000000,    0.034148,    0.784791,    0.708977,    0.277258,    0.071170,    0.001689,    0.001721,    0.000000
2021-11-26 24:00:00,319664.321084,    0.000000,    0.000000,    0.000000,  527.040426,  527.040000,    0.000000, -183.406881,    0.000000,    0.000000,    0.000000,    9.280544,119458.910839,    0.000000,    0.000000,   50.000000,    0.000000,    0.138000,    8.069510,    5.338259,    8.069510,   88.615462,  -44.078256,   -7.046326, -111.379141,    0.000000,    0.000000,    0.023960,    0.567090,    0.602673,    0.164222,    0.058384,    0.001689,    0.001721,    0.000000
2021-11-27 24:00:00,319511.503952,    0.000000,    0.000000,    0.000000,  509.760426,  509.760000,    0.000000, -151.569154,    0.000000,    0.000000,    0.000000,    9.279275,119431.387471,    0.000000,    0.000000,   50.000000,    0.000000,    0.138000,    7.727917,    3.414103,    7.727917,  100.032102,  -36.457461,  -11.632216, -122.617609,    0.000000,    0.000000,    0.029990,    0.697227,    0.668256,    0.106616,    0.056761,    0.001689,    0.001721,    0.000000
2021-11-28 24:00:00,319303.595442,    0.000000,    0.000000,    0.000000,  518.400426,  518.400000,    0.000000, -206.155032,    0.000000,    0.000000,    0.000000,    9.277549,119393.941785,    0.000000,    0.000000,   50.000000,    0.000000,    0.138000,    7.306827,    4.850010,    7.306827,   44.530291,  -49.620151,   10.529069,  -90.365883,    0.000000,    0.000000,    0.062551,    1.348549,    0.929370,    0.013923,    0.055569,    0.001689,    0.001721,    0.000000
2021-11-29 24:00:00,319107.642329,    0.000000,    0.000000,    0.000000,  518.400426,  518.400000,    0.000000, -194.240979,    0.000000,    0.000000,    0.000000,    9.275921,119358.649344,    0.000000,    0.000000,   50.000000,    0.000000,    0.138000,    6.912484,    3.549827,    6.912484,   98.882589,  -46.785145,   -6.231573, -124.823962,    0.000000,    0.000000,    0.019584,    0.469841,    0.548568,    0.039564,    0.057291,    0.001689,    0.001721,    0.000000
2021-11-30 24:00:00,319001.690093,    0.000000,    0.000000,    0.000000,  509.760426,  509.760000,    0.000000, -105.002413,    0.000000,    0.000000,    0.000000,    9.275042,119339.566651,    0.000000,    0.000000,   50.000000,    0.000000,    0.138000,    7.208886,    4.593499,    7.208886,  101.188029,  -25.291731,   13.613939,  -94.387477,    0.000000,    0.000000,    0.033995,    0.781544,    0.707509,    0.140572,    0.072858,    0.001689,    0.001721,    0.000000
2021-12-01 24:00:00,318931.922201,    0.000000,    0.000000,    0.000000,  518.400426,  518.400000,    0.000000,  -69.133464,    0.000000,    0.000000,    0.000000,    9.274462,119327.000996,    0.000000,    0.000000,   50.000000,    0.000000,    0.138000,    7.043513,    5.694476,    7.043513,   35.193909,  -16.656829,    5.660830,  -65.484016,    0.000000,    0.000000,    0.024093,    0.569981,    0.604207,    0.107107,    0.054383,    0.001689,    0.001721,    0.000000
2021-12-02 24:00:00,318888.569255,    0.000000,    0.000000,    0.000000,  552.960426,  552.960000,    0.000000,  -42.955120,    0.000000,    0.000000,    0.000000,    9.274102,119319.192846,    0.000000,    0.000000,   50.000000,    0.000000,    0.161000,    7.944562,    7.030333,    7.944562,   91.787491,  -10.343137,   39.144300,  -71.289471,    0.000000,    0.000000,    0.026179,    0.615424,    0.627831,    0.348781,    0.071945,    0.001689,    0.001721,    0.000000
2021-12-03 24:00:00,318848.899076,    0.000000,    0.000000,    0.000000,  527.040426,  527.040000,    0.000000,  -39.303701,    0.000000,    0.000000,    0.000000,    9.273773,119312.047987,    0.000000,    0.000000,   50.000000,    0.000000,    0.161000,    8.452960,    7.194564,    8.452960,   91.128369,   -9.459059,   20.884482,  -79.739560,    0.000000,    0.000000,    0.027862,    0.651732,    0.646085,    0.443761,    0.061875,    0.001689,    0.001721,    0.000000
2021-12-04 24:00:00,318820.556831,    0.000000,    0.000000,    0.000000,  527.040426,  527.040000,    0.000000,  -28.079100,    0.000000,    0.000000,    0.000000,    9.273538,119306.943362,    0.000000,    0.000000,   50.000000,    0.000000,    0.161000,    8.597385,    7.349656,    8.597385,   71.575007,   -6.755930,   17.471747,  -79.109083,    0.000000,    0.000000,    0.028567,    0.666844,    0.653533,    0.517743,    0.063169,    0.001689,    0.001721,    0.000000
2021-12-05 24:00:00,318741.201812,    0.000000,    0.000000,    0.000000,  527.040426,  527.040000,    0.000000,  -78.611214,    0.000000,    0.000000,    0.000000,    9.272879,119292.651003,    0.000000,    0.000000,   50.000000,    0.000000,    0.161000,    8.382477,    7.495460,    8.382477,   43.105015,  -18.919757,    1.995578,  -58.022208,    0.000000,    0.000000,    0.009825,    0.242735,    0.394295,    2.682932,    0.059534,    0.001689,    0.001721,    0.000000
2021-12-06 24:00:00,318671.013533,    0.000000,    0.000000,    0.000000,  578.880426,  578.880000,    0.000000,  -69.522902,    0.000000,    0.000000,    0.000000,    9.272296,119280.009633,    0.000000,    0.000000,   50.000000,    0.000000,    0.161000,    8.663443,    7.633408,    8.663443,   50.423045,  -16.727796,   26.276183,  -45.991741,    0.000000,    0.000000,    0.043961,    0.985475,    0.794471,    0.257445,    0.080138,    0.001689,    0.001721,    0.000000
2021-12-07 24:00:00,318484.264906,    0.000000,    0.000000,    0.000000,  570.240426,  570.240000,    0.000000, -184.941548,    0.000000,    0.000000,    0.000000,    9.270745,119246.374981,    0.000000,    0.000000,   50.000000,    0.000000,    0.161000,    8.006888,    7.777392,    8.006888,   97.420742,  -44.533234,  -17.832716, -127.648190,    0.000000,    0.000000,    0.007370,    0.183280,    0.342620,    0.669958,    0.097902,    0.001689,    0.001721,    0.000000
2021-12-08 24:00:00,318364.880144,    0.000000,    0.000000,    0.000000,  570.240426,  570.240000,    0.000000, -118.202162,    0.000000,    0.000000,    0.000000,    9.269754,119224.873002,    0.000000,    0.000000,   50.000000,    0.000000,    0.161000,    7.702081,    7.660487,    7.702081,   57.613561,  -28.478139,   -2.565137,  -90.268503,    0.000000,    0.000000,    0.035289,    0.808450,    0.719585,    0.000581,    0.071695,    0.001689,    0.001721,    0.000000
2021-12-09 24:00:00,318233.772968,    0.000000,    0.000000,    0.000000,  561.600426,  561.600000,    0.000000, -129.783781,    0.000000,    0.000000,    0.000000,    9.268665,119201.259739,    0.000000,    0.000000,   50.000000,    0.000000,    0.161000,    7.079759,    7.076707,    7.079759,   50.933372,  -31.292272,  -14.911311, -113.802212,    0.000000,    0.000000,    0.006055,    0.151136,    0.311128,    0.000359,    0.087814,    0.001689,    0.001721,    0.000000
2021-12-10 24:00:00,318843.633510,    0.000000,    0.000000,    0.000000,  552.960426,  552.960000,    0.000000,  -32.149463,  635.912513,    0.000000,    0.000000,    9.273729,119311.099624,    0.000000,    0.000000,   50.000000,    0.000000,    0.161000,    7.296504,    6.748163,    7.296504,   34.304787,   -7.746990,    0.835330,  -39.408391,    0.000000,    0.000000,    0.023816,    0.563900,    0.600975,    0.122563,    0.063560,    0.001689,    0.001721,    0.000000
2021-12-11 24:00:00,318924.425415,    0.000000,    0.000000,    0.000000,  544.320426,  544.320000,    0.000000,  -10.935078,   90.978917,    0.000000,    0.000000,    9.274400,119325.650776,    0.000000,    0.000000,   50.000000,    0.000000,    0.161000,    8.084717,    6.413677,    8.084717,   35.117714,   -2.631646,   35.848577,  -15.456677,    0.000000,    0.000000,    0.047705,    1.060234,    0.824055,    0.165061,    0.065343,    0.001689,    0.001721,    0.000000
2021-12-12 24:00:00,318672.169239,    0.000000,    0.000000,    0.000000,  544.320426,  544.320000,    0.000000, -249.898829,    0.000000,    0.000000,    0.000000,    9.272305,119280.217784,    0.000000,    0.000000,   50.000000,    0.000000,    0.161000,    7.230728,    5.890319,    7.230728,   96.150736,  -60.199720,  -17.860220, -121.941890,    0.000000,    0.000000,    0.038498,    0.874640,    0.748463,    0.011967,    0.071416,    0.001689,    0.001721,    0.000000
2021-12-13 24:00:00,318527.668530,    0.000000,    0.000000,    0.000000,  535.680426,  535.680000,    0.000000, -143.107091,    0.000000,    0.000000,    0.000000,    9.271106,119254.192258,    0.000000,    0.000000,   50.000000,    0.000000,    0.161000,    6.993137,    5.435405,    6.993137,   93.843955,  -34.499610,   -3.452243, -114.509291,    0.000000,    0.000000,    0.048150,    1.069027,    0.827465,    0.034379,    0.058971,    0.001689,    0.001721,    0.000000
2021-12-14 24:00:00,318414.668470,    0.000000,    0.000000,    0.000000,  527.040426,  527.040000,    0.000000, -111.888420,    0.000000,    0.000000,    0.000000,    9.270167,119233.840206,    0.000000,    0.000000,   50.000000,    0.000000,    0.161000,    6.952166,    5.005262,    6.952166,   93.620151,  -26.978207,    3.126079, -105.733734,    0.000000,    0.000000,    0.024921,    0.588065,    0.613717,    0.153188,    0.088762,    0.001689,    0.001721,    0.000000
2021-12-15 24:00:00,318347.155654,    0.000000,    0.000000,    0.000000,  518.400426,  518.400000,    0.000000,  -66.839644,    0.000000,    0.000000,    0.000000,    9.269607,119221.680705,    0.000000,    0.000000,   50.000000,    0.000000,    0.161000,    6.962648,    4.576000,    6.962648,   91.448938,  -16.119391,    0.316466, -102.653955,    0.000000,    0.000000,    0.006649,    0.165682,    0.325756,    1.430859,    0.067496,    0.001689,    0.001721,    0.000000
2021-12-16 24:00:00,318319.095708,    0.000000,    0.000000,    0.000000,  544.320426,  544.320000,    0.000000,  -27.778391,    0.000000,    0.000000,    0.000000,    9.269374,119216.626925,    0.000000,    0.000000,   50.000000,    0.000000,    0.161000,    7.787861,    5.395882,    7.787861,   90.760887,   -6.701195,    8.838257,  -77.939688,    0.000000,    0.000000,    0.021479,    0.512226,    0.572778,    0.352449,    0.050908,    0.001689,    0.001721,    0.000000
2021-12-17 24:00:00,318319.096135,    0.000000,    0.000000,    0.000000,  544.320426,  544.320000,    0.000000,    0.000000,    0.000000,    0.000000,    0.000000,    9.269374,119216.627001,    0.000000,    0.000000,   50.000000,    0.000000,    0.161000,    8.567767,    6.091271,    8.567767,   28.941777,    0.000000,   26.153778,  -19.690083,    0.000000,    0.000000,    0.018504,    0.445420,    0.534122,    0.695541,    0.060654,    0.001689,    0.001721,    0.000000
2021-12-18 24:00:00,318591.150130,    0.000000,    0.000000,    0.000000,  561.600426,  561.600000,    0.000000,   -3.196003,  272.541594,    0.000000,    0.000000,    9.271633,119265.625711,    0.000000,    0.000000,   50.000000,    0.000000,    0.161000,    8.434510,    6.676521,    8.434510,   24.685290,   -0.769676,    9.202284,  -31.198457,    0.000000,    0.000000,    0.024368,    0.575978,    0.607377,    0.698162,    0.054739,    0.001689,    0.001721,    0.000000
2021-12-19 24:00:00,318347.507061,    0.000000,    0.000000,    0.000000,  578.880426,  578.880000,    0.000000, -241.246430,    0.000000,    0.000000,    0.000000,    9.269610,119221.743996,    0.000000,    0.000000,   50.000000,    0.000000,    0.161000,    7.383429,    7.085186,    7.383429,   42.034926,  -58.127799,   -5.984174,  -75.053325,    0.000000,    0.000000,    0.051472,    1.134486,    0.852423,    0.014099,    0.058455,    0.001689,    0.001721,    0.000000
2021-12-20 24:00:00,318215.247208,    0.000000,    0.000000,    0.000000,  527.040426,  527.040000,    0.000000, -130.921250,    0.000000,    0.000000,    0.000000,    9.268511,119197.923129,    0.000000,    0.000000,   50.000000,    0.000000,    0.161000,    6.773408,    3.417138,    6.773408,   92.385985,  -31.576668,  -25.641824, -135.839783,    0.000000,    0.000000,    0.014931,    0.363433,    0.482467,    0.059653,    0.084049,    0.001689,    0.001721,    0.000000
2021-12-21 24:00:00,318117.179359,    0.000000,    0.000000,    0.000000,  518.400426,  518.400000,    0.000000,  -97.058445,    0.000000,    0.000000,    0.000000,    9.267697,119180.260466,    0.000000,    0.000000,   50.000000,    0.000000,    0.161000,    6.536182,    4.052096,    6.536182,   51.295151,  -23.425192,  -10.439494,  -76.336161,    0.000000,    0.000000,    0.010072,    0.248683,    0.399097,    0.199634,    0.075952,    0.001689,    0.001721,    0.000000
2021-12-22 24:00:00,317858.089719,    0.000000,    0.000000,    0.000000,  561.600426,  561.600000,    0.000000, -256.354376,    0.000000,    0.000000,    0.000000,    9.265546,119133.596722,    0.000000,    0.000000,   50.000000,    0.000000,    0.161000,    6.132998,    4.132054,    6.132998,   94.963585,  -61.909325,    3.675135, -110.646648,    0.000000,    0.000000,    0.011202,    0.275704,    0.420220,    0.063583,    0.070882,    0.001689,    0.001721,    0.000000
2021-12-23 24:00:00,317621.474529,    0.000000,    0.000000,    0.000000,  544.320426,  544.320000,    0.000000, -234.030203,    0.000000,    0.000000,    0.000000,    9.263581,119090.980774,    0.000000,    0.000000,   50.000000,    0.000000,    0.161000,    5.661896,    2.779928,    5.661896,   95.938481,  -56.569079,  -19.183542, -110.986624,    0.000000,    0.000000,    0.012985,    0.317934,    0.451257,    0.150296,    0.072489,    0.001689,    0.001721,    0.000000
2021-12-24 24:00:00,317552.195453,    0.000000,    0.000000,    0.000000,  527.040426,  527.040000,    0.000000,  -68.506039,    0.000000,    0.000000,    0.000000,    9.263006,119078.503158,    0.000000,    0.000000,   50.000000,    0.000000,    0.161000,    6.030440,    4.813167,    6.030440,   70.603426,  -16.561359,    8.840200,  -66.396286,    0.000000,    0.000000,    0.025053,    0.590920,    0.615205,    0.107805,    0.063376,    0.001689,    0.001721,    0.000000
2021-12-25 24:00:00,317543.235972,    0.000000,    0.000000,    0.000000,  561.600426,  561.600000,    0.000000,   -8.859336,    0.000000,    0.000000,    0.000000,    9.262931,119076.889497,    0.000000,    0.000000,   50.000000,    0.000000,    0.161000,    7.251507,    5.539911,    7.251507,   54.900576,   -2.141415,   42.778739,  -31.514625,    0.000000,    0.000000,    0.036732,    0.838265,    0.732734,    0.166270,    0.051253,    0.001689,    0.001721,    0.000000
2021-12-26 24:00:00,317528.874842,    0.000000,    0.000000,    0.000000,  527.040426,  527.040000,    0.000000,  -14.200101,    0.000000,    0.000000,    0.000000,    9.262812,119074.302963,    0.000000,    0.000000,   50.000000,    0.000000,    0.161000,    7.676841,    5.824345,    7.676841,   95.462590,   -3.425454,   30.492247,  -68.194387,    0.000000,    0.000000,    0.039951,    0.904264,    0.761032,    0.280755,    0.066671,    0.001689,    0.001721,    0.000000
2021-12-27 24:00:00,317492.337949,    0.000000,    0.000000,    0.000000,  509.760426,  509.760000,    0.000000,  -36.125192,    0.000000,    0.000000,    0.000000,    9.262509,119067.722429,    0.000000,    0.000000,   50.000000,    0.000000,    0.161000,    7.797473,    5.975460,    7.797473,   50.293433,   -8.718345,    9.953312,  -48.848105,    0.000000,    0.000000,    0.017965,    0.433153,    0.526715,    1.369662,    0.066306,    0.001689,    0.001721,    0.000000
2021-12-28 24:00:00,317480.459895,    0.000000,    0.000000,    0.000000,  535.680426,  535.680000,    0.000000,  -11.744063,    0.000000,    0.000000,    0.000000,    9.262410,119065.583113,    0.000000,    0.000000,   50.000000,    0.000000,    0.161000,    8.579205,    6.115340,    8.579205,   47.039669,   -2.832675,   26.481746,  -34.505447,    0.000000,    0.000000,    0.017033,    0.411898,    0.513630,    1.770111,    0.054236,    0.001689,    0.001721,    0.000000
2021-12-29 24:00:00,318184.020339,    0.000000,    0.000000,    0.000000,  604.800426,  604.800000,    0.000000,    0.000000,  695.879348,    0.000000,    0.000000,    9.268252,119192.298964,    0.000000,    0.000000,   50.000000,    0.000000,    0.161000,    9.009310,    6.250423,    9.009310,   20.386117,    0.000000,   18.603698,  -16.569129,    0.000000,    0.000000,    0.019714,    0.472734,    0.550255,    1.758286,    0.056181,    0.001689,    0.001721,    0.000000
2021-12-30 24:00:00,318245.239167,    0.000000,    0.000000,    0.000000,  639.360426,  639.360000,    0.000000,    0.000000,   60.590820,    0.000000,    0.000000,    9.268760,119203.324877,    0.000000,    0.000000,   50.000000,    0.000000,    0.161000,    9.801563,    6.380902,    9.801563,   34.336682,    0.000000,    7.268330,  -12.302042,    0.000000,    0.000000,    0.001450,    0.038067,    0.156146,   88.850249,    0.089264,    0.001689,    0.001721,    0.000000
2021-12-31 24:00:00,318242.917495,    0.000000,    0.000000,    0.000000,    0.000000,    0.000000,    0.000000,   -2.298028,    0.000000,    0.000000,    0.000000,    9.268741,119202.906729,    0.000000,    0.000000,   50.000000,    0.000000,    0.161000,    9.898427,    6.440227,    9.898427,   21.160361,   -0.552851,    1.329573,  -13.284922,   66.261909,    0.000000,    0.024503,    0.578940,    0.608937,    1.557685,    0.076152,    0.001689,    0.001721,    0.000000
